alloy_grade,coating_um,operating_temp_c,vibration_g,rpm,hours_in_service,prior_repairs,inspection_score,blade_length_mm,mounting_torque_nm,crack_detected
1,74.6,663.9,4.37,10159.0,11568.0,0,69.6,168.3,85.4,1
2,138.8,649.6,3.01,8305.0,939.0,1,93.6,179.1,97.2,1
3,167.6,671.5,4.05,8299.0,17657.0,0,85.5,164.8,77.1,0
1,134.5,650.5,1.76,9859.0,2578.0,1,83.3,176.7,88.8,0
2,103.6,579.1,2.63,8969.0,14447.0,1,79.9,206.1,89.1,0
2,140.1,619.8,4.46,10077.0,18385.0,1,87.6,181.5,99.6,0
1,135.8,665.5,3.61,10594.0,16095.0,0,73.7,175.3,97.7,0
2,139.0,631.9,4.7,9448.0,2720.0,0,75.1,195.6,100.9,1
3,112.1,597.1,0.87,9339.0,15463.0,1,85.8,177.6,86.7,0
1,124.2,616.7,3.49,11141.0,5988.0,0,72.1,189.7,101.6,0
3,126.3,598.8,2.18,9866.0,1907.0,1,84.3,201.4,80.2,0
2,118.2,619.2,3.1,8406.0,14639.0,0,100.0,183.9,94.5,0
2,127.3,665.3,2.14,8737.0,3956.0,0,64.5,192.4,98.3,0
3,151.5,653.4,2.4,8093.0,10674.0,1,90.6,163.4,100.2,0
1,134.3,509.5,1.75,8647.0,17623.0,2,76.4,177.4,97.5,1
2,134.3,621.9,3.32,9338.0,12656.0,1,84.6,166.4,83.7,0
2,130.0,649.2,4.42,8636.0,19135.0,4,78.6,190.3,96.1,1
2,141.7,647.6,5.11,9335.0,10188.0,2,87.7,167.8,84.4,1
1,71.5,648.0,1.47,10160.0,2345.0,0,75.6,207.2,101.6,0
2,127.6,661.4,2.81,9213.0,19152.0,0,90.2,178.4,85.9,0
2,135.2,652.6,2.31,10204.0,1832.0,0,85.5,185.8,88.6,0
1,118.0,628.4,4.0,9905.0,15373.0,0,79.5,191.2,104.6,1
1,175.1,578.0,3.55,10229.0,16944.0,0,92.8,183.6,110.7,0
2,133.0,568.3,2.75,10237.0,13140.0,0,77.1,169.5,101.0,0
1,98.7,560.6,0.57,9136.0,11279.0,1,82.7,185.5,90.2,0
3,130.3,658.6,2.97,10107.0,2756.0,1,71.6,178.9,96.8,0
3,134.9,648.7,2.59,10806.0,6248.0,1,88.3,172.8,110.3,0
2,75.2,568.9,3.48,9480.0,16638.0,0,71.2,177.6,105.4,0
1,123.3,643.3,0.93,9128.0,20967.0,1,95.8,186.8,92.3,1
1,118.3,672.8,1.8,10163.0,9569.0,0,92.8,193.3,109.8,0
2,112.7,681.1,2.61,9857.0,17992.0,2,82.5,186.7,88.4,1
1,198.2,665.7,2.76,8559.0,21813.0,2,76.6,177.0,95.2,1
3,100.1,624.3,1.65,9679.0,16792.0,0,95.8,193.7,105.0,0
1,99.2,636.8,1.13,10366.0,12542.0,1,70.5,166.5,108.9,1
1,149.8,682.1,4.18,9816.0,19518.0,0,80.6,190.9,85.9,0
1,150.4,537.9,1.76,9439.0,13511.0,0,83.4,202.3,82.0,0
1,106.9,618.8,0.85,10035.0,15519.0,0,82.9,173.8,95.5,1
3,116.9,643.7,1.29,9851.0,4125.0,2,66.3,176.1,112.0,0
3,160.2,651.5,3.56,9498.0,12861.0,2,54.4,170.0,100.1,0
1,117.2,662.0,3.24,9358.0,15580.0,0,81.8,167.1,76.8,0
1,151.0,636.1,3.99,11119.0,3271.0,1,88.6,196.9,74.2,0
1,144.0,674.9,2.09,9728.0,4366.0,1,88.2,179.9,81.5,1
1,143.7,708.9,3.13,9968.0,3658.0,0,73.9,157.1,102.4,0
2,86.0,756.0,3.13,11228.0,17655.0,2,89.3,187.0,98.7,1
2,138.4,585.3,2.46,11034.0,997.0,0,72.0,173.7,93.4,0
2,119.5,624.9,3.71,10088.0,14401.0,0,95.1,157.7,80.3,0
2,128.6,650.0,3.68,10229.0,18416.0,0,80.5,177.3,90.2,0
2,116.7,629.0,3.55,10698.0,2393.0,1,70.0,181.0,94.6,0
1,136.9,668.6,4.63,10400.0,13854.0,0,80.7,193.5,84.1,1
2,114.7,606.8,2.02,9247.0,15249.0,1,75.4,186.0,98.3,0
3,99.1,722.9,2.59,10227.0,21819.0,1,77.2,178.4,77.2,0
2,167.2,579.6,2.37,9629.0,20084.0,0,71.6,173.2,108.7,0
2,107.9,669.2,4.33,8890.0,20323.0,3,76.6,181.8,87.7,1
3,99.1,648.0,3.47,8545.0,22312.0,1,79.6,194.8,109.3,0
3,113.1,673.7,3.03,8735.0,13497.0,1,72.4,178.1,100.4,0
1,172.4,598.1,2.41,9947.0,13648.0,1,77.3,186.5,121.4,0
1,149.8,643.3,2.12,9337.0,3104.0,2,74.0,180.1,97.1,1
2,118.1,660.4,3.24,9926.0,18381.0,0,67.8,185.2,103.5,0
3,112.2,646.6,3.14,10136.0,9114.0,0,85.3,186.7,96.9,0
2,109.0,684.2,3.6,9811.0,13821.0,2,92.6,203.1,101.4,1
1,113.8,619.9,4.62,8764.0,18192.0,1,98.2,194.6,93.6,0
2,114.1,686.0,4.97,10100.0,12251.0,1,99.4,178.4,86.5,1
2,100.0,679.0,3.56,9610.0,6617.0,1,74.1,174.2,118.0,1
1,92.7,653.2,3.05,6338.0,2444.0,3,76.1,178.3,101.3,1
1,176.0,634.8,3.12,10523.0,5536.0,1,92.7,185.7,109.6,0
2,125.7,632.9,5.06,9052.0,16265.0,1,80.8,177.1,98.7,0
2,129.9,595.1,3.76,10057.0,22948.0,0,86.0,195.2,120.8,0
1,67.4,647.2,2.78,11171.0,14588.0,1,76.7,183.4,96.3,0
2,147.8,578.4,4.09,9840.0,8609.0,1,74.7,171.8,92.4,1
2,88.0,677.5,3.78,9444.0,9418.0,1,72.5,179.3,95.6,0
2,144.3,603.7,5.85,10674.0,8196.0,2,96.8,187.8,88.1,1
1,107.5,640.8,4.04,7565.0,10079.0,2,78.5,169.9,99.9,0
1,165.0,688.3,2.22,9694.0,16082.0,1,83.6,184.2,90.5,0
1,129.7,659.4,1.96,9559.0,23415.0,1,83.8,177.1,92.9,1
2,113.1,617.6,3.61,8812.0,23578.0,1,85.0,201.1,101.5,1
1,99.7,709.5,1.48,9751.0,22576.0,0,85.6,187.8,101.9,1
1,124.5,604.4,3.28,10361.0,2333.0,0,76.7,183.4,93.4,0
3,111.7,679.2,2.95,10264.0,22977.0,1,77.0,195.6,84.2,0
1,106.9,665.6,3.4,10424.0,1516.0,0,100.0,172.8,102.9,0
3,131.8,733.0,3.15,8036.0,599.0,0,83.7,182.6,105.8,0
1,222.1,652.1,2.54,10041.0,20559.0,0,81.7,179.7,114.4,1
2,126.7,608.6,3.87,10485.0,5401.0,2,76.9,175.1,98.6,0
3,151.3,630.2,2.26,9855.0,19734.0,0,71.3,192.4,89.3,0
1,95.9,626.6,1.18,8141.0,7688.0,2,95.3,176.3,96.9,0
1,146.6,669.6,2.28,9144.0,12200.0,0,60.9,210.8,86.6,0
2,154.1,606.4,3.29,9761.0,21960.0,0,79.8,209.1,102.3,0
1,146.3,611.7,2.7,9782.0,20872.0,0,81.1,193.8,81.9,0
3,103.4,657.3,2.2,9170.0,15199.0,3,81.0,180.5,84.5,1
2,101.7,638.0,2.52,9085.0,4078.0,0,100.0,157.9,88.0,0
2,107.5,583.4,4.17,10045.0,993.0,1,80.4,177.3,98.3,0
1,136.7,679.4,3.98,9475.0,820.0,0,79.6,165.9,93.3,0
1,165.8,522.2,4.34,10726.0,2186.0,0,86.3,196.3,106.4,0
1,111.3,664.7,2.96,8921.0,15789.0,1,83.9,173.2,81.8,1
2,127.0,646.3,4.34,8804.0,2015.0,0,84.9,165.5,107.9,1
3,95.0,686.5,3.64,9669.0,23657.0,0,80.1,193.6,95.4,0
1,149.6,622.2,1.48,9205.0,9714.0,2,79.1,183.6,125.8,1
1,120.8,661.3,3.14,8003.0,13280.0,2,96.3,184.3,110.0,1
1,121.5,609.8,4.27,9878.0,6628.0,0,87.6,162.4,90.1,0
2,76.7,651.6,4.48,8488.0,2730.0,1,86.8,182.8,96.0,1
2,180.1,627.9,2.39,8740.0,3163.0,1,92.1,184.6,80.1,0
3,215.0,681.3,1.88,9985.0,6127.0,1,95.6,179.2,87.9,0
1,136.7,692.7,4.7,9744.0,22853.0,0,100.0,184.1,85.5,1
3,121.0,678.8,3.57,8662.0,16640.0,0,82.1,178.3,103.4,0
2,40.0,641.3,5.67,10493.0,11377.0,0,76.5,187.5,92.6,1
2,110.1,626.3,2.03,7292.0,6683.0,0,68.7,169.4,116.3,0
3,101.1,577.7,3.43,9453.0,16127.0,2,91.0,174.1,98.2,0
3,122.7,621.1,1.98,9269.0,10373.0,1,70.5,177.8,104.7,0
2,133.7,666.4,3.24,8883.0,9242.0,0,80.2,159.3,83.1,0
2,193.9,589.3,4.16,9087.0,7062.0,2,83.9,166.9,98.7,1
2,72.4,631.1,3.99,9729.0,283.0,1,69.8,177.0,88.4,1
3,150.4,665.8,4.04,9748.0,9529.0,1,81.1,173.9,88.2,0
1,78.5,653.9,3.97,10876.0,2746.0,1,79.2,163.5,102.8,0
2,74.4,681.5,1.21,8591.0,2196.0,2,89.3,181.1,77.9,0
1,139.6,641.8,2.17,10089.0,986.0,0,82.0,183.9,108.0,0
1,95.1,618.8,2.28,9961.0,13411.0,0,75.2,181.6,97.6,0
1,127.8,674.0,3.01,10136.0,1960.0,0,77.1,168.3,107.6,0
3,148.4,587.0,1.56,9930.0,3938.0,0,77.7,192.6,93.2,0
2,63.9,660.0,1.51,10228.0,2355.0,1,63.5,183.8,85.3,0
2,140.3,624.9,5.22,9229.0,14053.0,0,79.0,159.3,106.2,1
1,114.6,603.5,3.37,10006.0,7881.0,1,70.9,169.9,94.0,0
3,86.4,637.4,2.5,10004.0,23446.0,0,73.8,177.4,82.6,0
3,140.5,646.4,3.68,10947.0,5884.0,0,85.1,195.4,86.3,0
1,76.8,643.9,3.18,10824.0,16695.0,0,84.9,170.7,97.0,0
2,48.7,736.6,2.18,9834.0,6385.0,1,80.2,187.1,86.8,1
2,52.6,634.3,5.18,9463.0,1909.0,1,92.2,202.3,81.8,0
2,110.2,620.9,1.58,9747.0,14683.0,1,95.1,165.0,102.3,0
2,120.8,624.8,3.38,9688.0,3287.0,1,85.9,178.1,81.4,0
1,144.6,657.4,1.98,10751.0,20888.0,0,74.1,172.1,93.6,0
2,84.1,611.4,2.45,10749.0,23864.0,0,78.6,188.3,96.4,1
1,179.0,678.4,4.32,9849.0,3185.0,1,80.7,180.0,100.3,1
1,179.2,684.4,4.69,10405.0,20217.0,0,71.3,167.7,104.4,1
2,107.0,646.2,2.97,8501.0,8063.0,0,71.2,169.3,94.6,0
2,123.6,677.4,3.78,10063.0,14646.0,2,84.9,164.0,94.1,0
2,144.9,620.2,3.71,9421.0,734.0,2,95.4,182.8,83.0,0
3,114.3,728.3,2.71,9487.0,21180.0,1,76.4,185.3,85.0,1
1,145.6,624.5,2.64,9727.0,21921.0,0,93.2,168.5,97.9,0
3,130.7,718.0,2.96,7816.0,17252.0,0,81.3,162.4,90.0,0
2,139.1,645.0,3.63,9136.0,9063.0,2,83.5,182.4,91.5,0
1,160.9,639.5,2.28,10572.0,20237.0,0,100.0,177.4,107.8,1
1,117.2,742.9,2.41,8336.0,13432.0,2,91.4,162.6,93.6,1
2,111.5,687.2,1.36,9680.0,20421.0,1,86.1,174.3,103.0,1
2,101.3,656.0,3.01,10667.0,14795.0,1,65.9,200.1,104.3,1
3,104.2,607.1,3.86,9204.0,2408.0,1,87.7,168.6,96.7,0
2,70.5,565.7,3.67,9755.0,23039.0,2,84.1,178.4,93.9,1
3,105.4,682.6,3.09,9588.0,16823.0,0,81.9,166.9,89.3,0
1,92.7,602.4,4.64,9965.0,7545.0,0,84.8,170.2,88.8,0
1,139.1,633.7,3.94,8191.0,22712.0,2,69.1,185.2,89.4,1
3,100.8,578.5,1.84,10592.0,8359.0,0,85.7,173.8,87.7,0
2,116.9,627.5,2.04,9693.0,16193.0,2,67.6,196.5,93.6,1
2,86.7,672.2,0.6,9174.0,14784.0,0,88.0,183.9,89.0,0
2,117.2,644.3,6.61,9599.0,21663.0,2,82.6,184.8,104.1,1
3,93.1,605.6,1.51,9913.0,19268.0,1,88.6,176.3,91.6,0
2,132.7,665.1,3.93,8307.0,21272.0,3,79.7,197.1,119.8,0
2,146.4,663.3,3.09,9010.0,14152.0,1,82.9,151.0,101.6,0
1,134.6,684.9,1.11,9318.0,15003.0,0,84.1,181.5,103.8,1
2,69.5,647.2,1.02,10334.0,8705.0,3,72.9,165.7,95.6,1
3,130.0,573.9,2.65,10240.0,20184.0,1,81.2,185.2,96.0,1
1,109.3,647.6,3.37,10848.0,23095.0,1,82.7,198.1,106.8,0
2,140.7,682.1,2.03,7858.0,12195.0,1,73.6,152.3,91.7,0
2,143.6,603.3,4.68,10525.0,10339.0,0,84.6,172.8,87.8,0
1,143.7,543.8,3.76,9072.0,10220.0,1,67.0,177.3,101.3,1
1,91.0,614.9,2.76,9149.0,13839.0,1,84.3,170.1,105.8,0
2,122.5,571.0,6.28,9301.0,3573.0,0,64.5,166.2,105.0,0
3,121.6,628.4,1.92,9816.0,7231.0,1,82.3,177.2,97.1,0
3,106.1,694.1,2.76,9259.0,11150.0,1,82.5,179.0,78.8,0
2,81.8,633.0,2.96,8997.0,14715.0,0,69.1,174.7,69.9,0
2,111.8,606.9,4.0,9962.0,1308.0,1,83.1,197.5,91.3,0
1,95.9,723.9,4.07,9413.0,1362.0,1,87.0,178.0,96.2,0
3,174.1,644.6,2.8,9496.0,4346.0,1,72.0,178.4,103.6,0
2,186.5,632.2,3.11,9075.0,23394.0,2,66.5,187.2,94.7,1
1,98.0,670.3,2.91,8399.0,18429.0,0,99.9,175.6,117.4,1
2,118.8,671.0,3.13,9828.0,5560.0,0,90.0,186.4,101.8,0
1,159.9,634.0,4.12,10822.0,19588.0,2,88.9,187.9,105.9,1
2,185.0,661.1,2.57,9321.0,22702.0,2,79.0,159.3,109.4,1
2,105.6,608.8,4.25,9102.0,7030.0,0,82.5,165.2,103.8,0
2,77.6,597.3,4.85,9731.0,19616.0,1,80.4,195.6,86.9,1
1,115.7,677.5,2.39,9078.0,7804.0,1,91.4,201.9,97.0,0
2,142.9,657.5,2.14,8805.0,6362.0,1,70.6,177.6,85.3,0
1,123.0,627.9,4.22,9512.0,7312.0,1,82.7,201.2,96.2,1
3,110.2,683.7,3.47,10528.0,17712.0,0,90.4,191.9,88.4,0
3,157.4,675.1,2.08,9394.0,22026.0,1,80.6,173.7,99.5,0
3,134.3,582.3,4.17,9302.0,13425.0,1,86.6,185.2,94.9,0
1,146.7,614.6,0.39,10381.0,21806.0,2,81.9,156.7,88.8,1
2,146.6,634.3,2.41,9496.0,20490.0,2,72.4,179.5,111.2,0
2,108.3,580.8,1.98,9774.0,22622.0,1,85.1,192.6,86.7,1
2,169.4,586.7,2.79,10350.0,22760.0,2,94.1,182.2,91.2,0
2,146.1,649.5,2.73,8882.0,21704.0,0,84.7,168.5,95.8,0
2,134.1,629.8,0.95,10092.0,11762.0,1,78.1,176.6,86.7,0
1,90.6,571.3,1.86,9235.0,1324.0,1,80.5,176.5,103.0,0
2,157.6,641.0,3.21,10526.0,2590.0,1,98.1,202.8,84.0,0
2,96.9,598.8,1.81,8399.0,9895.0,2,86.2,193.7,107.7,0
1,97.6,548.2,4.07,9989.0,21676.0,0,81.8,184.3,79.2,1
3,153.2,682.1,3.95,10038.0,21444.0,2,70.0,190.0,104.3,0
1,79.7,545.7,2.1,7237.0,5720.0,2,74.8,169.4,79.9,0
3,139.6,687.5,3.94,9571.0,10014.0,2,86.9,183.4,101.4,0
1,105.9,649.3,2.04,9661.0,11723.0,3,71.0,192.2,89.0,1
2,127.8,648.8,3.47,8758.0,1623.0,0,90.3,191.1,97.6,0
1,150.7,661.5,3.36,10353.0,11843.0,2,83.3,182.2,72.9,1
1,142.8,672.0,3.35,9360.0,7746.0,0,99.6,186.0,100.4,0
1,87.5,649.7,2.5,9366.0,17948.0,0,91.9,145.7,93.7,0
1,135.2,660.0,2.74,9397.0,23897.0,0,76.2,148.7,87.6,0
1,40.0,613.4,1.85,11530.0,18478.0,1,80.0,167.5,73.3,0
2,164.0,691.9,1.6,10590.0,12247.0,1,76.6,197.3,92.3,0
1,121.7,600.9,3.35,8027.0,13636.0,0,80.3,180.4,79.7,0
3,152.6,635.3,2.95,10249.0,5581.0,0,92.3,152.0,101.3,0
2,150.3,613.8,4.88,9639.0,13697.0,1,67.0,172.8,105.3,0
3,132.4,612.3,1.86,10907.0,17124.0,0,83.1,176.6,93.3,0
1,145.2,652.5,2.36,10213.0,12297.0,1,77.9,161.3,96.3,0
1,147.8,639.3,3.48,10576.0,4304.0,1,90.3,198.0,97.8,1
2,107.6,659.6,3.52,10749.0,5238.0,2,78.0,166.4,77.9,1
1,93.7,565.3,1.7,8425.0,2447.0,0,81.9,193.7,82.2,0
1,84.6,609.0,4.21,10339.0,16139.0,4,66.6,181.8,98.3,1
3,101.0,625.0,1.82,9468.0,15371.0,2,84.6,189.6,106.0,0
3,144.2,565.7,3.48,9605.0,16888.0,0,84.9,169.8,97.7,1
2,107.1,634.6,4.62,10211.0,22061.0,1,78.7,170.5,96.8,1
2,102.6,656.5,5.36,8353.0,12151.0,1,71.5,185.3,77.6,0
3,65.1,663.7,2.2,8687.0,9978.0,0,82.0,163.1,109.3,0
2,61.3,606.6,3.65,7134.0,4902.0,2,83.1,158.2,85.8,0
1,70.0,581.8,4.51,8945.0,11915.0,2,81.2,167.3,84.5,1
3,104.0,586.7,2.03,9095.0,16566.0,0,78.9,188.3,102.8,0
3,89.4,673.5,4.11,7790.0,22921.0,0,70.3,187.9,89.2,1
1,177.1,644.8,3.59,9185.0,13961.0,1,77.5,197.0,103.4,1
1,127.9,636.6,1.31,10206.0,18677.0,0,86.1,163.4,83.0,1
3,105.0,618.3,2.36,9081.0,15234.0,2,75.1,191.9,86.2,0
2,99.7,604.1,1.74,10126.0,12964.0,1,94.8,204.0,109.6,0
2,66.4,599.1,2.95,9975.0,8357.0,1,100.0,170.9,103.1,0
2,190.0,571.9,3.27,9294.0,14168.0,0,61.1,137.7,105.8,0
2,105.0,650.3,2.43,8739.0,22270.0,2,76.1,184.8,87.5,1
1,178.9,669.0,4.08,10667.0,2771.0,1,70.1,186.3,87.0,1
2,142.7,635.0,3.12,9246.0,19699.0,0,83.3,203.2,100.4,0
3,172.5,666.7,1.63,8111.0,5450.0,0,73.4,178.3,104.2,0
2,141.5,676.8,3.21,10588.0,7468.0,0,88.2,184.9,91.8,0
1,82.4,632.7,3.85,9308.0,15044.0,2,64.7,181.1,85.9,1
2,116.8,623.6,5.41,9060.0,3710.0,0,85.5,183.4,88.7,1
2,85.9,567.2,4.62,9866.0,19789.0,0,81.8,165.6,100.1,0
2,99.3,664.7,3.98,10222.0,10873.0,1,89.2,164.1,96.2,0
1,143.6,696.6,3.27,9292.0,2452.0,1,99.1,159.7,103.3,0
2,95.6,696.8,1.43,10384.0,5700.0,3,89.5,167.7,83.8,0
2,90.0,613.8,4.73,10052.0,18049.0,2,85.4,188.8,83.4,0
3,139.3,634.8,1.24,8498.0,3670.0,1,87.4,193.5,83.1,0
1,94.0,641.0,3.16,8323.0,21339.0,1,85.4,168.8,102.0,0
1,111.3,620.3,3.43,9204.0,1504.0,1,100.0,178.3,83.2,0
3,146.0,632.5,3.23,10908.0,10672.0,0,62.7,167.2,98.5,0
2,95.8,624.9,2.65,10320.0,17155.0,1,92.0,185.0,81.5,0
2,147.8,645.9,1.67,9543.0,20827.0,1,78.0,171.5,98.0,0
3,102.2,638.4,4.18,9687.0,4697.0,2,77.0,168.7,98.3,1
3,62.1,656.6,2.58,9910.0,20641.0,0,85.2,178.0,100.0,0
1,113.0,602.9,1.82,8656.0,7918.0,3,66.5,189.3,104.7,1
2,172.3,598.8,4.26,9275.0,2629.0,1,70.5,177.0,97.3,1
3,167.3,667.2,3.43,10543.0,11307.0,1,88.8,178.8,107.2,0
1,122.9,735.4,4.2,9225.0,13104.0,2,89.8,165.2,102.8,1
3,121.3,634.4,4.1,9751.0,8442.0,0,99.1,184.2,102.0,0
2,86.0,609.7,4.27,7255.0,19703.0,0,84.2,179.0,90.7,0
3,111.8,652.5,1.33,9457.0,23926.0,2,95.1,202.7,91.0,0
1,191.3,559.6,2.26,9482.0,12447.0,0,80.8,180.9,104.6,0
1,154.7,642.3,2.2,8975.0,5830.0,1,79.4,183.5,102.2,0
2,120.4,576.6,3.25,9159.0,12482.0,0,85.2,182.9,94.2,1
1,121.8,645.7,2.74,8937.0,999.0,0,100.0,170.9,94.3,0
1,40.0,635.0,3.52,8845.0,7041.0,0,77.5,178.0,100.3,0
1,113.2,709.1,3.93,9997.0,23859.0,0,84.2,181.7,101.7,1
1,164.0,603.8,3.8,10981.0,16341.0,2,84.9,187.2,93.3,1
2,104.9,687.4,3.02,10204.0,11768.0,3,81.7,195.0,80.8,0
3,129.7,583.4,3.44,9506.0,9851.0,0,75.1,172.0,91.7,0
2,134.1,691.3,3.22,10044.0,5114.0,1,86.2,167.0,97.8,0
2,99.5,550.2,3.02,9183.0,2303.0,0,77.2,174.4,99.6,0
3,151.2,624.7,3.89,10301.0,18831.0,0,85.1,185.0,93.5,0
1,160.7,626.6,3.84,9052.0,23018.0,1,85.1,170.4,101.8,1
3,159.7,623.9,4.38,10260.0,2217.0,2,83.3,180.5,105.1,0
2,101.6,578.9,3.11,9823.0,8449.0,0,86.2,191.0,89.4,0
1,97.2,612.4,3.21,8618.0,22667.0,0,77.0,183.5,101.5,0
1,96.2,689.1,4.19,10027.0,8326.0,1,99.7,178.2,102.2,1
1,113.0,653.2,1.41,9844.0,15829.0,4,78.8,203.9,90.7,1
2,134.4,623.4,1.81,10766.0,21392.0,0,80.2,172.9,94.4,0
3,128.4,616.7,3.3,9455.0,6457.0,2,86.3,200.5,96.8,0
1,158.7,663.6,4.32,9850.0,7535.0,1,71.8,179.3,112.9,0
3,115.7,634.3,4.16,8518.0,19622.0,2,90.7,189.0,90.1,1
1,106.0,630.8,3.78,11760.0,5696.0,0,87.6,189.8,94.5,0
2,75.2,553.6,2.78,10811.0,9138.0,2,67.7,183.3,100.8,1
1,103.4,647.5,2.41,8797.0,13499.0,2,73.7,164.6,102.6,0
1,90.2,627.0,0.92,9900.0,16037.0,1,87.9,175.8,86.0,0
1,86.0,577.5,4.0,11111.0,6397.0,5,100.0,179.3,96.1,1
3,84.3,614.2,1.42,9545.0,14474.0,1,79.2,193.9,91.8,0
2,69.6,654.9,3.85,9436.0,702.0,1,73.3,197.8,114.8,0
1,130.0,604.7,2.82,10017.0,20044.0,1,78.4,186.8,94.7,0
2,126.7,616.7,5.86,9872.0,18779.0,1,90.8,178.7,101.4,1
3,125.3,622.6,2.56,9980.0,6629.0,5,73.1,176.0,88.4,1
2,137.0,637.2,2.52,10053.0,12008.0,0,75.9,203.7,105.3,0
2,166.7,664.2,2.44,9710.0,17525.0,0,100.0,180.4,90.3,0
1,124.4,640.9,1.59,9659.0,15732.0,1,83.9,173.2,99.7,0
3,102.6,642.7,1.83,9105.0,20202.0,1,97.1,173.3,94.4,0
1,123.7,603.2,2.89,8314.0,8628.0,1,91.4,171.0,85.7,1
1,110.9,592.3,3.8,9305.0,17046.0,1,75.6,176.9,101.8,1
2,103.3,591.5,4.09,9784.0,2184.0,1,88.1,176.8,96.1,0
1,159.6,668.3,2.14,10462.0,15116.0,1,86.4,166.9,60.8,0
1,132.1,688.3,4.15,8892.0,567.0,1,90.6,180.5,76.8,1
1,113.8,614.7,4.5,11989.0,4999.0,0,93.1,195.6,79.3,0
3,101.9,738.4,4.48,9463.0,323.0,1,84.4,185.2,93.4,0
1,86.7,676.3,2.28,10175.0,4593.0,0,81.9,178.0,114.3,0
3,93.1,682.7,3.47,10743.0,7705.0,0,91.0,176.3,85.5,0
1,152.3,666.1,3.24,8801.0,15560.0,1,88.9,187.3,99.8,0
1,76.4,608.9,2.36,10973.0,9795.0,0,66.1,212.2,105.6,0
1,179.9,666.8,2.7,8669.0,18774.0,0,72.3,200.5,93.5,1
2,142.9,574.3,2.9,9675.0,7453.0,0,88.8,180.6,89.5,0
3,114.6,670.6,4.22,8582.0,1698.0,0,77.8,176.1,104.8,0
3,153.3,589.1,3.41,9561.0,23344.0,0,77.8,155.2,119.8,0
2,114.1,636.7,3.81,8888.0,5857.0,1,83.2,169.6,90.5,0
2,82.6,682.3,3.89,9114.0,15648.0,0,76.8,169.4,80.8,0
2,160.4,627.1,0.2,9920.0,12956.0,3,79.3,169.9,119.0,0
1,106.1,574.1,4.25,9935.0,5704.0,0,82.8,185.0,88.4,0
1,159.1,653.5,2.39,10124.0,13624.0,0,87.5,182.6,85.8,0
1,110.3,703.3,2.68,7811.0,22284.0,1,81.2,205.6,96.5,1
2,119.4,606.7,3.73,9666.0,19745.0,0,86.7,172.3,83.5,0
2,117.7,635.6,1.69,10290.0,17365.0,1,69.0,174.0,88.6,0
2,172.2,572.8,3.78,7382.0,5999.0,0,81.5,188.8,104.6,0
2,96.3,668.2,3.43,9598.0,21864.0,2,87.4,188.4,102.0,1
2,140.7,611.4,2.54,10333.0,22046.0,0,79.5,163.2,85.9,0
1,156.7,584.9,4.45,8143.0,9436.0,3,79.4,197.4,85.6,1
2,92.1,662.3,3.73,8162.0,15170.0,3,78.1,157.0,89.7,1
1,94.6,573.7,2.95,9387.0,8706.0,0,76.7,182.6,88.2,0
3,123.1,738.8,2.07,8955.0,8768.0,0,74.6,165.3,94.2,0
3,76.6,664.6,4.26,8524.0,7117.0,0,82.6,177.1,87.3,0
2,116.6,687.9,3.7,9758.0,4427.0,1,82.9,167.5,88.2,0
2,140.3,643.8,2.01,8106.0,13369.0,0,74.4,167.6,105.1,0
3,159.0,672.3,0.2,9673.0,79.0,0,88.7,179.5,104.5,0
3,122.8,626.3,3.62,9255.0,21030.0,0,90.3,203.2,100.4,0
3,97.9,674.0,4.56,8825.0,17869.0,0,59.3,175.3,111.1,1
1,123.6,616.4,2.7,8548.0,20925.0,0,77.2,195.6,97.9,0
1,142.7,651.3,3.61,8411.0,9675.0,2,96.6,196.4,104.1,1
1,130.5,676.8,3.34,7099.0,3905.0,2,86.6,178.1,92.2,0
2,86.2,691.2,4.36,9308.0,6326.0,2,100.0,174.1,103.3,1
3,82.8,659.1,2.2,10111.0,9322.0,1,70.1,184.5,89.7,0
3,121.9,613.3,2.77,10041.0,5356.0,1,76.1,195.8,84.4,0
1,139.1,604.2,2.46,10046.0,11006.0,1,74.1,187.6,105.3,0
2,149.6,605.5,2.49,9985.0,5989.0,0,80.8,185.0,91.2,0
2,105.1,570.7,1.14,9904.0,5957.0,0,87.9,168.4,94.4,0
2,169.4,666.4,4.13,10710.0,2502.0,2,72.8,171.2,99.2,1
2,169.6,610.0,5.31,8870.0,5945.0,0,84.6,170.1,92.6,0
2,140.9,669.0,2.96,8279.0,12224.0,1,88.5,161.6,108.1,0
2,136.8,634.1,3.49,10024.0,16700.0,0,93.6,187.1,85.0,0
1,84.8,699.7,4.0,9941.0,22766.0,0,84.7,195.8,95.2,1
1,119.9,676.1,4.05,10649.0,17376.0,3,73.9,174.6,108.3,1
1,150.7,717.7,5.96,9770.0,23423.0,1,70.8,198.3,106.9,1
3,132.9,625.1,4.38,7658.0,10145.0,1,70.3,216.2,94.7,0
2,146.4,668.9,3.63,9268.0,14969.0,1,73.1,192.9,86.5,1
2,111.1,616.3,2.58,9657.0,11791.0,0,84.3,173.8,71.3,0
3,78.9,644.0,0.82,8037.0,13990.0,0,80.2,190.8,98.4,0
2,163.0,641.8,2.91,9689.0,14142.0,0,81.3,188.9,102.8,0
2,136.8,625.9,6.08,8616.0,7215.0,2,85.5,185.2,96.6,1
3,104.6,630.8,4.18,9563.0,13010.0,0,85.7,188.4,109.9,0
2,131.5,639.0,2.93,11602.0,22425.0,0,78.2,184.2,91.2,0
2,115.4,692.4,4.44,8051.0,423.0,0,76.4,181.1,78.7,0
1,170.7,679.5,4.69,8815.0,23602.0,2,79.7,195.8,85.0,1
1,131.2,629.5,3.23,9017.0,9749.0,1,70.6,177.8,91.5,0
2,71.8,648.8,2.54,9535.0,22654.0,2,86.0,191.7,83.1,1
1,126.7,584.7,1.76,9097.0,12145.0,0,88.3,190.1,101.5,1
3,90.8,660.8,2.95,9503.0,1224.0,1,76.5,164.9,88.6,0
3,127.6,683.0,1.89,9271.0,14445.0,2,71.3,182.0,106.9,0
2,111.2,661.7,4.06,9266.0,23669.0,1,71.8,193.0,98.7,1
1,94.0,645.7,2.71,9897.0,12547.0,1,85.6,171.3,108.5,1
2,141.8,691.5,1.38,10885.0,9365.0,2,67.6,186.5,101.7,1
1,111.6,649.2,2.64,9840.0,9936.0,0,87.2,183.8,82.5,0
1,124.5,649.1,2.16,10467.0,10923.0,2,63.3,164.5,91.3,1
3,56.6,611.1,3.77,8231.0,3711.0,0,85.3,175.9,113.3,0
3,156.6,681.0,3.79,8815.0,20765.0,1,65.5,173.6,90.1,1
3,110.7,663.7,2.61,9544.0,13996.0,1,70.2,165.1,86.1,0
3,119.2,587.9,1.86,8401.0,11504.0,1,81.0,187.0,95.3,0
1,143.9,645.8,4.64,7842.0,442.0,1,80.1,191.5,98.6,1
3,98.4,635.5,1.85,9408.0,11408.0,0,74.8,182.3,71.3,0
2,172.5,671.2,1.48,11030.0,20226.0,3,89.0,181.2,91.5,1
2,138.2,712.5,3.74,10728.0,19886.0,0,84.5,176.8,98.7,0
2,93.8,731.4,3.72,9782.0,235.0,1,89.6,187.7,72.2,1
1,127.5,651.5,4.57,9956.0,13796.0,1,76.2,170.0,106.6,1
2,127.3,580.1,1.57,9567.0,14410.0,2,80.0,182.5,115.5,0
1,141.1,615.5,2.96,9530.0,11875.0,0,81.3,158.3,84.5,0
3,125.7,676.0,5.77,9973.0,17018.0,0,80.2,173.0,91.5,0
1,107.5,559.4,3.9,8664.0,3342.0,0,83.1,172.6,90.6,0
2,165.5,688.9,2.47,9229.0,19424.0,0,94.7,158.1,89.6,0
2,96.0,637.2,1.95,7343.0,19783.0,1,87.5,193.4,88.6,1
1,53.0,663.4,3.68,9804.0,12647.0,0,83.7,164.3,80.0,1
3,133.1,637.3,1.9,9271.0,13399.0,0,83.1,181.1,96.1,0
1,102.1,626.9,5.35,9048.0,22696.0,1,88.0,175.3,111.3,1
3,167.3,664.2,2.47,6980.0,17769.0,1,95.7,193.5,99.5,0
2,115.9,648.9,3.44,10679.0,20248.0,0,84.6,180.3,98.7,0
1,141.7,670.3,1.19,9570.0,316.0,0,88.3,195.9,101.6,0
3,103.6,656.5,3.65,9192.0,11170.0,0,80.7,168.4,87.7,0
1,128.5,566.4,2.14,9374.0,6154.0,1,65.9,183.5,102.9,0
3,90.2,678.0,4.36,8725.0,20341.0,2,78.5,178.8,87.6,1
1,101.4,570.1,4.12,9065.0,17547.0,2,86.2,175.6,84.8,1
2,94.4,705.5,0.2,10718.0,5049.0,1,92.6,183.0,111.8,0
1,121.1,697.9,2.86,8799.0,22890.0,1,91.5,167.8,98.8,1
2,82.7,601.7,4.57,8303.0,12604.0,0,66.9,180.4,97.9,0
1,78.2,698.7,3.36,9270.0,4333.0,1,85.6,188.4,101.4,0
2,164.9,545.9,1.78,8637.0,7774.0,0,74.1,177.4,93.5,0
1,98.8,638.4,3.16,11043.0,9581.0,1,75.0,184.1,78.3,0
1,138.1,580.9,2.85,9710.0,16970.0,2,68.7,182.4,75.4,1
2,89.7,750.2,2.42,10000.0,21578.0,1,89.7,171.8,85.7,1
1,181.5,620.9,4.35,8791.0,7952.0,2,86.0,156.7,93.1,0
2,162.6,633.3,4.06,10350.0,23789.0,0,74.9,186.3,95.3,0
1,83.7,639.6,0.2,9311.0,23628.0,0,82.9,175.3,90.5,0
3,116.1,611.1,5.42,10375.0,12072.0,0,78.0,186.2,90.2,1
1,92.7,621.7,1.62,7265.0,2094.0,3,80.2,171.4,95.2,1
2,128.9,547.9,2.59,9806.0,4291.0,2,64.7,173.1,99.1,0
1,92.5,639.0,1.51,10567.0,482.0,2,85.3,193.0,93.0,1
1,115.4,659.7,4.9,8426.0,13806.0,0,73.8,176.9,94.7,0
1,104.9,558.7,3.74,8057.0,17457.0,1,100.0,187.3,82.2,0
3,157.3,716.6,2.76,11062.0,19863.0,0,89.4,168.5,111.0,0
3,156.9,613.5,0.87,7622.0,22150.0,0,79.3,175.4,73.3,0
2,126.0,551.7,3.45,9821.0,4223.0,0,72.0,178.4,87.2,0
2,156.6,655.1,3.7,10260.0,8675.0,1,85.2,175.7,88.5,0
2,200.6,670.6,3.16,9874.0,1042.0,1,79.9,172.8,90.0,0
1,82.8,701.1,4.11,9136.0,7075.0,0,81.5,197.7,87.1,1
2,103.4,650.9,0.55,9558.0,538.0,1,79.9,171.3,92.3,0
1,82.1,652.5,5.07,9481.0,7511.0,0,72.3,173.1,95.4,0
2,95.3,674.9,1.43,9632.0,1793.0,1,92.5,154.4,115.3,0
3,109.7,651.5,3.3,9212.0,3092.0,2,97.7,184.6,84.8,0
1,58.3,529.4,2.46,10610.0,15994.0,0,80.9,186.2,87.8,0
1,71.3,629.6,1.17,8421.0,11313.0,2,100.0,160.1,81.3,1
1,40.1,606.7,4.29,8493.0,1672.0,2,95.5,158.1,94.6,1
1,134.4,590.9,2.54,10958.0,20875.0,1,79.9,183.8,102.0,1
1,128.5,642.2,4.12,7219.0,4740.0,2,89.8,183.5,79.7,1
3,130.1,629.4,3.5,11189.0,14470.0,1,76.3,178.2,81.6,0
2,85.9,620.7,1.85,10170.0,10941.0,1,84.9,196.0,115.4,0
2,138.6,581.7,3.8,10440.0,13186.0,0,80.6,171.4,88.4,0
3,73.4,613.1,3.39,9162.0,2453.0,0,82.4,146.5,90.1,0
2,118.6,622.2,2.28,9769.0,6396.0,1,75.7,188.9,90.5,0
1,153.5,634.9,2.96,9484.0,23587.0,2,78.5,163.4,92.1,1
2,99.4,647.1,0.66,9709.0,17922.0,0,93.1,191.3,81.4,0
2,121.7,639.4,2.01,10709.0,6262.0,1,84.5,181.8,94.3,0
2,132.4,651.8,3.05,8205.0,20021.0,1,79.2,196.8,89.0,0
2,113.7,670.2,2.23,8556.0,22326.0,0,80.0,176.3,98.2,0
2,58.6,659.7,4.71,8876.0,23282.0,1,81.1,174.5,80.8,1
1,137.0,642.1,3.13,9233.0,12519.0,1,64.1,180.8,96.2,1
1,129.0,576.0,1.96,9473.0,10326.0,0,86.7,185.8,84.3,0
3,122.5,651.4,1.79,10553.0,21952.0,1,78.9,174.2,89.9,0
2,108.4,638.1,4.63,10095.0,17060.0,0,81.4,188.2,95.2,0
3,121.1,627.2,3.71,9377.0,2229.0,0,85.3,187.4,91.1,0
1,145.2,694.2,0.2,9992.0,12393.0,2,100.0,173.2,98.8,1
2,116.0,627.3,2.58,8346.0,14095.0,0,91.2,159.2,85.7,0
1,118.4,704.0,3.6,9170.0,12913.0,1,91.8,205.5,85.8,1
1,92.8,655.2,3.94,9627.0,5930.0,2,68.7,198.3,101.0,1
1,100.7,647.8,2.3,7796.0,16574.0,1,78.4,181.7,88.9,1
2,118.8,655.1,3.58,8369.0,12004.0,0,86.8,182.5,82.8,0
1,140.2,666.7,4.27,9113.0,16676.0,1,70.0,183.4,101.0,1
1,146.5,677.3,1.9,9972.0,7713.0,0,85.3,191.1,90.1,0
1,163.9,748.7,2.5,9498.0,21558.0,0,87.4,164.6,102.7,1
2,179.3,571.6,2.26,9876.0,11120.0,2,80.0,179.9,87.6,0
2,117.5,613.1,4.59,11566.0,11704.0,0,72.6,190.9,77.7,0
1,169.2,700.5,1.73,8676.0,1299.0,1,82.7,184.5,73.1,0
3,128.6,683.9,3.73,9619.0,19777.0,1,88.4,180.4,107.5,0
1,99.5,694.2,2.61,8284.0,10942.0,0,82.5,176.7,111.7,1
3,143.9,659.0,3.93,9011.0,14144.0,2,78.3,208.3,82.8,0
1,176.3,594.7,3.55,8954.0,8053.0,0,61.8,177.8,97.5,0
3,143.2,702.2,3.32,8257.0,14563.0,1,72.9,179.0,103.1,0
2,92.8,690.8,1.38,9875.0,4131.0,0,79.6,182.9,117.9,0
1,161.1,621.1,4.84,8962.0,5116.0,0,82.8,180.1,92.5,0
1,120.5,617.6,4.48,9718.0,1597.0,5,80.4,185.5,102.9,1
1,111.5,610.5,3.19,8668.0,1845.0,1,80.7,174.6,102.4,1
1,102.5,630.7,2.72,9200.0,12520.0,2,85.7,167.8,102.1,1
1,182.8,702.1,4.17,10202.0,5495.0,0,77.3,172.9,104.4,0
2,122.8,643.0,3.33,9330.0,4472.0,0,85.4,184.9,111.9,0
1,186.1,669.6,2.17,9026.0,1970.0,2,97.8,184.8,93.7,0
1,96.2,642.9,2.14,8838.0,16769.0,0,89.3,191.1,102.2,0
2,117.8,659.7,3.89,9972.0,7867.0,2,90.9,176.5,85.1,0
1,131.4,645.6,3.72,10686.0,13242.0,0,87.3,156.9,79.7,1
3,107.8,607.6,2.29,9189.0,20871.0,2,95.0,186.2,97.0,0
2,151.8,672.6,5.57,10236.0,495.0,0,86.3,199.4,105.1,0
2,88.5,697.0,3.25,10576.0,17108.0,0,84.1,166.8,116.5,0
2,113.5,638.4,2.6,9208.0,2515.0,1,72.7,176.5,102.8,0
1,144.2,612.6,2.3,10665.0,20793.0,2,88.1,176.9,79.8,1
3,122.7,576.5,2.1,9241.0,17428.0,0,72.8,187.0,96.6,0
3,127.8,605.7,3.39,9251.0,4711.0,0,86.7,174.1,106.3,0
1,111.9,709.0,3.22,9274.0,1018.0,0,76.6,172.0,94.8,1
1,146.8,709.0,1.6,9488.0,16878.0,0,92.7,197.9,70.9,1
2,161.3,607.3,2.48,9509.0,21803.0,1,68.2,185.7,88.8,1
3,135.4,665.1,3.08,9510.0,18319.0,3,87.2,188.9,101.8,0
1,74.0,587.8,1.14,8901.0,9173.0,2,81.5,180.1,112.3,0
1,148.5,651.9,3.47,9773.0,13536.0,2,72.0,176.3,113.3,1
3,134.3,552.4,3.05,8550.0,8701.0,1,96.7,180.9,106.0,0
3,87.5,602.5,2.87,10249.0,19254.0,0,85.0,194.7,93.0,0
2,131.6,737.2,2.47,8053.0,19115.0,1,77.3,196.7,85.8,1
1,135.1,701.1,2.4,10620.0,18113.0,1,80.8,182.0,110.2,1
1,101.8,526.8,1.82,9077.0,4398.0,0,82.2,172.5,111.4,0
1,121.0,616.4,2.74,8686.0,6641.0,0,91.3,175.0,82.9,0
2,123.4,667.1,2.98,10404.0,1009.0,1,85.0,176.5,85.0,0
2,110.8,580.6,0.45,9769.0,19494.0,1,71.3,193.7,100.8,1
1,142.0,707.2,0.2,10076.0,7321.0,0,85.4,175.8,83.3,0
1,139.6,608.4,0.72,11138.0,7448.0,2,89.3,179.2,95.2,0
3,119.0,622.9,3.28,8998.0,6181.0,0,81.8,203.7,90.9,0
3,111.1,589.4,2.21,9765.0,2723.0,0,87.1,186.5,90.6,0
2,94.1,595.1,2.39,9696.0,2391.0,3,88.7,186.4,82.6,1
1,84.8,609.1,3.83,7996.0,445.0,1,87.4,175.9,94.3,1
1,102.6,541.0,1.72,7686.0,21400.0,1,81.0,191.1,84.0,1
2,126.1,614.7,1.42,7541.0,9321.0,2,81.0,194.3,101.5,1
1,131.7,665.9,2.55,10507.0,1248.0,3,74.9,170.6,97.6,1
2,124.9,678.0,2.23,8312.0,23210.0,1,70.7,179.7,95.4,1
2,162.3,630.0,4.04,9158.0,7459.0,0,93.9,182.9,83.3,0
1,96.5,643.5,2.89,10439.0,21879.0,2,100.0,154.3,98.7,1
2,126.5,610.6,4.16,10023.0,1463.0,1,74.0,181.7,89.5,0
1,44.8,556.4,2.13,8185.0,14826.0,1,66.6,176.4,108.7,1
2,51.8,550.7,3.76,10454.0,2994.0,0,87.0,174.3,88.7,0
3,86.5,590.7,2.32,10977.0,19029.0,0,71.1,164.2,83.0,0
2,110.6,635.6,4.41,9505.0,1916.0,1,88.6,180.7,89.4,0
1,89.9,676.8,1.01,8929.0,1344.0,0,94.8,176.6,102.2,0
2,156.6,693.6,4.49,11656.0,22268.0,0,100.0,179.9,99.9,1
1,68.0,649.9,3.63,10084.0,8540.0,1,84.7,180.8,83.7,0
2,74.3,653.0,5.12,9728.0,12195.0,0,61.8,206.1,92.7,0
2,93.9,644.6,3.51,8232.0,9173.0,1,79.9,175.7,96.4,0
3,126.7,604.4,2.52,11469.0,9329.0,0,84.0,164.6,97.1,0
1,128.9,596.4,2.16,10395.0,19820.0,0,78.3,145.0,99.7,0
2,113.5,637.4,3.75,8768.0,9612.0,0,85.6,161.3,101.2,0
2,113.4,602.7,4.38,8752.0,12962.0,0,99.1,180.0,106.4,1
2,115.7,662.6,2.15,9336.0,17271.0,2,100.0,165.8,123.1,0
2,151.2,722.5,1.95,9442.0,12259.0,2,78.4,159.8,86.3,0
1,96.0,664.5,4.28,8889.0,23820.0,0,75.2,183.3,91.3,1
1,123.2,671.1,7.47,8991.0,17481.0,0,89.7,182.1,113.3,1
1,138.9,700.7,0.41,9077.0,5696.0,0,75.0,213.4,97.8,1
1,118.1,632.0,2.85,9545.0,20175.0,3,79.5,191.4,98.9,1
1,148.1,582.7,1.9,9557.0,18126.0,0,78.0,179.7,93.7,0
1,139.4,670.5,0.2,10032.0,19290.0,1,73.3,197.6,87.2,1
2,131.2,593.1,2.54,9182.0,23872.0,0,88.3,188.0,76.6,0
1,94.7,647.3,2.54,9497.0,741.0,0,89.7,185.9,100.3,0
1,120.6,571.0,3.29,9779.0,18409.0,0,93.8,194.4,101.6,0
3,124.3,673.1,1.77,8730.0,2468.0,1,88.6,190.6,116.0,0
1,109.0,623.0,4.11,8414.0,14699.0,1,100.0,183.6,97.3,1
3,161.5,618.0,3.52,10429.0,14327.0,0,93.3,178.1,96.2,0
1,116.5,654.8,3.92,8699.0,20726.0,2,82.2,180.0,80.7,1
2,123.7,637.4,3.12,9738.0,21803.0,0,82.8,173.5,72.8,0
3,114.0,700.1,2.55,10409.0,10974.0,0,77.7,187.9,119.3,0
2,143.3,659.0,3.54,9067.0,14730.0,1,95.4,183.2,90.0,0
3,156.1,617.6,0.49,9608.0,10160.0,3,87.1,183.6,107.0,1
2,91.4,625.7,3.29,7550.0,5849.0,1,76.5,208.1,78.5,0
1,113.4,717.4,3.77,11227.0,11604.0,0,76.1,155.6,90.2,0
1,139.1,575.8,0.71,8375.0,23677.0,2,100.0,177.0,98.2,1
3,114.3,708.5,1.29,9603.0,4738.0,0,85.5,177.4,92.1,0
1,149.5,587.6,2.47,10135.0,23232.0,0,83.8,187.7,97.4,0
3,40.0,678.0,1.71,7302.0,23634.0,0,70.5,160.6,88.8,0
1,101.0,661.1,3.97,10364.0,23633.0,1,87.5,172.7,108.0,1
1,123.7,655.5,2.33,10455.0,15502.0,2,83.7,188.8,98.2,1
3,124.7,604.4,1.65,10757.0,19331.0,0,98.8,175.8,88.3,0
3,136.5,654.5,3.41,8873.0,18060.0,0,80.5,189.6,99.9,0
1,79.6,686.7,3.88,10677.0,17178.0,0,93.5,214.1,86.5,1
1,89.2,605.4,5.49,10206.0,8462.0,0,81.5,182.7,80.3,0
1,161.1,668.1,0.65,8975.0,930.0,2,98.9,181.3,122.1,0
1,121.3,571.8,2.65,9212.0,11473.0,1,80.8,184.2,99.3,1
1,84.4,688.2,1.3,10177.0,23953.0,0,72.2,186.0,90.9,0
1,80.2,603.9,2.91,8128.0,4061.0,0,75.9,154.5,89.7,1
2,86.9,604.7,3.17,9347.0,9686.0,0,78.0,168.8,89.4,0
1,106.5,749.2,4.38,9133.0,15455.0,1,90.0,178.0,66.1,1
2,109.6,641.9,2.7,8010.0,14235.0,1,97.7,168.2,107.7,0
1,119.5,601.4,1.43,9158.0,532.0,0,88.3,188.3,85.9,0
3,137.1,656.4,3.44,8866.0,3901.0,1,84.1,167.8,126.9,0
1,150.4,594.0,1.52,9110.0,15560.0,0,90.5,159.0,93.3,0
2,122.2,651.2,2.04,9534.0,10333.0,1,73.5,178.0,86.6,0
1,164.2,677.9,3.66,10399.0,20519.0,0,100.0,180.0,98.6,0
1,135.0,720.7,2.17,9497.0,19127.0,1,87.7,193.8,95.8,1
1,89.6,556.0,1.68,10765.0,2321.0,0,69.3,201.4,106.9,0
3,154.6,681.3,2.78,9335.0,21479.0,1,74.7,186.7,89.2,0
3,93.4,634.4,2.74,8000.0,10736.0,0,74.2,176.6,103.4,0
3,128.4,639.5,3.82,10912.0,14813.0,2,82.1,177.9,89.2,0
1,95.2,702.2,4.22,10566.0,2781.0,0,80.6,187.3,94.9,1
1,75.9,642.1,3.59,7562.0,18753.0,1,100.0,187.7,96.8,0
2,180.7,719.3,3.28,9595.0,350.0,3,82.2,189.2,104.5,1
1,96.7,595.0,1.62,9579.0,7837.0,0,80.2,178.8,100.9,0
3,118.7,643.1,2.41,8659.0,5116.0,1,77.0,167.2,80.6,0
2,123.8,627.0,3.8,8974.0,23926.0,1,80.1,166.2,87.0,1
2,129.1,673.3,2.77,11477.0,22664.0,0,65.4,155.1,91.3,1
2,151.2,709.7,3.44,9247.0,1404.0,1,84.4,177.4,97.9,0
1,130.0,628.2,3.03,10702.0,4896.0,0,74.8,189.0,98.1,0
2,81.5,586.2,3.34,9016.0,6248.0,0,76.1,188.0,87.9,0
1,74.7,697.4,3.51,10527.0,21300.0,0,76.6,176.8,93.8,0
2,117.2,615.3,2.24,10026.0,14611.0,0,80.9,175.6,106.8,0
2,114.9,659.5,3.02,8935.0,5345.0,0,61.4,178.8,99.0,0
1,127.4,693.6,4.44,8668.0,1130.0,0,71.8,181.0,74.4,0
1,82.9,590.1,1.44,9876.0,17729.0,0,93.3,184.4,104.3,0
2,124.1,681.2,2.38,9170.0,14827.0,0,74.5,166.6,96.6,0
1,163.1,646.0,2.95,9265.0,6122.0,2,86.3,200.3,99.7,1
1,127.0,660.3,4.61,9932.0,20937.0,1,86.2,187.5,106.8,1
3,112.3,673.6,2.79,9259.0,21109.0,0,84.8,173.3,112.2,0
1,109.0,622.3,4.01,9422.0,4785.0,2,83.5,211.2,72.6,1
1,134.6,602.6,1.66,10333.0,23410.0,1,63.4,181.7,88.9,1
1,152.0,657.4,3.24,10053.0,17954.0,1,94.2,170.0,89.6,0
2,95.7,730.7,3.15,10256.0,12818.0,3,72.2,189.5,97.3,1
2,67.3,676.0,2.05,9146.0,11077.0,0,80.0,180.7,108.9,0
1,140.0,595.4,4.56,9549.0,5068.0,2,95.7,171.7,97.3,1
1,122.6,644.1,2.5,9132.0,6998.0,2,89.3,169.9,92.2,0
2,119.1,698.8,3.42,8718.0,14372.0,1,81.4,190.6,110.0,0
2,154.5,610.4,4.3,9353.0,3265.0,4,73.9,171.8,109.6,1
1,100.7,630.2,4.36,9546.0,22625.0,0,78.5,173.3,81.6,1
2,108.3,649.0,2.28,9354.0,5037.0,0,95.9,175.9,90.2,0
3,125.3,642.7,2.03,8814.0,7144.0,3,93.5,152.5,80.8,0
2,96.9,708.4,1.77,9892.0,12962.0,0,74.6,197.2,87.6,1
1,120.7,670.7,2.18,10290.0,42.0,0,78.7,191.8,102.3,1
2,113.1,675.3,3.33,7832.0,21317.0,2,70.5,188.0,91.7,1
2,115.0,543.9,3.33,11378.0,5143.0,1,100.0,185.2,94.2,0
2,128.6,590.4,1.1,9518.0,18312.0,0,76.0,178.0,80.2,0
3,47.8,658.6,4.04,8734.0,18485.0,1,65.1,166.8,123.7,0
1,95.3,626.0,1.87,8396.0,9349.0,1,75.4,185.1,81.8,1
3,115.7,725.7,3.84,9288.0,4039.0,1,98.7,155.2,85.4,0
3,138.5,631.3,4.52,9021.0,19064.0,0,78.7,190.8,74.8,0
1,118.3,653.9,5.11,8255.0,20911.0,2,78.5,177.6,93.7,1
1,156.0,643.8,4.38,9281.0,16036.0,2,90.8,159.7,106.6,1
1,148.8,609.3,3.33,8463.0,21177.0,1,93.2,182.1,74.3,0
2,96.1,727.0,2.72,9687.0,2063.0,0,85.3,170.2,106.3,1
2,106.7,696.4,3.25,8076.0,9229.0,0,81.3,175.2,74.2,0
3,99.9,618.8,1.99,10945.0,299.0,2,83.4,192.7,82.2,0
2,94.3,694.3,4.68,8992.0,21227.0,2,75.4,179.3,93.5,1
2,107.9,669.8,2.34,9436.0,11318.0,0,57.3,174.7,117.0,0
1,75.9,624.3,2.32,8310.0,7985.0,1,79.6,185.6,107.4,0
1,75.3,642.9,2.69,10603.0,946.0,1,74.7,191.6,99.8,1
1,135.0,638.2,4.34,10670.0,7548.0,2,83.1,168.6,102.1,0
1,84.7,621.3,2.67,10122.0,21313.0,0,90.3,189.8,101.4,1
3,125.9,575.0,3.73,10166.0,11995.0,0,59.4,185.2,80.2,0
1,158.1,612.3,3.98,9887.0,8220.0,1,61.8,169.7,80.3,1
2,95.0,679.3,2.33,10281.0,13124.0,1,94.3,180.6,97.4,0
1,124.4,739.9,1.08,9481.0,1820.0,1,94.9,171.8,96.1,0
1,69.6,653.6,4.45,9651.0,17678.0,0,84.1,159.4,97.9,1
2,140.2,705.5,4.42,8988.0,13818.0,0,81.6,196.2,81.3,0
1,128.3,652.5,2.66,9511.0,18195.0,3,95.2,190.5,81.4,0
1,83.1,631.8,4.58,9816.0,11207.0,3,79.4,186.8,103.0,1
3,142.3,640.6,2.0,8920.0,21263.0,0,87.1,164.6,94.8,0
2,100.4,610.2,3.44,9243.0,7791.0,1,87.2,171.2,90.0,0
2,86.5,599.1,1.08,9448.0,3171.0,0,80.7,168.9,93.7,0
2,128.9,702.7,3.59,9081.0,2854.0,0,74.5,161.5,100.2,0
3,148.4,699.3,3.09,9186.0,16972.0,0,93.9,182.4,96.1,0
3,112.5,637.5,4.0,9239.0,22653.0,0,73.7,174.9,92.5,0
3,87.4,643.7,3.38,10032.0,1716.0,1,77.8,178.8,79.4,0
1,136.5,682.9,2.65,9581.0,2720.0,0,61.0,180.8,94.7,1
3,81.1,698.2,3.62,8848.0,17351.0,1,80.1,184.4,88.9,0
1,128.2,699.1,3.82,10352.0,7622.0,0,61.2,197.1,94.8,1
1,102.4,603.0,3.76,8821.0,12948.0,0,87.0,177.0,98.4,0
2,136.5,690.9,2.88,9327.0,6231.0,0,64.0,184.9,100.6,0
1,91.2,601.8,1.85,11981.0,21999.0,1,87.7,174.8,84.0,1
3,110.5,641.9,3.24,10624.0,18654.0,0,91.2,189.9,86.1,0
2,101.5,691.4,0.83,9278.0,7520.0,0,90.0,193.7,97.2,0
1,167.4,737.5,4.03,10083.0,2017.0,1,85.8,192.5,102.5,1
1,151.1,686.3,2.84,10919.0,10854.0,1,70.1,178.2,100.2,1
1,157.3,637.8,2.67,8877.0,21299.0,3,70.6,190.6,77.1,1
3,111.8,638.3,1.32,8133.0,6110.0,0,77.9,178.8,88.9,0
2,79.3,631.8,2.55,9796.0,15232.0,3,94.8,194.6,113.0,0
1,119.5,698.7,3.81,9051.0,20109.0,1,94.3,171.7,115.3,0
2,103.8,644.7,5.1,8935.0,5432.0,1,71.0,175.2,104.4,1
2,102.0,648.9,5.82,8564.0,23502.0,1,87.8,186.5,91.5,1
3,60.8,597.2,3.89,10199.0,3170.0,0,83.2,202.2,96.7,0
2,128.0,557.3,0.53,10321.0,5414.0,1,80.8,201.4,94.7,0
1,83.0,602.3,4.45,8959.0,20023.0,0,61.3,190.0,68.7,1
2,110.4,643.9,1.41,9262.0,19171.0,1,85.7,184.3,104.9,0
1,88.3,567.4,2.5,8087.0,11347.0,0,92.9,189.0,95.2,0
2,126.1,587.2,1.25,9172.0,3498.0,0,72.4,158.7,99.0,0
2,114.7,628.3,2.5,10229.0,1227.0,0,77.3,168.2,85.3,0
2,125.0,621.6,2.57,10152.0,17222.0,1,83.9,183.5,103.9,0
2,103.9,567.1,3.38,9402.0,9079.0,3,81.9,167.5,92.5,0
2,115.4,614.8,0.94,9180.0,5578.0,0,73.2,166.9,95.0,0
3,111.0,604.1,2.16,10094.0,19911.0,0,82.0,174.4,105.0,0
1,150.7,683.5,5.09,10032.0,8964.0,0,89.8,189.7,87.8,1
2,106.3,672.1,3.19,8787.0,3287.0,1,76.0,176.8,96.1,1
2,98.8,532.3,2.9,9511.0,22313.0,0,89.5,164.9,85.0,0
2,138.0,629.5,1.44,10188.0,20676.0,2,75.4,162.1,106.1,1
3,98.3,649.1,2.57,6436.0,3430.0,0,91.6,173.3,104.9,0
3,100.4,659.0,2.95,9426.0,15754.0,0,69.7,193.6,85.8,0
3,157.0,620.9,4.21,9300.0,20894.0,2,76.4,162.0,83.8,1
3,116.1,694.3,2.35,8464.0,17148.0,1,89.4,206.1,116.7,0
1,176.8,640.9,2.51,10832.0,2231.0,0,76.1,180.5,97.4,0
1,175.7,602.5,3.97,8190.0,9303.0,0,81.0,190.0,92.0,0
1,161.0,564.9,5.6,10731.0,6193.0,1,78.4,184.0,115.3,1
3,110.5,663.1,2.72,11102.0,13872.0,1,80.2,170.4,101.4,0
1,91.4,586.0,3.65,8785.0,18525.0,0,71.6,176.1,98.7,1
1,83.7,592.2,3.06,10326.0,15583.0,1,86.5,180.7,89.2,0
1,115.6,664.7,2.41,10069.0,19281.0,0,80.2,190.4,94.6,0
2,172.9,703.4,2.84,9135.0,19888.0,1,81.8,188.5,104.7,0
2,113.9,694.9,1.51,8424.0,11530.0,0,99.6,190.9,102.3,0
1,74.3,712.8,3.98,8436.0,13694.0,1,94.1,200.3,104.1,0
2,124.7,666.7,3.56,7952.0,15456.0,1,86.5,185.6,106.7,0
3,88.7,659.7,3.82,10076.0,4573.0,0,82.7,177.0,104.0,0
1,176.4,634.2,3.94,8632.0,752.0,0,100.0,180.6,108.4,0
1,183.7,551.9,2.49,8895.0,4953.0,1,91.1,181.8,112.1,0
1,165.6,621.6,2.62,8547.0,18358.0,2,100.0,170.1,114.0,1
2,188.7,651.0,1.6,10057.0,8477.0,0,81.1,177.2,93.3,0
2,155.7,610.5,3.0,8840.0,4263.0,2,72.5,176.2,98.5,0
3,98.9,621.7,3.73,7743.0,7293.0,0,65.9,174.9,95.0,0
3,144.9,679.5,3.69,9678.0,5872.0,0,92.9,178.1,129.8,0
1,158.2,650.2,2.87,10218.0,16895.0,0,84.5,182.0,85.9,0
1,126.2,611.0,1.78,11504.0,18936.0,2,66.4,168.3,99.9,1
2,83.2,624.6,3.44,10492.0,20274.0,0,81.9,177.9,104.2,0
3,143.1,590.7,3.23,10652.0,21211.0,0,88.8,179.0,99.9,0
3,125.3,657.7,2.18,9564.0,9266.0,1,74.9,191.5,101.4,0
3,120.2,563.3,2.42,8814.0,16557.0,1,84.2,173.2,83.0,0
1,72.4,535.7,3.94,8501.0,636.0,0,70.7,174.8,91.7,0
1,107.0,591.8,3.05,9864.0,2.0,0,91.9,175.3,89.7,0
1,105.0,731.9,4.56,9024.0,5587.0,1,90.5,176.7,87.4,1
1,169.1,691.4,2.04,9639.0,23425.0,0,91.4,175.8,90.9,1
1,112.0,708.6,1.47,9968.0,1816.0,0,96.7,169.9,88.9,0
1,134.6,641.2,2.14,11255.0,9281.0,2,85.5,191.7,112.2,0
1,110.7,612.8,5.14,10687.0,22579.0,0,92.5,207.1,88.1,1
3,105.5,665.5,3.47,9773.0,3356.0,0,94.4,186.4,95.1,0
3,99.9,641.4,2.33,10547.0,22740.0,0,80.6,177.8,87.4,0
2,46.3,677.5,2.32,10475.0,13132.0,1,78.3,173.1,94.6,0
1,126.7,680.3,1.88,9712.0,22389.0,2,82.9,165.1,82.8,1
3,139.0,668.9,0.86,9694.0,3888.0,0,74.3,195.6,96.5,0
3,103.4,632.5,2.87,9418.0,23785.0,2,83.7,168.7,100.1,0
1,159.9,664.6,1.92,10201.0,1074.0,1,88.3,177.7,84.9,0
1,135.5,602.4,4.35,9516.0,22001.0,1,84.5,180.7,88.7,1
2,123.0,654.2,4.5,8860.0,5033.0,2,78.7,182.7,120.4,1
1,94.9,645.2,3.68,10470.0,7568.0,1,70.1,178.7,94.1,0
1,124.3,573.1,3.72,9779.0,17029.0,1,87.3,183.4,93.2,1
3,151.8,726.0,2.25,9443.0,20110.0,1,98.3,191.2,96.6,0
2,105.5,658.2,3.64,9730.0,10556.0,0,71.2,169.5,77.7,1
2,132.3,638.3,2.96,8176.0,15696.0,0,71.2,190.4,105.9,1
1,153.3,692.2,2.4,9890.0,4783.0,2,76.6,180.1,88.1,1
3,97.7,549.3,3.02,10685.0,23518.0,1,80.2,186.4,100.9,0
1,128.6,614.2,0.98,7625.0,5182.0,2,65.5,167.0,89.0,1
1,101.8,689.9,3.13,7635.0,12132.0,1,76.8,178.8,107.0,1
2,120.0,614.5,1.27,10622.0,15331.0,1,80.4,173.0,100.1,0
2,162.8,661.9,2.48,8826.0,13645.0,1,85.4,169.4,80.8,0
2,107.6,625.9,2.99,8890.0,4984.0,1,85.7,160.7,82.8,0
2,117.7,663.4,3.66,9598.0,6699.0,1,89.9,204.7,104.8,0
2,110.2,610.6,3.3,8994.0,13166.0,3,78.2,188.0,105.6,1
2,72.1,710.5,1.65,9450.0,13831.0,1,94.8,195.9,100.5,0
2,99.9,684.6,3.86,7353.0,20874.0,1,78.5,183.6,102.2,1
1,122.2,641.1,2.9,9205.0,250.0,1,94.2,169.6,86.8,1
2,120.0,631.9,4.4,9466.0,5895.0,0,84.4,176.0,94.2,0
1,74.8,647.9,4.45,10778.0,208.0,1,73.4,189.9,109.1,1
2,164.1,642.5,1.23,8159.0,14515.0,0,75.7,187.5,92.6,0
1,79.4,671.8,2.74,8378.0,2047.0,0,72.8,191.2,80.7,0
2,68.7,672.1,2.72,7780.0,9824.0,1,78.6,168.7,96.1,0
1,164.2,656.0,2.54,9274.0,2409.0,2,76.4,187.5,90.6,0
2,119.6,584.0,2.24,6987.0,9676.0,1,94.9,178.1,107.4,0
1,90.3,633.1,2.58,9664.0,10225.0,1,88.8,201.0,106.2,1
3,116.1,684.3,2.1,9350.0,3820.0,3,70.7,185.8,107.8,0
2,60.8,565.3,3.03,8980.0,13326.0,0,87.5,189.0,90.2,0
1,126.5,649.8,4.05,10118.0,23042.0,1,89.2,175.6,89.8,1
1,92.5,662.1,2.34,9342.0,2859.0,1,73.5,159.1,98.3,1
2,138.0,608.7,4.9,10173.0,4937.0,1,67.2,163.9,93.6,1
2,106.9,651.4,3.06,9786.0,2480.0,4,78.9,167.0,84.6,1
1,89.2,621.8,3.48,8439.0,4419.0,3,92.7,185.1,84.8,1
3,87.2,677.8,2.75,10882.0,12201.0,1,83.9,172.7,104.3,0
3,100.5,581.8,4.11,9190.0,20219.0,1,80.4,188.8,90.5,0
1,75.7,620.3,3.05,10314.0,5779.0,0,92.6,167.2,89.2,0
2,117.0,639.3,3.4,10020.0,17608.0,0,77.7,160.6,73.1,0
2,109.0,596.3,2.19,8838.0,21385.0,0,72.9,174.9,78.6,0
2,153.9,615.2,3.12,10126.0,13193.0,1,81.9,176.2,101.4,0
1,160.9,569.4,3.94,11072.0,13838.0,1,85.2,162.8,96.9,0
2,161.8,681.8,0.55,10832.0,23828.0,1,91.2,181.2,109.3,0
1,111.8,691.5,3.07,10789.0,16703.0,0,73.7,172.9,104.8,0
1,120.3,660.9,1.81,9057.0,18098.0,0,87.7,174.5,92.4,0
3,146.7,658.2,5.04,8697.0,22888.0,1,88.2,179.6,91.1,0
2,120.6,624.9,1.59,8554.0,18261.0,0,81.9,175.3,92.3,0
2,100.6,645.8,2.39,10815.0,6289.0,0,79.3,180.3,86.7,0
1,148.9,606.4,3.06,9295.0,15569.0,0,73.3,170.6,91.7,1
1,105.5,628.8,2.41,9453.0,22623.0,1,79.9,175.0,95.0,1
1,139.7,577.8,2.82,8577.0,6934.0,2,86.3,170.5,100.2,1
1,144.8,558.8,2.55,8728.0,11542.0,0,75.9,188.7,111.1,0
2,129.4,638.1,3.36,8656.0,10302.0,3,70.1,172.8,79.5,0
1,82.8,652.0,2.71,9400.0,23802.0,0,88.0,181.2,103.0,1
1,106.8,653.5,4.84,9358.0,5108.0,0,81.6,161.5,105.7,1
3,61.6,660.1,0.68,10083.0,17562.0,1,87.1,172.9,99.3,0
1,100.8,595.9,2.67,9704.0,9891.0,0,82.2,212.3,100.9,0
2,127.1,726.5,3.24,8302.0,8691.0,0,78.6,179.7,92.4,0
2,127.4,595.8,3.25,9801.0,19532.0,1,74.1,201.0,97.9,0
2,150.6,643.1,4.88,9731.0,7269.0,0,83.2,184.2,107.6,0
2,155.2,677.6,2.96,10464.0,18532.0,2,83.9,171.7,88.9,1
2,105.0,664.9,1.95,10462.0,6026.0,0,98.8,184.6,100.3,0
2,90.6,608.3,1.09,10643.0,8745.0,4,93.4,186.3,78.5,0
1,123.1,674.1,2.26,11339.0,15160.0,1,96.1,170.1,69.2,1
1,134.6,564.7,4.42,10712.0,12887.0,0,59.4,164.8,87.5,0
2,119.8,624.0,0.71,7098.0,2921.0,1,70.6,180.8,93.8,0
3,159.3,663.4,1.54,9000.0,18544.0,2,68.2,154.2,84.1,0
1,128.0,669.9,4.58,8966.0,14204.0,1,75.9,165.1,100.1,1
2,146.8,704.3,3.19,10574.0,6878.0,2,86.7,186.5,77.0,0
1,170.4,648.0,2.21,8850.0,14941.0,1,73.2,160.1,103.0,1
2,149.1,704.9,3.38,8708.0,20908.0,1,72.4,167.1,83.9,0
1,154.4,601.8,2.5,9983.0,17516.0,2,65.5,183.7,97.1,1
1,67.6,608.0,3.35,9953.0,20587.0,1,86.0,194.9,96.2,1
1,141.6,631.4,3.16,9475.0,11579.0,0,75.9,186.8,105.6,0
3,87.5,649.0,2.05,11059.0,6383.0,3,89.5,185.8,73.1,0
1,47.8,691.9,2.25,9486.0,14425.0,0,100.0,178.5,82.0,0
2,85.9,581.3,4.34,10899.0,21435.0,1,100.0,161.8,107.7,0
2,142.4,659.7,3.61,10828.0,15207.0,0,82.7,186.1,98.9,0
1,158.5,606.4,2.69,10791.0,646.0,0,90.6,173.8,86.1,0
3,120.2,620.6,4.07,10236.0,20858.0,0,76.6,152.3,96.3,0
1,114.2,601.0,3.84,9232.0,5405.0,1,86.5,172.6,85.9,0
2,83.4,709.5,2.18,9954.0,13337.0,1,65.9,173.7,99.1,0
2,80.8,697.2,5.17,10830.0,3403.0,0,64.0,175.4,95.5,1
3,162.8,678.4,2.76,10818.0,778.0,3,69.6,178.5,83.7,0
3,160.0,604.4,4.11,10961.0,21068.0,0,90.8,156.8,77.5,0
1,160.7,566.9,2.09,10784.0,18575.0,1,66.8,169.9,83.2,0
2,84.1,679.4,2.83,10102.0,1454.0,1,89.5,179.5,101.3,0
3,157.7,567.6,1.82,9598.0,22590.0,0,58.3,185.8,82.9,0
3,147.1,639.6,1.82,10914.0,11748.0,0,94.5,177.9,100.3,0
2,88.2,624.5,3.67,9713.0,16333.0,1,80.0,192.9,78.8,0
1,134.5,686.7,3.67,9222.0,23876.0,0,84.4,185.6,102.7,1
3,105.9,689.7,3.89,8139.0,1138.0,0,75.9,177.0,89.0,0
2,87.9,679.5,3.24,7394.0,20389.0,2,64.5,148.0,91.7,1
2,57.6,702.1,4.29,9686.0,15487.0,0,83.0,174.8,90.8,0
1,132.0,641.4,3.46,8410.0,12824.0,1,89.8,179.5,103.1,0
2,142.7,596.4,3.94,9932.0,15912.0,1,71.8,189.5,101.9,0
3,81.4,652.1,2.35,8854.0,3590.0,1,93.3,172.4,101.5,0
2,83.1,727.3,2.72,9545.0,18336.0,1,78.4,180.0,105.7,1
2,129.7,640.4,2.9,9073.0,3066.0,1,77.9,181.5,114.7,0
3,71.6,719.4,5.74,7625.0,20127.0,1,86.0,200.0,91.4,1
3,138.2,633.4,1.49,9031.0,8105.0,0,93.8,176.9,84.2,0
2,133.0,596.6,3.92,9046.0,21549.0,2,97.2,175.7,89.2,0
1,106.1,609.7,3.79,9237.0,9087.0,1,89.8,187.2,106.0,0
1,87.6,546.6,2.77,8590.0,11072.0,0,80.7,202.0,104.8,0
3,165.2,690.6,3.31,10645.0,15222.0,1,85.8,166.5,75.5,0
2,138.8,646.8,2.64,9464.0,14670.0,0,81.9,194.9,112.7,1
1,108.0,612.4,1.07,9328.0,13908.0,0,84.0,183.7,104.1,0
1,113.0,625.3,1.68,8332.0,12055.0,0,79.9,201.5,106.0,0
3,132.7,667.1,3.57,9296.0,5522.0,1,77.7,179.3,102.9,0
2,123.6,682.0,3.61,8973.0,22027.0,0,73.1,164.7,95.1,0
1,127.5,674.5,4.22,9401.0,7488.0,1,85.6,176.4,107.7,1
1,114.4,697.6,2.63,8456.0,18.0,2,89.6,189.1,108.0,1
1,79.4,529.7,5.28,10966.0,21439.0,2,77.1,176.2,98.0,1
2,89.6,631.4,2.08,10354.0,5258.0,0,80.8,180.6,93.8,0
2,151.3,609.4,3.03,10038.0,8157.0,0,64.8,182.0,93.7,0
2,106.1,619.7,0.5,10013.0,15003.0,0,73.3,191.7,75.7,0
1,142.1,566.1,2.54,9397.0,3003.0,1,87.0,179.9,107.8,1
3,138.9,656.6,3.35,7825.0,11652.0,0,84.0,182.6,86.8,0
1,75.1,589.0,2.08,8733.0,16457.0,1,83.1,202.2,95.9,1
2,157.5,625.9,3.24,8885.0,17149.0,1,72.0,162.9,95.3,0
3,91.8,645.4,0.35,10238.0,3017.0,0,79.9,179.2,111.8,0
1,109.9,651.0,4.44,9097.0,22122.0,1,88.1,184.3,99.7,1
1,91.0,576.5,2.15,9006.0,22744.0,1,79.7,178.1,94.4,1
1,99.7,633.6,4.59,9954.0,423.0,1,85.3,177.7,90.3,0
2,172.4,645.2,2.36,9777.0,18640.0,0,87.2,193.7,101.0,0
2,149.5,659.6,3.9,9734.0,543.0,1,79.3,166.2,87.7,0
3,91.7,648.6,1.38,10770.0,20551.0,0,87.5,164.6,75.6,0
1,140.9,585.6,4.44,10739.0,14858.0,1,67.8,159.4,95.8,1
2,106.0,611.4,3.07,11404.0,19700.0,0,96.1,182.6,96.5,1
3,154.9,694.6,3.72,8804.0,9268.0,1,95.6,175.8,83.3,0
2,166.9,619.3,3.24,10002.0,19401.0,0,79.7,192.9,98.1,0
2,82.2,623.7,2.81,9005.0,11527.0,0,87.7,183.7,83.2,0
2,73.8,683.0,4.19,9472.0,23555.0,1,85.9,196.8,93.1,1
2,82.6,624.2,3.06,10583.0,13282.0,1,70.9,177.6,107.7,0
1,128.1,599.9,3.87,10095.0,23026.0,0,69.0,180.6,84.2,1
2,91.1,643.6,3.07,10185.0,5131.0,0,75.9,164.5,86.0,0
1,176.4,715.0,4.96,9403.0,14522.0,0,68.8,179.8,77.9,1
1,143.5,691.0,4.73,9150.0,19163.0,0,73.7,179.5,112.6,1
1,121.7,726.2,1.49,7957.0,21959.0,0,88.0,169.2,98.6,1
1,133.3,585.6,3.43,8654.0,17953.0,0,76.4,188.9,103.2,1
1,110.3,615.4,3.84,8908.0,7567.0,1,83.2,188.3,91.0,1
1,93.3,586.5,4.35,8794.0,15914.0,0,61.8,187.1,77.4,0
2,85.6,645.0,3.02,9869.0,15346.0,0,78.3,175.7,88.1,0
2,110.2,684.9,4.86,11093.0,8882.0,1,73.7,188.4,83.3,1
1,127.4,685.3,2.89,10787.0,9574.0,4,84.2,175.0,103.6,1
3,68.2,428.6,3.58,11115.0,12037.0,1,88.7,187.9,88.2,0
2,67.0,665.2,3.08,9393.0,11078.0,1,78.6,170.0,69.5,0
2,122.0,636.6,3.94,8294.0,6422.0,0,80.2,177.0,103.4,0
1,147.7,572.0,3.36,7355.0,6245.0,1,76.1,183.1,84.2,0
2,89.2,527.8,3.23,9698.0,20583.0,0,64.2,177.6,98.3,0
2,105.9,595.8,3.18,9235.0,22701.0,3,76.0,186.8,83.5,1
2,91.5,620.5,3.64,9512.0,20843.0,2,71.6,172.7,82.8,1
1,105.6,598.0,3.76,9639.0,18180.0,0,95.1,164.8,86.0,0
1,90.7,678.5,3.05,8236.0,5539.0,1,66.7,184.7,97.5,1
2,81.7,583.8,1.95,9308.0,11655.0,0,86.6,169.9,98.3,0
2,147.3,592.7,5.54,8751.0,10792.0,1,87.0,186.1,87.0,0
2,168.4,752.6,2.99,9595.0,653.0,0,85.8,184.9,97.2,0
2,106.3,554.2,1.8,7261.0,12838.0,0,72.7,190.6,96.0,0
1,153.6,692.3,3.14,9784.0,4918.0,0,87.4,172.9,96.0,0
1,79.3,681.5,1.24,8939.0,14339.0,0,90.5,166.5,81.4,0
3,119.5,722.3,4.74,10087.0,2298.0,1,99.0,187.8,96.8,0
2,86.4,652.5,2.57,11665.0,23041.0,0,81.6,174.7,80.4,0
2,110.3,637.4,2.22,8738.0,19325.0,1,63.9,192.9,94.1,1
3,97.4,662.4,2.63,8518.0,23404.0,2,83.2,173.9,105.4,0
2,102.5,586.6,2.41,8958.0,3799.0,0,74.2,171.1,84.6,0
3,106.0,622.1,3.55,10786.0,1473.0,0,78.3,166.6,99.5,0
2,102.0,647.6,4.43,8816.0,4630.0,0,94.1,179.9,94.7,0
1,127.8,744.3,3.86,9842.0,3533.0,1,80.8,155.2,117.2,1
1,129.4,650.0,2.11,10950.0,3588.0,1,84.2,171.0,82.4,1
3,128.1,598.8,3.45,10465.0,19679.0,2,79.2,178.9,112.6,0
1,125.2,675.8,3.73,8365.0,22566.0,0,73.0,168.9,84.2,0
1,71.9,663.1,4.51,8102.0,7874.0,0,86.4,175.5,100.4,1
1,125.5,654.2,3.74,9682.0,6712.0,0,82.0,185.1,97.6,0
1,94.2,663.3,4.08,8786.0,6582.0,2,67.9,188.1,91.9,1
3,83.1,683.3,3.08,9444.0,19672.0,0,80.3,187.4,75.0,0
1,140.2,614.7,2.82,9869.0,5915.0,1,92.7,178.4,88.8,1
1,140.4,607.9,2.3,9599.0,11242.0,1,86.6,197.0,96.3,1
1,136.5,661.0,3.28,10180.0,7407.0,0,81.7,175.7,101.8,0
1,124.1,754.5,3.49,7778.0,2033.0,0,100.0,178.0,112.9,0
3,148.6,598.8,2.99,8624.0,18816.0,0,84.4,172.7,101.0,0
1,119.9,640.8,4.08,10157.0,3221.0,0,84.9,182.5,116.1,1
2,142.1,608.7,3.4,11556.0,15167.0,1,83.7,168.5,89.1,0
1,114.9,621.7,0.58,10744.0,9373.0,0,87.1,179.9,96.0,1
3,130.5,627.4,2.03,8496.0,13393.0,1,100.0,155.1,95.1,0
1,151.5,605.5,1.27,9369.0,18778.0,2,79.2,196.6,99.9,1
1,149.5,682.4,2.24,8533.0,20640.0,0,75.2,160.1,97.5,0
1,147.5,631.6,1.21,8271.0,23273.0,2,76.1,175.5,91.8,1
3,153.8,601.8,3.89,10032.0,6127.0,0,81.8,195.3,79.1,0
2,69.2,568.7,3.27,7629.0,16376.0,0,84.7,190.1,87.4,0
2,101.3,696.5,3.79,11351.0,13290.0,1,78.6,203.4,78.1,0
2,120.0,586.1,1.91,8776.0,19359.0,2,83.4,194.8,90.9,1
1,71.0,627.5,1.84,9870.0,18761.0,0,72.3,192.1,75.9,0
2,103.9,571.4,2.87,8371.0,15625.0,2,84.5,203.6,88.2,0
1,108.4,606.9,3.73,8902.0,3192.0,1,73.1,184.3,104.5,1
3,90.8,648.8,4.73,9876.0,17221.0,0,87.8,173.6,96.2,0
1,83.9,669.4,4.0,10119.0,13984.0,1,84.8,173.3,99.9,0
3,138.2,601.1,2.55,10684.0,12033.0,1,84.8,168.7,89.8,0
1,80.1,685.5,2.49,9901.0,19623.0,1,73.0,183.7,97.2,1
1,161.5,590.7,2.71,9884.0,17975.0,0,73.9,181.1,100.9,1
3,170.3,652.4,3.34,9794.0,8679.0,0,82.5,171.4,84.3,0
2,123.0,668.8,3.31,9772.0,4639.0,1,88.7,169.4,87.7,0
2,98.8,587.7,3.79,9396.0,8112.0,0,92.0,161.9,77.9,0
2,100.0,625.3,3.02,9306.0,23183.0,0,84.4,164.2,95.1,0
1,113.0,552.4,5.43,9509.0,16202.0,0,72.9,179.5,88.1,1
2,152.1,647.3,1.44,9675.0,7598.0,1,64.2,196.3,83.8,0
1,167.9,605.4,3.84,9073.0,8893.0,0,83.6,183.5,94.7,0
1,121.5,599.0,2.53,11060.0,4669.0,1,79.4,174.8,97.9,1
2,121.6,607.9,3.87,9199.0,23400.0,0,81.8,178.4,86.2,0
3,110.2,616.1,3.5,8533.0,22203.0,2,100.0,173.1,99.4,0
2,182.7,580.8,3.12,9115.0,13214.0,1,93.4,178.4,93.6,0
3,95.7,655.3,3.25,7644.0,6328.0,0,78.7,164.0,97.1,0
3,111.5,688.3,1.78,10037.0,10633.0,1,98.9,154.7,101.0,0
2,135.5,646.2,3.66,10695.0,19031.0,0,74.9,185.8,91.5,0
3,96.0,631.1,1.26,8947.0,151.0,2,62.7,193.4,91.1,0
2,161.0,616.1,5.08,8045.0,12643.0,0,91.3,163.0,92.6,1
2,158.8,650.4,2.67,8500.0,12637.0,0,71.1,190.3,92.0,0
3,89.2,632.7,2.29,9778.0,22499.0,2,97.4,181.3,80.6,0
3,115.7,627.9,1.77,8619.0,1552.0,0,84.5,180.3,107.9,0
2,65.2,687.9,3.26,9495.0,10570.0,0,64.4,193.4,95.9,0
3,174.6,710.9,1.76,9882.0,4932.0,0,70.5,200.4,107.3,0
3,111.7,707.9,3.44,8437.0,18915.0,1,74.0,169.4,83.4,1
1,123.3,675.5,3.14,9212.0,22520.0,0,68.6,182.0,100.5,1
1,125.1,599.9,2.78,9089.0,8417.0,2,88.7,165.8,95.0,0
1,117.5,642.6,4.62,9763.0,10911.0,1,88.3,191.0,104.8,1
1,137.6,543.5,2.35,10407.0,2173.0,1,64.8,138.8,94.3,1
1,152.1,658.8,3.6,8773.0,11259.0,1,86.4,197.6,82.9,0
2,123.0,668.3,2.89,9616.0,416.0,2,76.6,195.0,100.4,0
1,146.6,609.2,2.03,9622.0,3979.0,1,89.8,173.2,112.6,0
3,128.3,663.9,3.6,8551.0,20777.0,0,82.4,176.9,90.7,1
1,113.0,576.3,2.98,7943.0,13379.0,0,79.9,176.9,104.2,0
3,147.7,745.3,4.18,10249.0,5267.0,1,89.2,186.7,88.3,0
2,143.9,657.1,2.02,9470.0,14042.0,1,71.9,188.7,92.5,0
2,113.9,609.6,2.05,9781.0,19976.0,2,79.8,178.3,76.7,1
1,170.6,584.6,3.09,10035.0,3790.0,1,78.8,185.3,105.7,0
2,110.3,650.7,2.33,10105.0,22258.0,2,78.9,155.8,105.5,1
1,152.7,694.6,2.38,9199.0,19918.0,1,83.2,160.4,95.6,1
1,114.7,691.7,3.16,8129.0,21099.0,0,74.6,201.1,83.2,0
2,156.3,636.4,2.24,10198.0,20037.0,0,93.0,161.2,100.3,0
3,112.7,604.2,3.28,7479.0,19521.0,1,72.6,185.6,88.4,0
1,142.7,579.2,2.77,8264.0,2767.0,0,68.6,180.8,92.1,0
2,94.9,627.8,4.77,9816.0,8295.0,1,71.0,185.3,106.9,0
1,160.7,645.4,1.5,9186.0,18291.0,0,89.3,154.1,98.1,0
1,131.7,536.2,1.75,8808.0,18592.0,0,64.5,187.2,109.3,1
1,135.2,672.2,4.4,8265.0,12460.0,0,82.8,179.1,98.9,0
2,150.9,593.3,4.93,9617.0,4364.0,0,74.7,194.4,104.3,0
1,72.2,638.7,5.75,9909.0,6752.0,0,80.2,184.9,100.7,1
1,152.3,613.2,2.64,11198.0,914.0,0,79.7,188.5,107.3,0
3,97.6,704.8,5.4,9127.0,12727.0,1,71.2,190.8,100.4,1
2,127.8,655.0,2.93,9967.0,19500.0,0,89.1,161.2,96.9,0
2,139.4,689.7,4.64,10615.0,3449.0,1,81.2,164.4,74.2,0
2,187.1,654.3,3.66,9757.0,17374.0,0,71.2,187.5,99.9,0
2,79.4,690.3,2.79,9416.0,6302.0,1,77.9,200.7,85.8,0
2,83.7,717.7,1.95,9689.0,20588.0,2,60.4,171.6,108.5,1
1,162.6,547.6,1.48,9626.0,11228.0,0,92.9,181.4,87.4,0
2,76.8,630.8,2.74,10136.0,13156.0,1,80.7,182.3,97.2,0
1,116.6,705.0,3.5,9568.0,21528.0,1,57.8,173.8,95.9,1
2,102.9,674.1,1.28,9990.0,20805.0,2,78.0,163.0,91.5,1
1,87.6,651.6,1.47,9736.0,5523.0,1,81.4,163.8,94.9,0
2,145.1,619.0,1.73,9424.0,1154.0,0,64.9,173.6,83.7,0
3,154.8,648.9,2.43,7943.0,15387.0,0,77.0,181.7,91.1,0
1,155.1,628.2,2.63,8890.0,16423.0,0,89.1,180.2,104.1,0
1,130.3,623.7,2.61,10693.0,22230.0,1,85.6,187.3,96.3,0
1,127.9,656.7,3.26,8146.0,9786.0,0,82.6,157.6,105.5,0
1,145.3,607.7,3.85,8976.0,19969.0,0,89.9,179.8,107.5,0
2,135.5,645.4,4.96,9459.0,11814.0,2,97.6,171.4,97.3,0
2,162.7,624.9,1.99,9334.0,16040.0,0,73.7,162.5,93.1,0
2,119.7,613.8,3.64,9184.0,5517.0,0,80.4,169.1,99.3,0
3,101.4,644.7,2.86,8577.0,12140.0,4,81.8,183.2,97.9,1
1,136.7,656.2,4.41,9744.0,4884.0,1,79.4,186.1,124.2,1
3,76.0,724.7,4.2,8355.0,21524.0,2,78.4,177.2,103.5,1
1,141.6,669.4,3.39,9289.0,2442.0,2,80.3,166.6,95.4,1
1,157.0,644.0,0.2,8087.0,18798.0,0,92.0,189.1,116.2,0
2,127.2,684.6,1.59,9285.0,4288.0,0,77.0,180.3,93.8,1
2,101.1,624.2,3.11,9600.0,12327.0,1,93.4,197.4,91.8,0
3,115.2,585.3,3.56,9081.0,1494.0,2,88.1,184.3,90.0,0
3,89.5,600.6,3.24,8740.0,22692.0,1,80.2,182.0,86.8,0
1,77.8,703.2,4.58,8371.0,22765.0,1,78.9,171.2,83.9,1
2,115.7,599.2,4.36,8375.0,20311.0,0,85.4,158.6,91.5,0
1,140.8,627.9,1.21,10239.0,15702.0,3,82.2,184.5,93.2,1
1,104.3,677.1,2.78,8783.0,11205.0,0,72.1,196.6,99.0,1
1,95.1,712.7,2.76,11745.0,21864.0,1,85.6,173.3,96.9,1
2,96.1,605.6,0.2,9376.0,21988.0,2,81.7,166.2,99.1,1
3,158.3,658.7,3.37,8779.0,19390.0,1,78.9,172.5,105.5,0
3,114.2,656.7,2.43,11491.0,6109.0,2,74.5,175.9,108.6,0
2,82.6,627.7,2.09,11092.0,17649.0,1,92.1,170.3,98.0,0
3,135.9,647.4,3.39,9776.0,18787.0,1,71.8,205.1,101.3,0
1,123.5,677.7,4.83,9883.0,21166.0,0,87.6,179.8,85.2,1
1,117.0,674.1,2.79,8923.0,16253.0,0,89.6,184.6,94.9,0
1,128.3,683.2,3.05,9120.0,4625.0,1,97.2,172.2,86.1,1
2,104.7,594.4,2.16,9499.0,2189.0,0,78.5,188.6,104.3,0
3,138.8,618.7,3.29,11305.0,17691.0,1,72.3,191.1,112.7,0
1,131.4,698.8,3.07,10396.0,10278.0,1,82.3,161.5,76.5,0
3,123.4,652.5,1.85,10824.0,694.0,2,77.3,193.9,92.1,0
1,166.7,591.3,0.2,9858.0,21564.0,0,75.9,174.7,86.7,0
2,118.6,595.9,3.65,9300.0,21480.0,1,83.0,185.8,96.2,0
1,124.0,625.9,2.48,9783.0,17517.0,0,86.1,180.1,110.9,1
1,129.5,610.6,5.08,8538.0,22398.0,1,68.6,177.1,79.3,1
1,102.7,636.9,3.73,9171.0,22528.0,1,87.5,162.8,94.6,1
2,146.3,705.9,1.78,8039.0,14257.0,1,87.8,192.8,86.2,0
2,155.0,634.0,3.52,9126.0,8887.0,3,95.7,185.0,101.9,0
2,130.8,698.5,2.69,9579.0,21402.0,0,69.4,185.6,79.9,1
3,94.3,650.0,4.15,8143.0,12246.0,1,69.6,173.4,89.2,0
2,109.0,623.5,1.41,9525.0,18099.0,0,80.8,197.2,102.7,0
2,120.5,624.2,3.3,10070.0,20394.0,1,91.9,192.3,86.5,0
2,167.3,698.9,3.09,10087.0,1990.0,0,78.3,202.1,92.1,0
3,134.9,656.6,2.96,9149.0,3546.0,1,80.4,208.4,97.1,0
2,129.7,664.6,4.27,12658.0,12676.0,1,95.3,192.5,98.8,0
1,114.8,667.2,2.32,9935.0,13200.0,1,97.8,181.2,94.4,0
1,121.0,634.4,2.14,9728.0,2184.0,0,86.7,200.1,103.2,0
2,153.0,636.6,4.35,10200.0,11207.0,1,76.3,183.0,86.9,0
3,160.0,716.9,3.17,9223.0,20397.0,0,70.9,170.8,98.2,1
3,114.2,708.6,3.83,10763.0,629.0,1,81.9,181.1,97.3,0
3,162.9,699.3,2.01,10472.0,20711.0,1,92.4,171.3,93.9,1
2,157.5,676.0,1.71,9045.0,616.0,0,89.9,177.4,96.2,0
3,154.6,625.4,2.03,8806.0,21851.0,0,79.6,179.8,110.0,0
2,147.6,678.0,1.87,10845.0,18245.0,1,81.9,195.1,72.9,1
2,117.6,577.6,3.16,9689.0,21090.0,1,82.2,186.4,95.3,0
2,89.4,644.4,4.18,11132.0,186.0,1,75.0,180.8,90.6,0
1,134.7,622.2,3.52,10251.0,6979.0,0,96.9,172.6,84.7,0
3,76.6,627.3,3.4,9798.0,15689.0,0,71.1,198.6,87.5,0
3,130.2,621.5,2.0,8057.0,23254.0,0,77.8,189.8,110.8,0
1,125.7,662.4,4.13,8048.0,22859.0,1,82.8,168.5,91.4,1
2,125.4,720.0,3.41,9721.0,18709.0,0,81.5,192.4,101.5,0
1,137.6,603.2,3.46,9115.0,20770.0,2,75.4,156.5,104.6,1
1,84.7,663.6,0.42,7554.0,4613.0,2,72.1,169.9,103.6,0
2,71.7,612.4,4.3,9431.0,15481.0,0,70.8,187.5,90.4,0
1,158.8,658.4,3.79,9927.0,22021.0,0,80.6,163.1,90.1,0
1,137.1,662.3,3.16,9054.0,22329.0,2,72.0,183.6,82.2,1
2,148.3,636.1,2.59,8944.0,5864.0,1,86.0,173.5,75.9,0
2,119.0,626.1,3.22,9121.0,7852.0,0,62.6,186.2,98.6,0
2,123.6,629.7,2.26,9238.0,14163.0,2,94.1,200.5,102.6,0
3,119.4,582.2,3.5,8036.0,5017.0,1,69.5,192.6,93.7,0
3,111.9,639.3,2.66,9834.0,1451.0,1,71.8,167.1,94.6,0
3,87.0,640.9,2.35,9963.0,10663.0,1,82.6,178.7,103.3,0
1,96.1,664.1,0.58,10038.0,17507.0,1,74.0,176.9,87.9,0
1,102.2,704.7,2.25,10483.0,15790.0,1,86.5,181.7,97.8,1
3,123.2,670.8,3.54,10173.0,12043.0,1,92.2,165.3,98.4,0
1,128.0,606.7,2.33,7992.0,11215.0,1,64.9,170.9,89.6,0
2,135.1,594.9,0.83,8235.0,414.0,0,69.8,190.7,104.4,0
2,149.5,602.7,0.62,9719.0,19426.0,0,74.2,180.4,94.5,0
2,128.3,672.5,1.94,7894.0,22975.0,0,85.2,191.2,93.8,0
2,113.7,668.7,4.55,10022.0,10044.0,0,68.4,187.2,85.2,1
1,92.9,667.8,1.31,9678.0,22834.0,1,96.4,172.6,92.7,1
3,119.1,559.4,3.61,9568.0,11407.0,1,86.9,172.3,99.8,0
2,81.9,604.1,1.8,10293.0,16637.0,0,70.6,176.5,78.5,0
1,94.7,719.5,1.63,8168.0,1529.0,0,84.7,182.8,94.2,0
3,111.9,677.5,3.05,9300.0,14037.0,0,91.4,172.5,106.1,0
2,159.6,719.6,2.8,9933.0,9193.0,2,86.5,168.9,104.3,0
1,105.9,606.4,4.59,9034.0,8533.0,2,88.6,181.3,80.1,0
2,150.1,571.7,3.49,10108.0,15624.0,0,100.0,184.0,96.8,0
1,82.7,584.0,0.2,8195.0,23487.0,0,82.9,187.1,98.8,1
3,126.0,654.8,3.07,10517.0,19892.0,1,70.5,188.1,87.8,0
2,139.6,597.9,1.79,7908.0,12272.0,0,75.5,187.9,104.7,0
3,97.0,662.8,4.22,10707.0,19758.0,1,84.8,172.9,94.9,0
1,85.5,614.7,4.12,9695.0,7908.0,0,82.5,185.0,91.1,0
1,137.8,641.4,1.99,9600.0,6230.0,0,84.6,178.3,103.2,0
2,113.1,620.5,1.47,10756.0,2303.0,0,83.8,178.6,85.8,0
1,105.9,595.2,1.8,10534.0,13034.0,2,72.3,171.4,81.1,1
2,108.5,607.3,1.72,9043.0,22909.0,0,78.3,184.9,110.7,0
3,116.2,656.3,2.35,8808.0,6828.0,0,89.0,186.8,86.4,0
2,87.6,686.1,2.56,8775.0,6375.0,1,100.0,189.2,85.1,0
2,57.4,623.7,4.04,11911.0,14804.0,1,90.6,186.0,93.0,0
3,147.0,560.9,2.94,7948.0,629.0,0,62.8,190.4,97.0,0
2,161.4,636.2,3.08,9103.0,15013.0,1,73.6,194.0,108.4,1
2,85.6,723.5,3.64,10177.0,21223.0,2,82.6,158.3,101.1,1
1,113.7,621.7,2.0,8176.0,23941.0,1,86.6,182.3,97.2,0
2,133.6,634.8,4.41,9277.0,19819.0,2,74.3,189.3,83.3,1
1,152.6,595.4,2.64,6904.0,3079.0,1,83.4,172.2,89.7,1
1,124.2,757.9,4.32,9747.0,97.0,0,81.1,179.4,98.4,1
2,95.6,627.8,1.6,9101.0,17131.0,1,96.1,163.7,84.8,0
1,130.0,626.4,2.74,8778.0,2496.0,2,75.3,186.6,75.1,1
2,40.0,538.3,4.53,9862.0,17817.0,1,68.5,166.1,87.0,1
3,77.5,533.3,1.92,9478.0,9757.0,2,63.3,201.5,104.6,0
2,153.8,658.8,1.3,10474.0,11864.0,0,80.5,177.0,98.6,0
3,76.3,665.5,5.3,8956.0,3794.0,0,79.2,180.0,88.9,0
2,146.6,573.7,4.85,10507.0,4299.0,1,92.1,178.6,72.9,0
1,71.5,673.4,2.69,9443.0,13210.0,0,91.8,176.7,106.1,0
1,85.2,698.9,3.3,10964.0,13966.0,1,77.0,173.2,86.4,0
1,127.3,609.6,3.54,10376.0,17840.0,0,80.7,188.7,104.1,1
3,45.5,667.0,3.13,10669.0,20511.0,0,69.1,197.5,106.4,0
2,150.7,675.7,2.5,8882.0,929.0,0,67.4,164.1,88.4,0
2,136.7,592.3,1.88,9501.0,11400.0,3,77.6,178.6,99.0,1
1,115.9,612.5,2.91,8285.0,12453.0,0,77.1,175.1,77.8,0
2,109.7,625.0,1.43,8195.0,13163.0,1,92.4,178.1,78.4,0
1,100.4,631.2,1.96,10376.0,21248.0,0,69.3,193.7,108.9,1
1,197.2,624.5,3.81,11442.0,14100.0,1,90.6,177.0,101.4,1
1,125.1,623.4,4.59,9218.0,23070.0,1,89.6,198.6,93.8,1
2,121.5,606.4,3.83,12930.0,17334.0,0,69.2,149.1,89.0,0
1,91.5,626.9,4.38,9794.0,12922.0,0,82.5,184.3,89.2,1
1,177.6,737.0,3.72,8971.0,12501.0,3,91.6,180.5,103.9,1
3,90.2,698.9,4.44,10110.0,766.0,0,77.4,200.8,104.4,0
1,130.9,626.9,2.25,10683.0,9170.0,1,85.4,179.7,89.9,0
1,140.6,726.5,2.74,11364.0,23221.0,1,91.5,168.0,97.0,1
3,124.5,583.1,4.31,9998.0,22968.0,3,100.0,182.6,81.9,0
1,116.7,715.7,3.07,8017.0,12200.0,0,80.4,191.5,100.9,1
3,156.3,653.5,3.44,9520.0,7701.0,2,73.6,173.8,86.9,0
1,47.5,713.2,3.49,10182.0,10601.0,0,75.3,190.7,94.7,0
2,142.1,615.6,1.12,9035.0,23941.0,1,86.1,173.4,100.8,1
1,175.8,756.6,4.08,8921.0,19293.0,2,76.9,156.7,78.8,1
3,118.7,711.6,4.19,9773.0,23630.0,0,80.8,191.4,85.8,0
2,161.2,669.5,4.03,9339.0,22921.0,1,71.9,184.9,101.0,0
2,127.6,627.6,4.78,10754.0,11882.0,0,93.6,179.4,92.4,0
2,114.0,695.3,2.01,10481.0,12455.0,1,70.6,202.5,90.4,1
3,135.9,673.3,3.13,9826.0,7933.0,0,71.8,189.8,92.7,0
1,115.5,656.5,5.11,8935.0,6019.0,1,98.3,148.2,92.8,1
1,159.4,581.4,1.5,11111.0,14463.0,0,97.0,184.9,96.2,0
2,99.6,696.5,2.94,9398.0,21913.0,0,69.9,176.3,85.2,1
3,107.9,647.3,3.59,9512.0,18268.0,3,52.5,190.5,87.7,1
2,108.4,681.0,3.02,10060.0,10262.0,1,80.8,174.7,94.1,0
2,79.3,608.8,4.6,9460.0,584.0,0,63.7,176.9,90.2,0
1,143.4,641.3,2.55,8341.0,3038.0,1,79.0,195.3,91.2,1
3,106.0,560.7,2.54,9914.0,5065.0,1,80.5,186.8,84.5,0
1,99.6,637.7,2.39,9427.0,17546.0,0,93.4,180.5,92.9,0
1,124.6,649.9,1.24,7742.0,7660.0,0,90.1,187.2,88.6,0
1,128.6,607.4,4.88,8566.0,8730.0,0,75.1,180.2,88.2,1
1,182.4,676.3,3.07,8194.0,13322.0,0,68.8,191.5,84.3,0
1,104.0,662.3,4.1,7476.0,5751.0,0,83.8,180.4,92.4,0
2,101.0,583.0,4.29,9031.0,6382.0,0,81.7,163.5,92.9,0
2,108.3,619.6,3.68,9061.0,12487.0,0,63.2,177.6,97.3,0
3,112.7,646.7,3.55,9918.0,18919.0,1,88.3,175.4,100.4,0
1,151.2,529.1,2.21,9633.0,8605.0,0,79.7,189.3,106.9,1
3,134.6,692.3,2.29,10054.0,5483.0,1,78.4,197.0,111.9,0
1,140.7,594.8,3.68,10171.0,16086.0,2,80.2,179.1,107.5,1
2,126.7,623.4,3.59,9771.0,11406.0,0,73.0,174.6,88.8,0
1,137.5,623.3,3.47,7973.0,21496.0,3,78.1,193.5,96.1,1
2,153.1,663.7,3.05,8492.0,10322.0,0,82.8,179.8,95.0,0
2,127.4,612.3,1.97,8753.0,13487.0,0,77.9,165.8,88.4,0
1,133.8,677.5,3.53,9574.0,22673.0,2,72.7,197.4,90.6,1
2,120.8,595.4,3.48,10657.0,23543.0,0,91.0,182.7,106.1,0
2,120.4,704.8,4.51,10347.0,4944.0,0,80.7,170.6,75.5,0
3,79.1,599.4,2.36,9464.0,9556.0,3,76.2,180.9,84.0,0
1,107.2,601.5,2.61,9263.0,23410.0,0,87.7,191.9,84.5,0
1,133.8,685.1,2.26,10678.0,2919.0,0,83.2,177.3,73.7,0
3,89.9,671.7,2.7,8888.0,12884.0,1,80.2,175.3,97.7,1
2,100.7,633.2,2.34,10399.0,20383.0,1,71.2,176.7,87.6,0
2,110.2,620.3,1.91,9655.0,2113.0,0,67.7,182.6,82.8,0
3,84.5,691.4,3.78,9550.0,12194.0,1,93.1,173.7,92.0,0
1,112.4,580.3,2.69,10473.0,4634.0,2,87.3,196.8,95.7,0
2,175.7,584.5,1.63,8926.0,4357.0,0,94.0,195.0,81.3,0
1,150.1,639.1,3.32,8991.0,21974.0,1,62.5,177.3,99.5,1
2,118.4,683.1,3.52,8146.0,7689.0,0,86.2,218.7,85.1,0
2,85.6,715.0,2.98,9405.0,20495.0,0,95.8,174.5,73.7,0
1,139.3,599.2,4.22,7985.0,1219.0,0,80.9,166.3,83.5,1
2,144.1,758.5,1.88,9726.0,16177.0,3,83.0,175.6,110.7,1
2,147.3,687.2,2.25,10207.0,9381.0,1,81.4,176.9,100.2,0
3,132.1,585.9,1.98,8671.0,3974.0,1,76.3,182.4,107.3,0
3,178.5,632.6,2.76,9434.0,6306.0,0,78.8,161.0,83.8,0
1,170.6,743.7,3.41,9114.0,1476.0,1,80.2,185.8,100.0,1
3,73.4,607.8,3.77,9030.0,10314.0,2,86.7,182.0,91.8,0
1,120.7,592.8,2.65,8604.0,22284.0,1,78.0,169.3,100.6,1
2,117.6,674.2,4.06,10256.0,23914.0,0,98.1,194.3,95.2,0
2,130.1,618.8,3.55,10285.0,18130.0,0,78.8,183.2,97.7,0
1,87.1,674.9,4.45,9064.0,13998.0,1,60.1,160.5,93.1,1
2,94.3,639.4,3.38,10141.0,23556.0,2,81.2,182.1,105.2,1
1,120.4,613.6,2.52,8508.0,19840.0,2,90.5,159.2,79.8,0
2,154.3,622.8,3.78,8637.0,22901.0,0,85.9,169.4,87.4,0
1,119.3,606.5,3.83,8055.0,16664.0,0,87.8,168.2,94.2,0
3,113.5,685.5,5.49,8990.0,15085.0,0,71.6,199.3,104.2,0
1,109.8,607.2,1.89,10415.0,3845.0,0,83.0,178.4,88.7,0
1,76.8,603.6,1.92,10787.0,18010.0,0,87.9,176.2,99.1,1
1,121.7,634.0,2.91,9410.0,2313.0,1,81.9,181.5,89.2,1
3,127.9,666.1,3.55,10230.0,1459.0,3,73.4,165.8,94.3,1
1,150.3,627.2,1.13,9591.0,10458.0,0,96.7,184.4,97.1,0
1,170.1,616.8,2.23,8809.0,20861.0,1,84.2,179.7,86.7,0
1,111.2,686.5,3.91,10083.0,13019.0,1,70.1,203.0,75.4,1
1,139.3,742.5,3.22,8950.0,14420.0,0,91.5,173.8,91.3,1
1,112.2,613.4,2.73,11341.0,13955.0,2,87.5,185.5,74.9,1
1,111.9,678.5,4.31,10065.0,11546.0,0,78.5,162.7,99.3,0
3,101.8,646.6,1.71,11493.0,3709.0,1,75.4,166.4,97.3,0
2,77.9,582.1,3.9,10574.0,1944.0,0,90.1,162.4,91.1,0
3,146.1,609.2,3.07,9895.0,11238.0,1,79.0,182.0,98.1,0
3,119.5,655.3,4.95,10175.0,359.0,1,75.6,159.5,102.2,0
2,146.8,559.6,0.2,10560.0,2723.0,2,96.7,174.9,92.2,0
1,113.3,560.2,3.92,7867.0,7508.0,0,67.7,183.3,87.0,0
3,126.1,797.0,1.77,9708.0,20320.0,2,87.0,170.7,90.2,1
2,87.2,693.2,1.38,8917.0,23382.0,0,80.3,178.2,93.9,0
2,70.5,586.8,2.96,7866.0,10589.0,1,75.2,186.8,101.9,0
3,177.9,711.1,3.07,10958.0,23092.0,0,63.5,165.1,110.6,0
1,105.6,590.3,2.96,9614.0,22795.0,2,81.9,193.5,105.2,0
2,171.9,664.8,2.89,10498.0,9833.0,2,90.1,192.6,106.1,0
2,133.8,629.1,2.0,9470.0,2496.0,0,85.4,173.7,99.4,0
2,106.8,603.4,1.74,9554.0,8944.0,0,83.2,186.9,100.3,0
1,120.8,703.1,2.12,11202.0,19538.0,0,86.4,158.1,100.5,0
1,142.5,660.7,4.87,10384.0,12053.0,1,70.9,175.5,93.5,0
3,148.5,744.0,4.61,11021.0,22713.0,2,83.2,181.6,85.0,1
3,134.5,632.7,2.91,10527.0,18468.0,0,68.8,191.1,90.9,0
3,116.7,699.3,5.6,10760.0,14342.0,3,74.8,185.6,74.2,0
3,151.7,633.3,3.8,8870.0,17736.0,0,99.3,201.2,113.8,0
2,155.4,685.6,2.49,8588.0,18181.0,0,76.9,164.9,77.0,0
2,158.9,674.6,2.44,9774.0,3801.0,1,93.6,167.6,82.4,0
3,146.6,754.4,3.23,10111.0,17710.0,1,95.3,204.9,98.2,0
2,68.3,732.0,5.02,10795.0,17571.0,1,61.0,180.5,102.0,1
1,145.2,564.1,2.83,10891.0,1954.0,0,87.3,175.8,81.1,1
2,140.0,628.0,3.49,10129.0,1934.0,2,75.5,173.3,84.7,1
1,139.8,555.7,3.2,10987.0,19577.0,0,93.9,197.4,107.6,0
2,83.4,685.8,5.87,10216.0,13858.0,2,76.9,170.1,102.0,1
3,118.9,644.9,1.98,9878.0,12517.0,0,88.4,168.9,83.5,0
2,123.7,638.8,3.38,10848.0,16143.0,1,91.1,188.0,93.9,0
1,157.2,609.9,4.02,9023.0,21046.0,1,88.0,176.2,88.0,0
1,166.9,719.8,3.19,10056.0,1262.0,1,89.8,157.7,87.0,0
2,93.3,585.8,3.15,8629.0,17930.0,0,72.9,173.2,88.9,0
2,110.7,585.8,2.23,8862.0,7090.0,1,83.4,146.6,92.8,1
1,142.2,658.3,2.87,11024.0,11441.0,2,81.3,193.1,83.3,1
2,161.1,676.2,2.35,9770.0,3231.0,2,73.6,185.2,98.4,0
2,167.6,653.7,4.87,11006.0,13509.0,1,65.0,187.5,79.6,1
3,161.6,594.4,1.24,9284.0,13267.0,0,77.0,182.3,92.1,0
2,139.2,538.3,1.74,11254.0,8510.0,2,80.1,175.6,81.1,0
3,179.6,644.2,1.1,8448.0,12772.0,1,100.0,198.3,105.0,0
3,150.5,617.4,4.1,8864.0,14708.0,0,79.2,192.4,90.9,0
1,168.6,687.3,3.04,9336.0,6061.0,0,92.7,190.8,97.1,0
1,162.9,591.6,4.81,10322.0,13013.0,2,84.8,184.3,101.1,1
2,200.2,637.8,2.89,8877.0,18095.0,0,78.0,173.2,114.4,0
2,130.6,650.5,2.93,9323.0,5122.0,1,90.7,155.5,99.9,0
2,54.6,598.8,4.51,9227.0,19846.0,0,82.9,180.0,118.2,0
1,135.7,659.7,1.95,9030.0,3407.0,0,75.9,170.9,95.6,0
2,101.1,617.7,1.74,10604.0,3656.0,1,83.6,153.2,91.8,0
2,113.2,668.6,3.69,10020.0,23061.0,0,96.8,187.6,88.1,0
3,138.9,652.1,2.64,9058.0,17917.0,1,93.2,192.3,99.3,0
3,172.6,574.2,3.48,8624.0,1001.0,1,80.2,179.7,86.2,0
3,104.0,677.2,0.38,8920.0,8077.0,1,85.6,189.4,99.0,0
3,152.0,635.7,2.55,9738.0,2474.0,0,79.6,185.0,80.3,0
2,82.9,581.1,2.86,7845.0,3628.0,1,75.1,181.4,96.6,0
1,146.3,640.0,2.97,9469.0,5041.0,0,65.5,178.2,99.9,0
1,121.0,665.6,2.33,11254.0,14216.0,2,78.1,185.4,103.2,0
3,124.0,676.9,1.65,9383.0,3440.0,2,88.2,192.6,107.4,0
3,105.2,656.7,2.15,9858.0,17841.0,3,91.5,173.2,101.5,0
1,162.1,600.8,0.76,9533.0,21680.0,1,88.5,197.8,96.5,1
3,95.0,669.3,5.2,9907.0,9458.0,1,83.8,168.6,96.3,0
1,112.7,723.3,1.83,9731.0,5397.0,2,87.9,191.6,98.5,1
1,115.3,589.4,1.5,8846.0,22722.0,0,75.4,190.0,108.8,1
1,105.6,591.3,4.51,8230.0,16743.0,0,87.8,179.9,86.9,0
2,129.5,651.0,2.6,10673.0,15946.0,0,68.1,187.0,93.1,0
3,51.6,643.7,3.79,9940.0,2888.0,2,78.6,170.7,96.9,0
2,124.4,704.0,3.22,11095.0,5688.0,1,71.2,173.5,73.6,0
3,161.4,683.2,1.84,9719.0,10204.0,0,93.6,192.9,100.3,0
1,78.4,696.3,3.53,7914.0,12803.0,1,88.4,190.1,99.3,0
2,89.8,639.4,5.0,8528.0,587.0,1,96.7,196.7,108.3,0
2,114.3,585.0,3.4,8095.0,21355.0,0,87.1,176.0,79.9,0
2,57.7,604.4,5.3,9653.0,14296.0,1,86.6,184.9,113.6,0
2,125.1,665.3,3.58,10166.0,14400.0,1,78.8,196.5,93.5,0
3,104.3,614.6,3.97,8565.0,2020.0,1,85.3,179.0,91.9,0
1,82.8,597.1,2.49,9313.0,17542.0,1,82.5,176.0,99.9,1
3,177.5,627.3,1.79,8754.0,14389.0,0,90.8,192.4,97.5,0
2,153.8,620.2,2.88,9235.0,22030.0,0,86.0,191.9,123.2,0
2,124.9,601.6,3.11,8364.0,19980.0,4,93.1,184.6,90.2,1
2,46.6,632.4,2.3,8721.0,18444.0,1,93.7,198.7,101.7,0
1,125.0,700.8,3.44,10784.0,22317.0,1,85.1,166.6,82.3,1
2,104.2,675.7,2.44,10137.0,14269.0,0,78.1,186.6,92.1,1
1,172.9,686.1,5.41,10782.0,17639.0,0,91.0,171.2,101.9,1
3,172.8,592.3,2.51,10034.0,20966.0,0,99.4,172.2,111.8,0
3,140.3,650.2,2.36,10382.0,10590.0,0,87.4,191.3,87.2,0
1,137.9,637.9,2.83,8505.0,14760.0,0,97.0,157.2,88.9,0
2,108.9,696.3,3.34,8309.0,6230.0,0,74.9,171.6,90.5,0
1,147.5,556.1,2.11,10788.0,8832.0,0,81.8,186.7,108.9,0
3,151.1,611.3,5.1,10020.0,13551.0,1,97.2,174.2,108.5,0
1,120.7,706.4,3.42,11203.0,12010.0,0,75.9,169.6,91.3,0
2,134.2,626.9,4.4,7693.0,18296.0,1,81.6,177.8,98.1,1
3,136.2,642.0,1.86,10723.0,15152.0,0,89.2,199.8,90.6,0
1,117.2,646.6,2.82,8440.0,13628.0,0,79.1,203.2,90.1,0
1,137.1,711.9,3.65,8561.0,476.0,2,87.6,183.5,85.6,1
1,132.2,594.9,2.78,8523.0,1609.0,2,80.0,169.8,94.3,0
2,188.8,556.1,2.73,8935.0,8583.0,2,79.6,163.0,87.3,0
3,131.6,559.1,1.9,9230.0,4630.0,1,79.0,161.6,102.5,0
2,100.9,711.8,2.99,10397.0,3095.0,0,77.5,176.3,92.1,0
1,139.4,672.2,2.68,9695.0,10944.0,1,91.8,175.2,84.3,0
3,124.8,621.6,3.5,10077.0,7994.0,0,77.3,174.7,108.7,0
1,154.4,673.9,3.15,10287.0,14434.0,1,92.1,185.5,108.9,0
1,117.1,673.1,2.93,8324.0,12545.0,0,77.8,170.7,107.7,1
3,107.9,584.2,2.58,10245.0,1914.0,0,61.6,188.8,98.3,0
3,166.2,675.9,3.14,10916.0,13517.0,0,69.3,206.3,98.4,0
2,82.1,665.1,2.7,9564.0,114.0,2,75.7,184.0,90.0,1
2,128.7,625.6,3.61,9701.0,18178.0,1,75.0,184.1,106.3,1
2,122.0,592.1,4.98,9165.0,22383.0,1,71.6,165.7,89.8,1
3,103.3,762.2,4.73,9790.0,19864.0,0,86.1,160.3,106.9,1
1,98.5,506.1,2.82,9909.0,4341.0,2,100.0,197.1,101.6,1
2,131.4,568.2,2.65,9822.0,292.0,2,80.4,186.4,94.5,0
1,157.0,611.1,3.66,9994.0,14608.0,0,87.9,166.0,72.9,0
2,121.1,658.5,1.99,8527.0,16241.0,0,87.8,153.6,90.1,0
2,176.9,672.3,4.05,9288.0,13162.0,0,78.8,172.8,102.6,0
2,144.3,651.9,4.31,9457.0,5524.0,0,100.0,159.6,104.2,0
1,172.5,613.8,2.66,10109.0,4519.0,1,87.4,178.9,113.0,1
1,90.6,574.6,4.53,8935.0,10258.0,0,85.0,176.1,89.2,1
3,145.4,606.0,4.13,10601.0,4962.0,0,82.1,171.0,98.6,0
1,143.4,614.4,4.95,8950.0,22351.0,1,78.9,210.6,109.2,1
1,115.0,732.3,3.26,8438.0,19637.0,0,100.0,164.2,98.0,0
1,139.7,694.9,3.16,9683.0,16915.0,2,86.0,184.3,96.9,1
2,67.9,621.9,1.78,9576.0,23745.0,1,87.2,184.4,86.6,0
2,69.1,637.7,4.19,8018.0,2143.0,0,100.0,166.9,96.8,0
3,167.1,668.4,2.81,11770.0,4235.0,0,87.0,196.9,104.4,0
1,92.9,654.2,3.0,9905.0,2293.0,1,81.7,190.1,121.4,1
1,151.4,612.4,2.6,8478.0,23445.0,1,92.1,160.0,99.6,1
2,114.8,604.4,3.72,9649.0,1062.0,0,79.5,162.8,89.3,0
1,130.9,641.5,3.75,10004.0,22933.0,1,70.4,170.8,90.6,1
1,77.2,661.2,2.25,10376.0,6981.0,0,91.1,183.2,92.8,0
2,99.9,631.9,1.15,9786.0,17820.0,3,68.5,196.9,80.9,1
2,95.5,583.8,0.84,8649.0,14841.0,0,78.6,204.3,77.7,0
2,141.3,681.7,1.68,8525.0,17419.0,1,71.4,183.4,93.3,1
1,162.2,646.1,5.09,9797.0,406.0,2,80.3,176.1,95.7,1
1,112.0,613.3,3.38,8983.0,9929.0,1,90.4,178.8,105.8,0
3,136.1,548.6,2.78,9176.0,15746.0,0,90.5,198.3,89.0,0
2,139.9,604.2,3.22,10261.0,8733.0,0,94.8,170.4,88.2,0
2,114.0,679.7,3.51,9339.0,20111.0,0,94.2,171.9,88.4,0
2,146.2,531.2,2.77,10809.0,14939.0,0,87.7,181.0,103.2,0
1,102.6,648.4,4.12,9751.0,16339.0,1,75.3,193.3,98.0,1
3,102.4,678.8,3.63,10181.0,22768.0,0,62.5,199.5,93.1,0
1,161.2,675.9,2.92,10479.0,19453.0,0,71.4,189.4,86.9,1
1,110.6,534.7,4.0,7758.0,14054.0,0,75.2,166.7,93.7,1
1,104.2,647.0,2.98,8320.0,12445.0,0,92.4,165.9,111.6,0
2,69.0,665.7,2.25,9290.0,12117.0,1,90.1,191.6,97.2,0
2,106.2,680.9,3.84,8751.0,16067.0,0,96.5,170.0,91.3,0
3,137.0,563.2,2.97,10267.0,432.0,1,74.4,172.8,97.8,0
3,124.9,546.2,3.65,11189.0,14177.0,1,83.8,198.5,103.4,0
1,119.1,583.1,3.04,10446.0,7160.0,1,90.6,190.9,90.3,0
3,96.3,646.8,3.63,10392.0,12411.0,0,82.4,190.5,96.3,0
1,185.0,642.5,3.39,8916.0,11507.0,1,86.7,159.8,104.2,0
1,141.0,623.4,2.17,10307.0,9621.0,1,94.5,167.7,87.5,0
1,152.4,582.6,5.33,9982.0,7627.0,0,84.0,189.3,87.5,1
1,64.7,607.1,1.2,9974.0,7678.0,2,85.2,191.7,95.1,0
3,114.9,653.8,2.89,9292.0,21484.0,1,72.8,172.5,88.4,0
2,164.3,588.9,3.44,6713.0,10314.0,0,94.5,186.5,95.7,0
3,120.7,688.0,3.82,6969.0,10062.0,1,80.6,170.2,78.0,0
3,128.7,671.2,3.36,8231.0,22496.0,1,63.7,170.4,82.6,1
1,88.0,578.4,1.73,10677.0,16502.0,0,76.7,188.5,85.7,0
1,129.7,623.7,3.02,10449.0,1269.0,0,85.7,201.0,87.0,0
1,128.3,658.9,2.79,9927.0,6529.0,0,96.2,186.5,100.6,0
1,114.3,607.4,2.93,9111.0,15188.0,3,87.8,183.2,116.8,0
3,83.1,571.6,1.51,9408.0,12270.0,1,69.2,168.8,79.9,0
2,88.9,569.8,3.35,9698.0,15223.0,0,88.0,179.1,93.7,0
2,133.5,682.3,1.8,8788.0,15489.0,0,83.1,166.2,98.9,0
2,131.1,693.3,3.06,8747.0,13320.0,0,85.3,201.4,109.1,0
2,100.1,632.6,1.29,10960.0,3944.0,1,79.4,202.1,102.3,1
2,88.7,604.1,3.33,9518.0,18948.0,1,89.5,181.3,90.0,0
3,62.0,654.0,3.18,9784.0,13316.0,1,80.8,139.0,94.4,0
2,108.2,648.5,2.36,8742.0,6024.0,0,76.5,165.7,85.1,0
1,119.4,605.3,1.92,10560.0,4700.0,1,79.8,182.6,102.4,0
1,149.7,572.0,3.92,8370.0,807.0,0,86.8,185.2,99.6,0
1,64.4,680.9,3.6,9506.0,15290.0,1,90.4,181.4,94.3,0
2,103.4,651.4,2.85,8967.0,6318.0,1,80.2,167.6,89.7,0
3,76.1,608.3,2.45,10480.0,6956.0,2,85.9,170.9,109.0,0
2,104.8,670.7,2.9,8853.0,22690.0,0,78.2,188.8,87.4,0
3,102.7,648.5,2.08,10215.0,2646.0,0,96.9,174.3,99.4,0
1,179.1,645.5,2.63,8365.0,821.0,1,75.2,194.4,98.8,1
3,170.1,706.8,3.43,10441.0,10475.0,1,82.4,177.1,94.8,0
2,147.8,614.5,2.56,9871.0,7036.0,0,77.8,169.3,96.7,0
1,143.0,712.5,2.46,10590.0,6292.0,0,73.6,191.2,92.9,0
2,42.9,678.4,2.56,10787.0,9559.0,0,69.2,183.2,99.5,0
1,124.8,642.9,2.55,8823.0,19324.0,1,90.7,200.3,107.7,1
1,89.2,563.1,3.35,10184.0,11290.0,0,78.0,187.9,119.0,0
1,134.2,593.8,2.5,10492.0,13771.0,0,77.8,186.3,100.6,0
2,138.8,640.7,3.45,9456.0,13087.0,1,94.0,170.2,93.8,0
1,91.8,645.1,3.25,9100.0,20277.0,0,79.9,194.5,101.0,0
1,68.8,585.6,3.0,8433.0,19164.0,0,83.3,185.6,108.3,1
3,108.9,557.6,3.52,8533.0,23773.0,0,96.9,177.0,106.8,0
1,99.9,568.5,4.97,9506.0,22172.0,1,94.1,164.1,87.1,1
1,118.5,578.6,2.76,9338.0,2384.0,1,79.7,192.0,91.7,0
2,115.8,675.4,1.25,9542.0,12721.0,0,73.3,186.4,106.3,0
2,145.6,642.2,3.24,9589.0,4412.0,1,67.4,189.7,102.8,1
2,80.0,574.2,3.5,8362.0,5282.0,0,81.9,183.8,96.3,0
1,181.6,648.3,2.14,8003.0,7719.0,1,90.9,169.7,83.8,0
1,128.1,643.2,2.35,10124.0,673.0,2,82.6,183.4,92.5,1
2,164.9,647.6,1.97,8105.0,1472.0,1,91.5,176.0,102.3,0
2,196.1,690.2,5.15,9072.0,9622.0,1,94.9,171.3,98.7,1
1,71.3,719.4,2.09,9758.0,1361.0,0,73.3,182.0,118.7,1
1,74.3,666.8,4.13,9066.0,10191.0,0,77.8,188.4,107.9,1
2,110.6,643.1,3.08,10268.0,6117.0,0,86.6,181.6,89.0,0
1,177.6,712.9,3.44,8167.0,10030.0,0,72.2,198.0,90.6,1
2,119.1,611.7,2.75,8382.0,2385.0,1,81.6,180.6,78.8,0
2,127.5,611.1,4.65,8142.0,13916.0,2,80.8,182.4,92.5,1
3,110.0,546.8,2.91,10764.0,424.0,0,92.1,170.5,101.1,0
2,122.8,671.4,3.6,9455.0,9920.0,2,87.6,206.4,91.5,0
3,120.1,643.9,2.85,9660.0,10019.0,3,72.9,168.1,94.2,0
2,111.2,563.2,1.4,9386.0,6014.0,1,65.7,166.2,95.8,0
3,120.3,647.1,2.68,8698.0,14198.0,0,86.8,190.3,93.2,0
2,99.0,603.9,4.0,9382.0,16263.0,1,87.0,161.0,89.3,1
2,91.6,668.0,2.62,9887.0,3780.0,0,81.5,185.2,98.0,0
1,75.8,660.3,4.06,8857.0,1639.0,3,72.8,193.2,87.2,1
2,129.1,624.9,3.23,9724.0,6374.0,2,74.1,186.0,93.8,0
1,81.8,634.2,3.69,9120.0,8517.0,1,81.7,190.7,90.9,1
1,177.7,636.0,1.35,9074.0,16735.0,1,73.5,168.6,103.9,1
2,120.0,672.7,1.3,8943.0,17761.0,0,74.7,184.1,87.2,0
1,168.0,565.4,2.95,9195.0,18098.0,1,94.7,162.7,88.7,1
2,129.9,730.3,1.08,9727.0,2654.0,2,84.3,184.5,107.8,1
3,143.9,661.8,2.88,9707.0,15192.0,2,76.1,173.1,103.8,0
1,132.1,644.4,2.14,8419.0,10128.0,1,84.8,186.0,91.0,0
3,72.2,578.3,3.41,11092.0,22773.0,0,77.6,183.6,94.3,0
1,158.5,655.2,3.0,8684.0,2058.0,0,78.3,192.9,85.4,1
1,130.7,685.4,2.03,8583.0,13521.0,2,75.4,184.0,108.4,1
3,104.4,603.7,1.36,9166.0,13635.0,1,83.5,181.3,86.6,0
2,165.0,606.8,2.26,8354.0,6003.0,1,67.3,183.3,91.4,1
3,98.2,644.1,3.05,8737.0,11728.0,1,83.5,205.6,99.0,0
1,74.3,669.6,3.23,8915.0,23114.0,0,80.2,176.0,100.1,1
2,118.5,643.9,4.56,10055.0,20920.0,0,89.2,170.8,98.9,0
1,124.7,684.9,2.33,8723.0,1324.0,0,81.5,176.9,74.3,0
3,100.6,607.2,4.74,10630.0,8424.0,0,97.4,167.0,80.3,0
3,167.0,652.3,1.54,9623.0,16851.0,3,90.4,177.0,95.4,0
2,61.7,590.7,1.81,10693.0,23345.0,0,82.3,187.7,111.6,0
1,153.9,641.8,3.98,10237.0,16585.0,0,81.9,169.8,102.4,0
1,135.9,638.8,1.88,7959.0,13735.0,1,93.1,170.3,89.7,0
1,175.8,647.1,2.74,9486.0,9964.0,1,84.9,184.7,98.2,1
1,65.1,664.7,1.69,8364.0,5874.0,3,77.6,191.8,104.1,1
2,161.2,588.6,2.24,8593.0,10034.0,0,91.4,187.6,102.1,0
2,153.2,679.7,3.37,10194.0,14755.0,0,79.0,196.8,96.4,0
1,135.4,569.5,1.44,9528.0,11611.0,1,66.7,179.3,116.7,1
1,148.7,628.4,3.6,10809.0,5469.0,0,80.8,155.2,95.6,0
3,65.4,630.5,0.36,7726.0,11638.0,0,95.1,171.0,88.2,0
2,102.8,655.6,3.49,9218.0,1382.0,0,97.1,188.0,90.2,0
2,136.3,760.2,3.87,10958.0,3310.0,1,73.4,188.7,101.6,0
1,106.0,734.8,4.06,9165.0,9265.0,2,77.2,146.7,79.9,1
1,102.7,786.2,0.56,9286.0,17871.0,0,92.9,178.1,87.0,1
3,116.2,696.4,2.63,9095.0,14403.0,4,79.6,176.1,84.8,1
1,137.3,734.8,2.99,10558.0,3639.0,2,90.2,197.5,98.3,1
2,120.7,672.2,3.67,10222.0,153.0,0,68.3,186.5,91.3,0
1,134.7,628.9,4.99,8825.0,10821.0,0,89.6,177.4,109.2,1
1,88.1,670.3,4.19,8390.0,5972.0,0,85.2,187.2,106.7,0
1,109.5,633.7,2.8,9867.0,8161.0,0,89.6,158.0,104.2,0
2,152.0,636.2,2.24,10116.0,16448.0,0,76.8,188.2,99.6,0
3,83.3,646.7,3.52,9363.0,17448.0,1,73.5,191.4,97.9,0
1,112.4,535.8,4.71,9291.0,12845.0,0,67.1,171.9,105.4,1
1,98.3,657.8,3.83,8477.0,23294.0,3,76.2,192.3,96.9,1
1,87.9,599.5,2.5,7968.0,22066.0,0,93.0,162.0,72.5,0
3,80.8,621.9,3.25,10687.0,15016.0,1,87.9,173.9,85.1,0
3,87.5,628.6,3.13,8068.0,3325.0,0,74.2,172.3,84.7,0
1,175.8,672.0,2.66,8426.0,15670.0,0,84.2,203.5,94.6,0
2,167.8,680.1,4.51,9118.0,10979.0,0,85.2,185.0,92.0,0
2,116.8,570.3,1.98,10540.0,7086.0,1,80.7,192.0,110.2,0
3,138.3,591.4,4.41,9515.0,5946.0,2,81.6,189.3,97.3,1
2,104.2,654.8,3.15,9313.0,2974.0,0,74.9,175.7,97.2,0
3,155.9,658.5,3.94,8853.0,14952.0,0,80.3,164.1,87.9,0
1,127.0,576.4,2.03,10463.0,12033.0,0,71.9,164.5,78.7,0
1,159.8,645.5,4.49,9868.0,16401.0,1,96.0,176.0,93.6,0
1,147.1,616.0,3.76,9954.0,2516.0,0,77.7,188.3,105.5,0
3,116.1,600.3,3.76,10403.0,17008.0,0,72.4,160.6,79.0,0
2,146.0,629.4,4.18,8373.0,18152.0,2,90.3,169.0,97.9,0
1,147.5,586.4,1.5,9707.0,22705.0,3,79.4,197.1,113.2,1
2,98.9,593.3,2.5,9981.0,12499.0,0,71.3,164.7,85.5,0
2,174.5,640.8,1.82,8567.0,9254.0,0,85.6,168.3,101.3,0
1,112.1,617.8,3.27,9721.0,18298.0,1,84.9,194.4,74.9,1
2,147.1,524.7,3.92,9051.0,5519.0,0,77.0,190.0,85.0,0
3,132.2,759.3,4.84,8746.0,21610.0,2,80.6,190.7,98.2,1
1,57.3,597.5,1.86,9635.0,12226.0,1,59.4,176.3,90.1,0
3,103.5,657.2,3.13,9374.0,19296.0,2,77.9,164.9,95.1,0
1,99.4,645.2,3.06,9191.0,8895.0,1,70.3,167.9,91.0,0
3,149.8,677.6,5.08,9730.0,4675.0,2,80.9,180.3,85.8,1
1,111.0,644.7,5.38,9492.0,10759.0,1,90.5,184.8,90.5,0
3,143.3,612.3,1.99,8453.0,15926.0,2,90.2,189.0,102.2,0
1,122.3,674.7,2.16,9870.0,16997.0,0,77.8,172.3,91.9,0
3,123.7,557.2,2.47,9918.0,17526.0,1,87.4,202.0,100.1,0
1,137.7,641.4,3.47,9487.0,8392.0,0,79.6,178.3,90.0,0
2,85.9,702.4,4.66,8447.0,7384.0,3,87.0,174.4,88.2,0
2,106.9,634.2,3.6,6810.0,8426.0,1,77.6,183.6,87.7,0
1,89.9,623.5,2.21,9173.0,18764.0,0,79.3,189.9,94.8,0
2,150.8,630.6,3.13,9207.0,594.0,0,79.1,179.0,114.3,0
1,118.1,570.2,2.94,9660.0,13850.0,1,73.2,161.2,97.9,1
1,155.8,650.8,1.14,7999.0,8657.0,2,83.3,187.6,97.9,1
1,85.3,690.4,4.93,7791.0,9856.0,1,98.5,164.1,105.5,1
2,109.0,666.9,1.1,10615.0,7064.0,0,93.2,200.6,100.8,0
1,111.8,640.0,3.09,8548.0,10456.0,2,68.4,181.2,92.2,1
2,98.2,661.7,2.5,7864.0,21309.0,1,89.0,200.4,99.0,0
1,80.3,676.9,4.14,9796.0,13996.0,0,93.0,181.1,90.8,1
1,113.1,646.7,2.67,8575.0,3406.0,0,81.3,182.1,95.0,0
2,72.8,589.6,4.28,8332.0,3618.0,1,100.0,172.8,95.4,0
1,163.6,671.4,2.71,10796.0,11142.0,1,93.0,190.3,94.0,1
1,109.7,665.5,3.23,10368.0,20357.0,1,71.3,173.9,94.4,1
2,155.5,632.1,2.78,9085.0,12071.0,0,69.5,188.6,104.3,1
3,143.7,706.8,1.76,10906.0,15567.0,0,93.3,194.6,86.7,0
1,96.9,707.7,3.47,8253.0,14313.0,0,89.1,168.3,105.1,0
3,127.6,615.5,3.34,11233.0,19899.0,0,91.7,174.2,85.2,0
1,115.0,649.5,3.6,9738.0,265.0,0,84.6,192.6,92.4,0
2,151.6,628.8,3.22,9047.0,17455.0,0,100.0,178.6,83.6,0
3,147.2,634.3,2.12,8444.0,9716.0,0,77.4,178.3,105.2,0
2,142.1,653.6,1.93,10924.0,3816.0,0,71.4,180.2,80.6,0
2,144.7,626.8,3.79,8519.0,20999.0,0,83.0,179.6,105.2,0
2,117.2,630.7,2.93,8756.0,1930.0,2,80.8,184.0,93.4,0
2,132.9,656.6,1.93,9595.0,13883.0,2,74.3,169.7,81.0,0
2,103.1,639.6,4.28,10312.0,23955.0,1,97.2,178.9,91.6,1
1,161.1,618.7,4.38,9274.0,1984.0,5,84.6,154.7,103.0,1
1,162.2,705.3,1.47,10111.0,8515.0,0,92.3,181.7,89.7,0
1,149.9,661.7,3.19,10027.0,12219.0,2,65.3,186.8,90.4,1
1,151.0,688.6,2.41,9756.0,21126.0,2,73.1,166.9,93.6,1
1,141.9,652.8,3.35,10591.0,22877.0,0,78.3,166.9,79.8,1
1,101.9,579.5,1.38,11093.0,11008.0,2,81.8,161.1,90.1,1
2,98.7,660.5,2.13,10170.0,9473.0,0,79.1,182.9,77.9,0
2,118.4,622.9,4.26,8379.0,21839.0,1,92.5,182.2,96.1,0
1,129.3,608.3,3.9,9900.0,11297.0,1,83.6,184.5,88.6,0
3,76.7,632.8,3.04,9116.0,22950.0,0,100.0,191.2,89.0,0
1,107.0,725.6,3.55,10748.0,15430.0,1,81.3,186.8,103.7,1
2,157.5,595.9,2.77,9641.0,18735.0,1,75.4,169.8,101.1,0
3,95.8,655.1,2.73,8668.0,8786.0,1,74.6,180.7,83.3,0
2,133.6,669.5,2.1,10281.0,14349.0,0,80.2,195.9,97.1,0
2,118.0,651.1,4.31,10452.0,23257.0,1,80.8,179.0,95.2,1
1,122.1,614.6,3.63,9635.0,10119.0,1,77.8,189.1,85.4,1
1,151.5,710.2,4.86,9243.0,18759.0,0,87.5,190.1,93.0,1
1,120.2,600.2,2.59,8760.0,23566.0,0,76.5,193.9,82.5,0
1,121.7,624.1,4.14,10692.0,13696.0,1,79.1,190.9,90.7,0
2,107.4,735.7,3.85,7321.0,18500.0,1,80.3,192.6,103.7,1
3,114.3,622.0,2.68,9520.0,3865.0,2,77.6,190.5,109.3,0
2,111.4,657.7,4.07,8323.0,22555.0,2,96.8,173.5,99.4,1
1,84.7,646.0,4.57,9624.0,8104.0,1,82.6,168.8,102.5,0
2,110.4,661.3,2.49,9347.0,3721.0,2,94.4,162.5,98.6,0
2,144.1,565.5,3.59,10898.0,7620.0,0,71.2,198.5,87.3,0
2,131.5,606.2,2.26,9690.0,13545.0,0,86.6,190.2,103.9,0
2,136.6,635.1,3.45,9480.0,17973.0,0,75.8,194.2,107.0,0
1,129.4,660.9,4.12,9461.0,2232.0,0,85.3,173.2,61.2,0
1,101.9,645.5,2.46,9984.0,8809.0,1,90.5,177.4,96.3,0
2,105.9,671.5,4.24,8692.0,14030.0,0,85.4,170.6,97.5,0
1,157.5,680.9,2.82,9578.0,9206.0,0,69.8,163.8,105.0,0
2,119.3,627.7,2.83,11752.0,22490.0,1,82.3,185.8,98.4,0
1,122.9,575.9,3.08,8793.0,2962.0,1,83.2,192.8,93.1,1
1,145.4,670.1,4.73,7503.0,23274.0,0,93.7,174.8,69.6,1
3,145.0,600.8,3.7,8977.0,20725.0,0,73.0,191.5,92.9,0
1,96.2,684.0,2.13,10348.0,21116.0,2,80.8,186.6,91.7,1
3,171.1,684.2,3.04,9519.0,5894.0,0,79.2,191.7,105.8,0
2,136.4,626.1,2.98,11148.0,16267.0,2,79.7,179.2,82.6,1
2,115.4,578.9,1.87,10250.0,22062.0,2,84.8,174.6,88.4,1
1,167.1,674.3,3.68,9514.0,490.0,0,78.9,183.7,88.3,0
1,94.3,653.4,1.15,10378.0,15445.0,1,95.9,197.7,95.9,1
1,129.0,608.4,3.38,9065.0,9666.0,1,68.3,205.3,86.1,0
1,111.7,639.1,1.14,8029.0,13633.0,0,84.1,175.5,90.3,0
2,117.7,566.3,2.3,8547.0,15611.0,2,85.1,194.0,92.9,0
2,158.4,618.1,4.02,10532.0,18969.0,1,70.9,199.4,119.3,1
2,134.1,637.4,4.62,10445.0,15024.0,3,90.9,181.5,87.8,1
1,131.9,652.7,3.95,9363.0,16634.0,0,86.5,175.6,102.2,0
2,104.1,608.4,2.81,8665.0,20889.0,1,88.0,166.0,93.4,0
1,189.6,690.5,3.12,9485.0,19447.0,1,91.5,187.0,100.9,1
1,102.5,708.6,2.31,8632.0,14946.0,1,100.0,172.6,100.1,0
1,153.6,632.4,0.48,9859.0,18084.0,0,84.1,186.7,80.4,0
1,124.4,719.8,2.28,9024.0,6448.0,0,91.9,176.1,100.3,0
2,109.2,650.0,4.57,10616.0,854.0,2,80.2,179.6,105.9,1
2,88.3,614.7,1.72,9580.0,9501.0,0,80.7,156.4,90.8,0
2,107.5,579.7,2.81,8908.0,15261.0,1,74.7,179.9,85.0,0
1,146.2,696.1,2.65,9642.0,3812.0,2,78.7,175.6,102.3,1
1,114.1,609.3,4.52,9224.0,13024.0,2,78.6,186.3,103.5,1
2,131.4,590.1,2.35,10235.0,945.0,0,100.0,196.2,91.5,0
2,144.2,619.9,4.38,9465.0,4192.0,3,60.2,194.7,123.3,1
1,72.1,658.0,4.16,8875.0,23051.0,0,99.7,190.9,108.2,0
2,65.7,597.7,3.75,10432.0,14749.0,2,86.7,181.7,100.3,0
3,133.8,633.7,3.73,10762.0,20623.0,0,84.5,180.3,98.6,0
1,120.3,663.0,4.22,8462.0,9021.0,1,87.1,180.5,91.3,1
2,74.4,582.3,2.15,9131.0,18056.0,0,76.8,181.5,93.6,0
2,173.4,645.5,4.37,9943.0,17782.0,1,81.9,178.6,87.2,0
3,85.2,662.2,3.57,8870.0,9071.0,0,75.3,190.3,108.2,0
1,130.2,658.1,3.96,8641.0,1206.0,2,81.3,170.6,82.3,0
2,146.8,735.3,2.94,9568.0,22165.0,0,80.7,171.0,106.3,1
2,113.6,603.1,2.49,8973.0,9547.0,1,98.2,190.1,94.2,0
3,54.6,642.3,4.52,8884.0,18462.0,1,87.9,187.2,92.1,1
1,125.0,620.0,3.61,9907.0,947.0,0,100.0,184.4,98.8,0
2,97.3,613.0,3.63,9457.0,13237.0,0,86.6,199.0,92.2,0
1,130.6,651.0,2.88,9385.0,11998.0,1,87.0,158.1,85.8,0
2,96.8,670.6,1.59,9514.0,18453.0,0,77.7,172.3,98.6,0
2,102.4,690.6,1.65,8533.0,2665.0,0,71.7,199.0,95.2,0
2,140.9,686.9,2.84,10094.0,17227.0,2,80.4,182.8,103.9,0
2,136.2,758.3,3.33,9392.0,19947.0,1,100.0,191.6,88.7,1
3,168.8,684.9,2.62,10739.0,22548.0,1,75.6,161.6,100.1,0
3,125.2,700.5,3.36,9964.0,13078.0,0,86.8,184.6,102.0,0
2,199.4,586.3,2.81,10786.0,3594.0,0,87.7,177.2,93.7,0
2,62.3,611.4,4.45,10174.0,5997.0,2,85.8,183.3,95.5,1
1,89.7,603.9,4.38,7942.0,17172.0,0,70.4,181.6,84.8,1
3,120.1,572.4,3.74,8522.0,16881.0,1,90.3,192.2,84.9,0
1,168.8,583.1,2.0,7589.0,2913.0,0,81.9,181.8,115.0,0
1,113.1,677.8,3.25,11186.0,14777.0,2,76.5,176.0,87.7,1
3,158.8,691.5,1.19,8718.0,20.0,0,86.9,188.1,85.9,0
2,93.2,628.7,3.71,9339.0,8897.0,1,79.3,190.0,101.5,0
2,113.9,627.6,4.12,9480.0,8152.0,0,77.8,186.1,102.1,0
1,117.7,605.6,1.79,9184.0,16708.0,0,83.4,173.5,102.1,0
1,71.7,655.3,0.84,9790.0,940.0,0,83.8,179.2,78.7,0
1,81.4,585.8,1.93,11083.0,6190.0,0,71.8,169.0,100.3,0
1,140.9,661.7,2.24,8704.0,23645.0,0,70.5,178.3,82.6,1
2,72.2,643.0,2.12,10032.0,17906.0,2,66.6,192.5,84.4,0
3,177.3,697.0,2.96,10419.0,20153.0,2,91.2,146.9,84.5,1
1,101.3,590.5,2.72,9894.0,8245.0,2,82.8,161.0,104.6,1
1,153.9,606.6,3.67,9634.0,11954.0,0,65.6,173.5,80.1,0
1,114.5,547.6,2.99,9524.0,19334.0,0,70.9,207.1,95.2,0
2,117.5,631.0,1.85,8512.0,23929.0,1,85.6,173.6,98.6,0
3,65.5,671.2,3.94,8192.0,11438.0,1,73.2,194.3,94.6,0
1,120.1,662.2,2.46,10541.0,18638.0,1,85.8,190.9,86.1,0
2,95.3,556.8,2.83,9750.0,17206.0,2,83.3,172.7,90.5,1
2,147.6,686.6,5.39,7723.0,2162.0,0,90.2,191.0,93.6,0
2,110.7,673.4,2.22,9832.0,9693.0,0,90.4,173.8,91.6,0
2,103.1,660.2,2.6,12502.0,4907.0,0,80.2,166.8,97.5,0
1,160.4,606.2,2.87,9392.0,20482.0,1,86.3,178.2,90.2,1
2,129.7,684.6,3.87,11166.0,16297.0,1,94.9,175.5,84.8,0
3,104.9,694.1,2.62,10342.0,9743.0,0,68.5,187.7,94.1,0
3,72.6,605.8,3.95,8263.0,11633.0,2,64.2,184.3,92.8,0
2,124.8,578.8,4.5,8843.0,20948.0,2,71.7,167.6,98.4,1
2,133.8,610.0,1.65,6855.0,15847.0,0,78.0,168.7,102.5,0
2,129.6,666.3,2.4,9853.0,790.0,1,85.9,190.2,111.7,0
1,87.1,610.9,4.84,9081.0,6648.0,0,71.6,174.0,94.5,1
3,156.3,644.4,2.66,9669.0,16843.0,0,95.3,168.9,89.8,0
2,96.2,644.6,1.07,9825.0,22613.0,1,80.9,182.6,88.3,1
1,163.4,570.6,2.96,9984.0,3574.0,1,90.3,198.2,112.5,0
3,113.8,681.1,2.13,9709.0,16941.0,2,70.4,170.0,102.7,0
2,200.0,741.5,2.85,8018.0,13312.0,0,87.5,168.6,107.8,1
2,131.5,587.4,4.25,10447.0,13025.0,1,83.3,183.6,97.8,0
1,187.6,622.2,3.66,8920.0,8737.0,2,74.2,204.5,95.0,1
1,105.5,650.1,3.81,6744.0,16361.0,0,66.7,170.6,73.8,1
2,109.0,566.7,1.64,10621.0,1605.0,0,88.1,210.7,112.5,0
1,109.5,693.6,2.42,9995.0,14767.0,1,72.9,185.5,98.2,0
1,170.7,628.3,2.67,8800.0,18858.0,1,85.3,179.5,93.3,1
1,141.0,598.2,2.99,10136.0,2255.0,0,100.0,188.2,107.4,0
1,134.2,504.7,2.7,9881.0,3538.0,1,76.6,159.4,84.9,1
1,128.1,647.5,3.97,8396.0,13552.0,0,76.5,170.6,91.0,0
2,148.0,591.6,2.53,9991.0,10591.0,4,79.7,163.3,92.7,0
2,142.1,570.7,3.12,8267.0,11982.0,2,98.6,185.0,93.8,0
1,144.4,577.3,2.95,10972.0,13832.0,0,70.8,163.1,92.1,0
3,126.1,580.5,2.95,8439.0,20568.0,0,75.9,192.3,96.1,0
2,94.2,676.6,4.32,11313.0,990.0,0,78.3,170.5,86.8,0
3,89.8,655.7,4.23,10487.0,3421.0,2,68.8,182.0,100.8,0
2,124.9,608.1,3.68,8370.0,6323.0,0,91.6,174.2,85.6,0
1,152.2,637.5,2.51,9790.0,15934.0,0,72.1,187.7,103.4,0
3,115.1,632.0,1.48,9204.0,21012.0,2,77.4,180.6,93.6,1
1,158.7,636.5,1.85,8906.0,17071.0,2,98.4,177.9,98.6,0
1,196.2,704.9,3.41,9451.0,21500.0,1,86.8,186.3,87.3,1
2,140.5,665.7,3.46,8076.0,10658.0,0,84.2,190.3,80.1,0
2,141.7,647.4,3.19,9010.0,8823.0,0,96.0,181.8,94.9,0
2,236.1,591.1,4.7,11228.0,15481.0,1,78.9,191.6,76.5,1
1,121.2,645.0,3.67,9899.0,19196.0,0,74.9,164.6,86.7,1
3,104.6,643.6,4.29,10406.0,8664.0,2,80.8,166.7,117.8,0
1,126.6,708.9,2.64,9578.0,17063.0,0,99.0,190.8,94.6,0
2,184.2,627.6,1.26,9656.0,5087.0,3,74.6,191.6,94.0,1
1,121.0,634.6,2.55,9542.0,1573.0,0,100.0,175.1,87.1,0
2,81.0,624.4,4.39,7935.0,7419.0,0,69.6,183.5,105.8,0
1,144.6,640.3,1.13,10124.0,2091.0,1,78.6,175.5,96.2,0
3,142.5,591.8,2.18,8981.0,10669.0,0,80.1,180.6,94.1,0
2,115.5,653.3,3.74,9847.0,12446.0,1,69.7,178.0,97.4,1
1,152.2,639.9,3.11,9513.0,23697.0,0,85.7,191.8,77.6,0
1,107.5,633.1,1.49,9643.0,23563.0,2,94.1,180.4,80.7,1
2,79.5,687.3,3.49,9223.0,1212.0,2,76.1,192.5,91.7,1
1,120.5,637.9,2.84,9684.0,14492.0,2,77.9,177.9,90.7,1
1,141.6,632.0,2.5,8768.0,19535.0,1,79.0,179.4,89.5,0
1,144.1,619.2,2.67,9128.0,4755.0,0,70.6,183.3,82.5,0
3,93.9,551.1,3.73,8884.0,8920.0,1,69.7,177.3,84.4,0
3,118.0,658.5,4.03,11966.0,18777.0,0,73.1,187.6,104.3,0
1,153.0,601.8,4.89,9551.0,16816.0,5,66.7,190.5,89.7,1
1,150.2,625.8,2.52,9791.0,18266.0,1,80.9,171.0,106.5,0
3,84.1,651.9,3.21,10032.0,4425.0,3,81.1,181.7,95.6,1
2,153.5,665.1,4.1,10227.0,1966.0,1,84.3,182.6,86.2,0
1,153.5,652.4,2.99,9521.0,19870.0,2,83.4,188.7,96.0,1
2,116.6,691.3,3.02,10596.0,207.0,0,78.4,169.6,97.0,0
3,142.3,685.6,3.51,8944.0,5680.0,0,89.1,188.2,95.5,0
2,76.9,626.1,1.47,8867.0,4891.0,0,78.8,207.5,95.3,0
3,146.4,636.8,2.3,10756.0,11221.0,2,87.3,178.7,74.6,0
2,100.6,604.8,5.43,9669.0,14421.0,0,98.2,195.3,81.4,1
1,155.8,638.6,3.68,10668.0,16986.0,2,70.6,187.5,95.4,1
3,123.6,633.7,4.31,9283.0,23250.0,2,96.6,186.1,109.0,0
3,154.3,603.6,2.25,9047.0,12777.0,2,84.7,169.2,87.9,0
2,160.5,632.1,2.8,8793.0,13995.0,0,84.3,150.2,86.2,0
2,128.1,748.1,1.2,8332.0,21416.0,0,100.0,177.0,103.5,0
2,111.5,657.4,4.35,11954.0,7585.0,2,97.0,189.6,87.6,0
3,158.9,635.7,0.2,10598.0,12833.0,0,97.9,164.9,93.3,0
1,120.9,698.9,2.55,10792.0,11960.0,1,71.3,176.9,94.1,1
1,150.2,524.0,1.01,9267.0,10445.0,0,94.2,182.1,107.0,0
1,125.5,631.7,3.77,8803.0,13736.0,0,79.7,186.2,115.3,0
1,119.0,651.1,2.45,9175.0,7547.0,0,66.5,183.3,99.1,1
2,162.8,657.6,2.06,8705.0,16929.0,0,85.3,182.1,83.1,0
3,142.2,674.1,3.24,8740.0,23032.0,0,78.7,190.8,104.4,0
1,114.2,673.1,2.23,9138.0,20645.0,0,80.9,184.3,115.1,0
1,115.8,624.5,4.44,9975.0,3254.0,1,93.1,170.8,84.9,0
1,65.8,680.5,3.35,7472.0,11004.0,0,84.8,181.2,102.5,0
1,110.6,711.7,1.73,11731.0,13037.0,0,76.5,188.3,82.2,0
2,92.9,638.5,3.94,8688.0,12186.0,0,73.2,189.9,94.4,0
1,125.4,704.9,2.71,9976.0,17809.0,2,97.1,192.1,87.1,0
1,101.7,680.8,2.24,10134.0,23470.0,1,81.5,183.3,85.0,1
1,116.9,645.6,3.57,10301.0,8440.0,2,93.5,196.1,99.7,0
3,121.7,673.6,2.2,9064.0,3485.0,0,77.5,184.4,87.8,0
1,114.8,614.2,2.94,9729.0,2825.0,1,78.9,170.6,101.2,0
1,135.9,679.0,4.86,9734.0,4914.0,0,83.1,172.4,97.5,0
1,92.1,619.5,2.15,8710.0,6981.0,1,83.1,214.9,86.4,0
2,138.4,570.2,2.4,9285.0,12840.0,1,100.0,166.1,107.6,0
1,161.9,762.1,5.06,9611.0,1211.0,4,91.9,183.6,109.1,1
1,162.2,644.8,2.02,8794.0,20853.0,2,76.9,163.3,95.0,0
1,162.7,659.9,4.5,10288.0,19288.0,1,90.4,167.9,96.9,1
1,103.6,598.9,4.12,10903.0,15100.0,1,64.7,177.1,104.8,1
1,147.5,648.4,4.58,9171.0,18152.0,2,83.3,180.8,106.4,1
1,166.4,698.4,0.73,8503.0,21741.0,0,79.9,194.9,83.9,1
2,78.1,664.2,3.8,6972.0,9884.0,0,88.2,155.0,98.6,0
2,159.4,579.9,2.15,7826.0,7589.0,1,83.8,191.8,79.7,0
2,120.4,650.2,1.7,8597.0,15411.0,2,90.9,208.4,98.8,0
2,153.4,687.7,2.42,8103.0,23337.0,1,87.8,183.1,111.3,0
1,95.8,684.0,3.62,9825.0,19419.0,0,90.4,190.9,96.5,1
2,76.0,636.1,2.3,9583.0,8803.0,0,81.3,189.1,110.6,0
1,162.1,626.8,1.7,9064.0,23763.0,2,76.7,181.4,91.3,1
2,80.8,640.1,4.64,9913.0,8383.0,2,70.8,184.0,96.7,1
2,126.3,627.2,4.27,10851.0,17947.0,0,68.2,170.9,109.5,0
3,125.8,625.0,4.22,10455.0,14395.0,1,81.2,176.2,107.6,0
2,126.7,662.0,3.16,8928.0,14622.0,0,87.7,194.0,95.5,0
1,101.9,648.7,3.82,9004.0,20461.0,0,73.0,185.9,110.0,1
2,138.8,648.1,3.13,7753.0,9231.0,0,74.2,189.5,85.8,0
2,150.2,650.2,3.01,7895.0,324.0,2,66.8,182.0,91.7,1
1,113.9,668.0,3.11,8985.0,22084.0,0,89.4,171.4,93.3,0
1,158.6,665.1,3.81,10146.0,16132.0,1,84.4,163.4,91.7,0
2,90.2,611.6,3.25,8730.0,8995.0,3,87.1,184.6,86.9,1
2,80.5,623.0,2.55,10079.0,9561.0,2,100.0,164.5,110.7,0
2,111.7,556.2,3.14,9321.0,20863.0,0,86.8,188.2,99.0,0
2,178.7,634.1,4.31,9103.0,3207.0,0,76.3,178.3,114.2,0
3,85.1,590.9,3.82,9506.0,1334.0,0,93.4,178.9,87.6,0
3,159.0,558.0,0.55,10257.0,6775.0,1,83.1,195.0,87.4,0
2,96.1,647.2,3.39,9173.0,6067.0,0,81.7,190.3,113.4,0
2,126.0,561.0,2.16,10530.0,4015.0,4,78.9,187.1,94.6,1
1,109.8,656.6,5.06,10264.0,6371.0,1,94.5,179.4,103.9,1
3,75.5,634.9,6.17,9229.0,1434.0,0,83.0,180.2,94.9,0
1,101.0,634.5,4.22,8229.0,1734.0,1,68.4,174.4,102.8,0
1,136.1,681.2,4.09,9643.0,21831.0,1,85.3,182.1,90.7,0
2,157.4,690.7,4.65,8923.0,9661.0,1,84.7,166.8,92.9,1
3,101.5,676.6,4.54,9136.0,9710.0,1,80.3,199.1,87.9,0
2,143.7,763.2,2.72,10532.0,8059.0,0,100.0,178.6,84.2,0
2,117.2,686.0,2.46,9178.0,12772.0,1,96.5,166.8,101.1,0
1,142.0,674.5,3.45,9453.0,19992.0,2,82.3,192.8,92.8,1
2,128.5,565.1,2.74,9540.0,1158.0,1,85.3,175.9,87.8,1
1,132.4,727.3,2.94,10050.0,3494.0,2,79.7,184.8,83.8,0
2,105.4,700.9,2.4,8581.0,18286.0,1,99.0,187.0,101.5,0
2,171.5,603.7,1.81,9281.0,7026.0,1,71.1,181.1,102.0,0
3,107.5,628.7,3.92,8474.0,2653.0,1,65.0,196.9,91.7,0
3,145.7,565.7,3.89,10115.0,5618.0,1,83.3,168.0,92.9,0
1,158.6,651.0,3.33,10982.0,10329.0,1,81.9,169.9,109.9,0
1,123.8,704.8,5.31,7769.0,1151.0,1,90.3,183.5,97.7,1
1,121.4,610.7,3.61,7611.0,8193.0,0,76.3,175.1,100.3,0
2,127.2,632.8,1.2,8713.0,12653.0,1,76.1,154.0,81.7,0
1,160.8,589.7,2.44,8617.0,5705.0,2,82.3,182.5,93.9,1
2,54.8,692.1,4.89,10328.0,21713.0,0,75.3,180.2,116.5,1
2,117.1,579.1,1.9,9339.0,22523.0,1,88.5,171.2,97.3,0
1,88.0,662.7,3.34,9102.0,7640.0,2,84.1,176.5,94.8,1
2,143.7,709.9,4.71,8764.0,8080.0,2,88.0,174.5,93.1,1
2,128.8,647.6,2.63,10553.0,20541.0,0,69.4,183.8,111.4,0
1,126.1,629.3,2.49,8383.0,8936.0,1,77.9,173.8,102.9,0
1,171.9,635.0,2.41,8800.0,7363.0,1,80.6,178.2,107.5,1
1,171.4,531.3,4.72,9440.0,16224.0,1,88.0,167.0,102.7,1
2,167.6,624.0,2.47,9342.0,13415.0,1,80.0,160.5,89.4,0
3,121.0,560.7,2.26,10287.0,7009.0,1,63.1,185.3,66.2,0
3,102.5,580.9,3.86,10041.0,1951.0,0,84.1,181.2,108.9,0
1,115.2,683.9,0.49,10072.0,15342.0,2,76.0,177.3,102.3,1
2,58.6,552.5,5.66,8995.0,19082.0,0,84.4,172.6,103.3,0
1,70.0,661.4,2.29,8292.0,5038.0,1,69.3,177.2,91.7,0
1,81.3,635.1,1.65,9402.0,14767.0,0,75.0,194.5,87.0,1
3,119.4,549.6,2.69,10851.0,15210.0,0,88.5,177.4,81.0,0
2,83.9,610.1,2.95,9818.0,2613.0,0,93.8,194.5,86.0,0
2,143.1,598.3,2.92,9083.0,16257.0,0,75.4,192.8,93.9,0
1,178.9,636.4,3.63,8718.0,16181.0,2,78.8,181.9,78.4,1
1,115.0,684.7,3.9,10441.0,5150.0,0,91.6,183.7,74.9,0
2,110.1,678.0,3.11,9044.0,23602.0,2,66.9,174.4,111.9,1
3,40.0,594.3,3.08,8956.0,20790.0,0,97.7,149.3,90.0,0
2,96.1,592.8,1.91,11013.0,13598.0,1,84.8,188.1,85.7,0
2,142.3,624.7,1.03,9957.0,13916.0,1,93.5,169.6,85.6,0
2,123.9,582.3,3.14,8793.0,390.0,0,67.5,190.9,102.9,0
1,140.3,530.2,2.08,9070.0,15269.0,0,86.5,161.1,99.8,1
2,122.9,663.8,3.7,9667.0,23051.0,0,83.3,189.0,102.5,0
1,180.1,649.6,2.2,9218.0,19612.0,1,90.6,164.6,104.1,0
2,133.0,626.4,2.47,8393.0,16207.0,2,67.1,170.0,101.3,0
2,156.3,616.0,1.98,9287.0,20662.0,0,72.4,167.7,92.3,0
3,142.1,758.3,2.62,8827.0,22484.0,1,81.6,189.2,103.9,1
2,115.2,617.9,1.46,10782.0,9290.0,1,92.8,177.9,87.5,0
1,131.0,599.4,1.3,6940.0,20213.0,2,78.9,184.7,85.6,1
1,91.1,660.3,0.54,9192.0,6183.0,0,86.8,177.8,123.0,0
1,131.3,617.2,3.09,9321.0,1674.0,0,87.2,181.5,102.6,0
2,127.6,678.2,3.18,10145.0,15198.0,0,64.5,187.4,102.4,0
2,112.9,694.6,2.58,9553.0,14427.0,2,96.2,187.6,78.7,0
1,63.4,563.9,2.9,10235.0,11189.0,1,85.2,187.9,96.3,0
1,125.5,656.9,4.18,9638.0,23859.0,0,88.1,175.4,99.2,0
3,79.2,597.0,2.72,10301.0,18379.0,1,84.3,167.1,97.7,0
1,119.8,681.8,3.96,9215.0,15939.0,0,85.0,170.3,89.8,1
2,116.5,603.0,3.35,8638.0,189.0,0,90.8,187.6,102.4,0
3,179.2,755.6,1.95,8163.0,16597.0,2,79.1,170.1,102.4,1
1,214.3,554.8,2.67,8327.0,6623.0,1,91.9,203.1,116.9,1
3,134.5,721.5,2.98,9829.0,20103.0,2,77.4,176.8,95.5,0
1,94.0,715.4,3.31,9641.0,4590.0,1,100.0,178.5,93.4,1
2,110.6,622.5,2.98,9993.0,11770.0,2,96.1,171.8,93.8,0
2,135.5,694.2,2.69,9063.0,2308.0,1,73.4,178.5,91.8,0
3,116.3,727.0,3.8,8325.0,14983.0,0,79.6,179.0,94.4,0
2,108.4,681.6,2.08,10486.0,8349.0,1,90.9,192.0,81.7,0
2,153.2,597.1,4.64,9935.0,18400.0,3,88.9,170.2,88.0,1
1,126.7,698.1,3.01,9153.0,15519.0,2,86.6,179.6,101.8,1
1,106.1,576.7,3.41,8130.0,19944.0,0,96.8,180.5,112.6,0
2,158.2,656.0,1.95,10397.0,15730.0,2,83.5,188.7,87.9,1
2,109.2,610.5,1.59,11263.0,13605.0,0,76.0,194.8,83.0,0
1,159.1,682.7,3.7,10523.0,866.0,0,81.0,189.5,94.6,0
3,127.4,573.6,1.95,8620.0,17436.0,1,79.1,163.7,82.7,0
2,123.7,649.9,2.95,8855.0,1319.0,1,88.2,184.1,95.1,0
2,84.2,679.1,1.43,10655.0,3431.0,1,74.9,204.1,107.2,1
2,130.8,618.1,2.92,9950.0,12268.0,0,91.4,189.4,93.7,0
2,104.2,623.4,3.93,10000.0,9557.0,2,76.6,174.1,78.9,1
2,133.0,585.6,3.69,8099.0,10193.0,1,67.6,172.0,80.1,1
2,126.6,560.1,3.1,9497.0,22116.0,0,94.0,188.7,75.2,1
2,63.0,576.8,2.1,10660.0,21435.0,1,68.4,189.8,91.7,1
1,125.3,645.7,4.85,9432.0,5337.0,0,78.5,183.6,86.9,1
3,74.9,602.9,1.88,8987.0,776.0,1,84.6,182.5,86.7,0
3,160.2,668.8,3.84,9922.0,9048.0,2,76.6,178.6,79.7,0
3,158.9,690.4,3.49,10670.0,175.0,0,82.8,184.8,100.1,0
1,108.3,666.0,3.04,8745.0,2641.0,2,98.0,161.5,89.6,0
2,90.3,655.0,4.1,9929.0,15184.0,1,87.1,182.1,78.0,0
2,110.3,667.0,4.49,7646.0,14891.0,1,83.4,171.0,95.6,1
1,123.2,643.5,2.24,8228.0,18108.0,1,72.4,184.3,78.0,0
3,198.2,680.4,1.83,8763.0,7257.0,1,74.1,169.0,101.1,0
3,139.7,638.7,4.27,9451.0,6521.0,1,81.7,185.2,88.6,0
2,87.6,708.8,2.59,10022.0,15206.0,2,66.2,176.8,89.8,1
2,105.7,590.0,3.2,9716.0,5786.0,0,69.2,159.6,84.6,0
3,155.2,609.1,3.0,10146.0,13239.0,0,71.3,172.0,86.8,0
1,85.7,649.4,3.65,10408.0,21047.0,0,94.2,166.6,103.7,0
3,168.2,656.8,3.63,10277.0,13519.0,2,71.1,205.5,94.3,0
3,71.3,653.5,5.09,10637.0,10934.0,0,83.2,178.5,83.5,0
3,96.9,631.1,4.14,8707.0,1853.0,0,75.8,156.1,79.3,0
1,163.1,604.2,1.49,9946.0,7579.0,1,87.7,159.8,110.6,0
2,157.2,609.4,3.78,10577.0,23108.0,0,57.6,162.1,99.8,0
