cement,blast_furnace_slag,fly_ash,water,superplasticizer,coarse_aggregate,fine_aggregate,age_days,compressive_strength_mpa
411.0,0.0,190.2,210.7,0.0,1043.0,892.0,7,71.59
462.6,151.3,98.2,171.6,7.8,937.5,950.0,28,82.0
264.7,139.4,140.3,203.1,0.0,843.1,993.0,28,69.3
138.8,0.0,21.0,155.2,0.0,1065.5,817.4,28,43.83
360.1,0.0,193.1,141.3,7.9,1112.5,747.9,56,82.0
181.4,98.0,90.9,198.3,7.8,990.0,860.4,3,25.83
421.9,0.0,124.7,186.1,10.7,1085.9,839.3,56,82.0
265.0,44.3,133.4,182.8,1.5,832.9,995.0,28,66.93
311.9,0.0,0.0,166.9,0.0,861.1,955.7,3,51.41
529.9,5.0,118.5,194.3,10.1,1138.1,673.2,28,82.0
448.2,0.0,179.5,158.8,0.0,874.8,965.8,90,82.0
474.4,326.2,0.0,148.9,10.9,885.0,963.7,1,82.0
353.1,34.0,0.0,186.4,5.9,881.3,932.9,28,82.0
515.5,131.7,0.0,180.8,7.3,979.9,873.6,1,82.0
127.7,0.0,132.4,189.4,0.0,906.0,968.8,28,24.96
493.5,96.0,0.0,143.7,7.5,995.9,877.7,180,82.0
283.7,24.7,145.9,190.6,0.0,1026.4,866.3,28,66.29
217.3,0.0,0.0,194.1,0.0,1129.9,759.0,7,31.17
344.4,54.1,0.0,174.0,0.0,966.9,887.7,90,82.0
516.8,0.0,97.5,173.4,0.0,1000.4,922.6,28,82.0
259.0,300.8,0.0,194.5,1.1,1104.0,824.0,28,77.64
501.6,358.4,0.0,193.7,10.5,1077.5,797.7,90,82.0
316.3,141.8,172.6,192.8,0.0,847.6,995.0,56,82.0
526.3,0.0,0.0,166.4,8.5,891.0,995.0,7,82.0
441.0,344.8,0.0,165.7,9.8,1010.1,841.8,7,82.0
449.0,7.6,0.0,201.3,7.1,847.3,995.0,14,79.19
271.8,258.0,0.0,176.5,0.3,806.6,995.0,180,82.0
366.9,0.0,0.0,170.7,7.1,832.3,995.0,28,80.61
224.4,0.0,0.0,186.8,2.6,1136.1,712.5,56,63.88
456.1,0.0,72.1,211.5,9.4,936.1,938.9,1,63.37
228.6,0.0,0.0,178.7,5.2,952.4,923.8,14,51.89
402.5,0.0,148.6,161.5,3.7,867.2,995.0,56,82.0
151.6,0.0,0.0,167.9,5.1,1132.7,740.0,28,36.54
223.7,65.4,0.0,183.1,5.9,1027.2,855.7,365,78.61
270.4,43.1,0.0,198.7,10.1,844.9,995.0,3,42.76
192.3,13.3,0.0,218.3,2.6,814.6,995.0,56,42.6
229.3,0.0,58.2,175.5,1.2,1025.3,862.6,56,75.83
204.8,282.1,40.3,203.2,0.4,825.3,995.0,180,75.99
136.7,253.5,0.0,168.3,5.5,841.5,995.0,3,23.56
264.0,245.7,0.0,216.2,1.8,917.8,921.0,7,57.6
316.7,0.0,0.0,191.7,4.0,1006.5,881.5,28,80.22
295.3,0.0,0.0,217.5,5.3,1005.7,889.7,28,66.72
497.8,0.0,184.7,206.1,0.0,981.1,954.0,7,82.0
157.3,64.9,0.0,183.7,1.7,1073.3,813.1,28,36.7
382.1,119.4,177.1,193.1,10.0,1048.6,839.1,28,82.0
266.5,0.0,0.0,194.5,7.3,1126.0,772.0,56,64.95
130.9,6.7,0.0,187.3,3.1,965.6,894.6,7,10.18
444.7,56.6,0.0,169.3,6.2,804.8,995.0,14,82.0
297.2,0.0,189.7,170.5,2.8,1137.2,750.4,90,82.0
530.0,0.0,51.8,195.1,5.3,1058.8,888.1,28,82.0
445.3,213.5,124.0,155.5,5.1,816.3,995.0,365,82.0
484.9,309.2,0.0,160.4,9.0,1093.3,850.3,14,82.0
357.7,42.6,166.6,183.6,5.6,818.7,995.0,28,82.0
262.6,13.7,145.6,162.1,5.5,1053.7,784.8,28,82.0
478.8,192.6,0.0,155.2,4.1,1027.8,840.8,56,82.0
293.5,91.5,0.0,235.6,5.8,813.4,995.0,90,71.05
486.0,306.0,0.0,128.9,6.1,972.6,913.1,7,82.0
503.6,88.1,0.0,156.4,11.1,893.2,981.1,90,82.0
268.7,0.0,0.0,165.4,2.6,979.7,898.1,14,67.31
424.6,93.4,0.0,200.0,3.6,1029.3,818.3,28,82.0
461.8,140.6,0.0,172.0,5.0,1073.2,838.0,90,82.0
539.1,138.0,0.0,172.5,8.3,906.1,953.6,28,82.0
312.1,309.1,6.3,184.1,2.0,902.3,928.3,7,72.67
204.3,200.9,0.0,177.0,6.3,808.1,995.0,7,46.77
228.5,193.9,0.0,147.6,6.7,858.2,995.0,365,82.0
280.3,2.9,19.5,189.0,5.4,802.9,995.0,14,58.05
150.0,0.0,130.3,153.3,2.4,1060.4,798.2,28,53.93
411.1,115.4,16.7,149.7,3.1,1130.4,766.1,28,82.0
143.9,0.0,0.0,176.8,5.0,1077.8,840.9,28,31.78
315.3,0.0,199.5,195.5,8.5,1136.3,665.1,56,82.0
539.2,155.0,0.0,214.9,6.0,979.5,912.3,180,82.0
289.4,57.5,0.0,194.0,0.0,958.8,910.0,7,62.74
208.4,0.0,0.0,175.1,0.0,935.5,964.5,7,33.83
291.6,0.0,0.0,156.5,3.6,925.7,884.9,28,82.0
229.7,0.0,0.0,184.5,4.6,952.2,884.2,56,66.45
204.9,346.5,0.0,185.1,5.5,931.8,892.0,7,63.96
229.6,127.5,198.5,202.0,3.1,865.6,995.0,28,71.22
248.7,182.2,0.0,194.2,2.2,1113.4,777.8,7,51.18
312.1,0.0,59.9,188.8,4.6,840.9,983.2,28,82.0
238.9,224.4,85.9,204.9,0.7,990.2,904.7,7,54.93
388.3,0.0,0.0,149.1,3.0,881.2,995.0,28,82.0
480.1,0.0,4.5,189.0,12.1,1065.2,834.3,90,82.0
130.2,0.0,0.0,159.2,0.0,833.5,984.4,7,15.43
315.4,290.4,162.2,148.4,2.7,1072.4,814.1,3,82.0
379.0,351.8,0.0,156.3,2.2,932.5,983.0,90,82.0
319.5,319.0,98.8,192.0,0.0,1134.5,794.4,180,82.0
397.6,348.0,40.4,195.7,3.1,900.3,995.0,180,82.0
206.2,0.0,135.2,195.3,5.7,1010.9,850.3,3,36.71
512.7,257.4,11.4,185.3,1.8,1029.2,835.9,28,82.0
538.3,7.1,0.0,173.9,5.8,851.8,995.0,3,82.0
468.1,45.0,0.0,190.0,0.0,1059.2,846.9,3,82.0
365.5,0.0,0.0,185.9,5.0,1070.2,806.5,7,55.98
469.9,39.6,0.0,184.5,8.2,1008.3,830.3,1,68.95
402.6,359.2,0.0,187.0,6.9,1064.8,825.9,90,82.0
483.6,293.2,0.0,184.6,6.4,946.8,948.7,28,82.0
329.6,0.0,16.3,186.3,3.6,936.8,922.9,7,66.65
238.5,326.0,119.5,163.8,4.2,1025.8,875.0,180,82.0
354.3,0.0,15.4,192.0,3.7,1001.6,870.1,28,79.91
328.1,0.0,0.0,219.5,0.1,847.7,995.0,28,60.86
208.1,282.3,182.5,188.3,0.0,891.2,995.0,56,81.98
402.6,211.6,80.1,175.9,4.5,1090.0,821.6,28,82.0
426.9,0.0,188.4,151.4,7.6,1100.1,764.4,180,82.0
230.9,254.1,0.0,194.4,0.0,838.2,994.4,14,55.3
188.8,100.1,109.1,197.4,0.0,839.7,995.0,28,39.93
364.2,154.0,2.9,175.6,4.6,946.7,901.9,56,82.0
312.8,315.7,0.0,209.4,7.5,892.3,995.0,3,59.91
424.4,0.0,0.0,214.3,6.2,944.4,913.9,28,81.74
432.5,0.0,100.4,169.3,5.8,1132.1,768.6,56,82.0
128.1,0.0,0.0,192.6,3.9,1017.9,842.3,14,7.53
208.4,0.0,0.0,213.7,8.5,804.8,995.0,7,26.9
483.9,159.1,157.7,185.5,12.9,1105.4,713.6,180,82.0
402.4,0.0,0.0,165.9,7.1,1134.0,807.3,14,81.07
451.8,281.9,118.4,169.6,2.1,1129.3,773.3,28,82.0
432.6,24.6,0.0,164.7,2.9,1107.1,801.2,56,82.0
369.5,1.0,160.2,185.8,1.5,940.0,948.5,180,82.0
255.9,261.1,23.7,199.2,1.6,817.1,995.0,28,67.88
240.0,0.0,129.6,200.5,0.0,1069.9,831.7,28,51.16
380.8,0.0,0.0,216.5,3.1,1131.1,725.5,3,64.59
379.5,336.5,148.6,167.7,5.1,818.1,995.0,7,82.0
505.8,157.7,0.0,196.9,0.8,1102.7,787.0,7,82.0
382.8,347.2,0.0,223.3,3.8,838.6,987.1,28,82.0
358.0,0.0,145.2,129.3,4.5,819.6,995.0,28,82.0
127.1,0.0,0.0,182.4,0.0,1084.5,789.4,3,3.42
397.3,325.5,0.0,177.3,3.0,1054.0,808.6,14,82.0
489.1,88.7,99.2,198.3,14.8,1044.1,838.8,90,82.0
389.0,0.0,0.0,167.7,5.2,1058.4,852.6,28,82.0
338.3,268.1,0.0,206.4,5.6,914.2,946.5,14,78.46
262.1,0.0,0.0,182.8,5.3,806.1,995.0,180,82.0
537.4,276.1,31.6,181.1,4.6,1097.1,797.5,28,82.0
243.3,217.1,0.0,197.3,0.9,836.0,995.0,180,82.0
448.1,93.9,103.6,156.8,4.3,865.8,995.0,90,82.0
327.6,293.0,0.0,157.8,3.3,1130.6,759.7,90,82.0
358.2,289.1,0.0,221.5,2.7,1006.9,842.4,365,82.0
130.6,120.5,31.1,175.3,3.3,1042.9,840.6,3,13.92
457.9,278.4,23.2,199.7,1.9,880.4,995.0,28,82.0
308.3,0.0,39.4,209.7,3.1,900.6,979.7,28,67.59
513.9,0.0,0.0,139.9,4.2,860.3,995.0,56,82.0
521.8,0.0,0.0,140.7,8.5,922.2,995.0,90,82.0
498.9,0.0,0.0,223.9,3.3,1121.2,721.9,1,57.73
407.9,0.0,0.0,222.9,5.2,880.9,995.0,7,73.19
194.4,125.3,0.0,162.9,1.2,807.2,995.0,180,76.95
203.6,303.8,71.7,178.9,0.1,913.4,895.9,56,79.29
278.4,262.0,46.6,208.1,4.0,997.3,771.9,28,73.67
193.6,202.6,48.5,218.4,3.4,1117.3,734.0,7,29.01
518.1,0.0,96.9,155.3,7.4,1075.3,855.6,28,82.0
305.8,1.7,0.0,199.9,0.0,1037.8,829.1,28,55.1
416.8,0.0,0.0,195.7,0.2,867.6,975.0,28,79.03
188.0,0.0,0.0,201.7,0.0,887.4,995.0,3,16.23
360.9,93.3,0.0,212.3,7.1,1112.4,813.5,56,82.0
159.8,0.0,43.4,193.2,1.2,843.4,995.0,90,41.05
226.5,53.4,0.0,185.8,5.6,873.1,995.0,3,39.69
462.5,0.0,137.3,175.3,6.4,890.7,995.0,56,82.0
301.1,0.0,129.6,185.2,0.2,968.8,883.0,56,82.0
460.3,47.1,0.0,190.0,0.0,921.2,938.5,28,82.0
337.8,262.8,165.1,205.6,8.9,1080.8,744.9,1,71.18
329.4,195.0,0.0,179.4,3.8,1110.8,802.7,56,82.0
310.9,0.0,126.4,158.6,4.2,931.3,940.5,180,82.0
277.0,194.9,0.0,163.3,2.6,1034.4,930.8,1,48.44
346.6,144.3,0.0,161.6,7.2,1067.4,870.7,56,82.0
240.5,0.0,0.0,181.8,3.3,1000.1,843.3,180,80.1
473.0,38.7,23.8,194.3,2.7,838.7,995.0,28,82.0
220.8,126.0,0.0,183.9,1.0,845.1,995.0,28,60.79
426.2,68.1,145.9,182.4,0.0,933.2,958.2,3,72.63
276.8,46.9,0.0,182.4,10.6,991.4,862.9,365,82.0
348.6,0.0,172.0,212.2,10.7,801.1,995.0,7,73.68
182.2,122.2,0.0,206.3,0.0,818.2,995.0,3,14.81
509.4,0.0,129.8,166.4,11.1,1094.1,787.3,56,82.0
259.9,13.8,29.0,168.9,2.7,1128.6,705.5,28,72.97
523.7,0.0,0.0,177.7,2.6,870.7,995.0,90,82.0
189.2,0.0,0.0,210.9,2.3,1012.5,901.2,7,19.41
256.1,339.7,18.2,173.1,5.4,805.8,995.0,7,79.53
383.5,289.4,0.0,169.3,4.4,899.8,995.0,28,82.0
354.4,165.5,0.0,195.4,0.4,973.4,869.6,3,61.0
479.7,0.0,23.4,193.2,0.0,971.8,841.4,7,79.61
148.6,319.0,7.6,180.3,0.0,1104.4,685.6,28,46.04
305.0,145.1,174.6,196.1,10.1,809.1,995.0,56,82.0
349.1,326.9,0.0,155.2,2.3,885.8,951.5,28,82.0
342.4,0.0,0.0,191.0,8.6,1061.7,838.7,28,74.18
354.6,0.0,0.0,161.6,5.4,894.5,992.4,7,75.91
286.8,0.0,0.0,197.3,4.7,965.5,908.1,28,63.17
534.6,94.8,41.5,208.2,14.5,865.3,990.5,7,82.0
200.7,0.0,109.6,155.6,5.2,982.4,893.3,7,55.87
252.4,12.1,33.0,201.4,0.0,1023.5,846.5,28,63.19
309.5,0.0,0.0,201.2,7.2,819.1,995.0,3,53.06
523.6,178.9,123.4,157.7,6.6,1048.2,859.0,1,82.0
224.9,186.7,0.0,191.2,3.3,922.2,983.3,3,45.19
216.0,0.0,0.0,169.7,4.8,842.5,995.0,56,67.41
344.4,191.5,0.0,158.2,7.7,989.8,953.0,3,81.26
342.8,0.0,0.0,211.8,0.0,843.0,995.0,28,64.22
321.2,0.0,0.0,204.2,9.5,877.5,986.6,28,68.26
340.8,0.0,99.3,189.7,12.6,894.6,995.0,28,81.18
450.8,271.9,137.4,138.0,5.6,827.8,995.0,14,82.0
452.1,109.9,0.0,157.0,11.6,877.0,951.2,90,82.0
488.2,51.7,79.8,227.2,3.3,833.9,995.0,1,62.13
275.6,304.5,86.1,163.5,0.4,1011.7,868.4,3,69.18
402.8,0.0,0.0,198.2,5.2,1031.0,819.7,28,80.5
379.3,179.9,0.0,155.3,0.0,1036.4,878.4,28,82.0
211.3,0.0,0.0,237.1,1.8,1004.7,923.4,28,31.65
330.9,0.0,133.0,205.2,7.7,1141.1,708.6,7,67.39
300.2,110.5,142.3,148.1,1.1,887.8,995.0,7,80.02
529.0,15.3,0.0,194.5,6.6,816.3,995.0,56,82.0
368.0,289.2,0.0,173.3,5.2,823.5,995.0,28,82.0
461.9,0.0,0.0,184.7,10.8,1141.9,748.0,28,82.0
312.7,0.0,148.9,165.1,7.7,925.6,951.9,28,82.0
471.4,0.9,0.0,208.3,7.6,1126.7,701.1,56,82.0
501.5,232.8,0.0,195.8,8.1,929.3,926.7,1,82.0
184.6,177.2,0.0,186.5,5.5,1129.1,760.1,7,44.8
374.3,0.0,0.0,199.2,1.8,938.8,963.0,3,62.47
385.6,126.5,0.0,159.2,5.4,896.9,995.0,90,82.0
343.6,1.8,0.0,182.4,6.4,1070.2,749.5,90,82.0
478.4,47.5,9.1,195.2,8.2,1116.3,767.2,14,82.0
298.0,238.1,0.0,210.4,1.8,881.2,995.0,7,66.72
485.0,120.8,22.0,176.3,0.0,829.9,995.0,7,82.0
458.7,119.8,84.9,195.7,6.0,958.9,914.5,56,82.0
403.3,0.0,0.0,191.8,3.1,925.1,985.7,56,82.0
203.3,266.2,0.0,162.1,3.5,902.8,995.0,28,74.48
258.7,311.9,144.8,186.9,5.0,945.9,961.1,3,66.69
269.4,0.0,182.2,189.3,0.0,1051.1,829.7,180,82.0
519.4,2.3,0.0,210.7,6.4,831.6,995.0,90,82.0
488.7,0.0,0.0,201.1,5.7,811.3,995.0,3,76.8
123.5,0.0,33.2,195.2,1.6,1043.7,826.1,7,2.0
517.8,103.2,0.0,161.2,4.7,1063.9,835.9,56,82.0
382.4,0.0,0.0,193.2,2.9,1090.1,774.2,7,68.87
510.5,81.5,86.1,197.8,8.7,1101.3,798.0,28,82.0
266.1,0.0,114.5,187.7,0.8,830.4,982.8,365,82.0
201.7,161.7,126.1,157.1,0.0,936.6,898.9,90,82.0
337.1,0.0,83.7,180.7,7.3,814.7,995.0,7,65.38
492.8,87.3,92.9,172.7,0.0,853.9,995.0,3,79.83
325.2,0.0,0.0,174.3,3.0,825.4,995.0,7,62.98
345.0,208.0,0.0,215.9,2.5,902.5,995.0,7,73.12
146.0,0.0,0.0,182.9,5.4,1038.8,834.9,56,37.03
273.2,195.7,195.0,166.7,5.8,1051.4,865.9,28,82.0
381.6,296.3,176.7,188.9,7.4,894.7,995.0,3,81.91
315.1,0.0,0.0,189.7,0.0,1094.5,685.1,180,82.0
354.3,108.6,0.0,185.0,3.4,826.4,995.0,56,82.0
454.9,110.0,0.0,163.5,8.8,914.4,968.5,3,80.29
465.3,0.0,0.0,170.1,3.8,988.7,977.0,7,82.0
171.1,167.7,52.1,187.4,3.8,1122.3,790.9,28,50.11
247.7,0.0,181.5,158.0,6.8,943.3,965.7,28,77.37
176.1,0.0,0.0,169.0,5.6,966.5,874.5,28,50.18
415.8,0.0,164.5,164.8,4.5,922.0,913.9,3,82.0
368.8,0.0,97.0,165.8,10.8,836.3,995.0,28,82.0
300.1,95.2,0.0,165.7,4.9,831.5,995.0,180,82.0
482.2,287.9,0.0,186.5,2.3,981.8,937.1,28,82.0
529.6,0.0,0.0,190.5,8.8,1085.6,791.0,28,82.0
323.3,246.5,0.0,177.3,6.7,1041.2,821.0,56,82.0
406.9,228.8,61.4,154.7,11.0,1005.6,873.3,14,82.0
435.4,77.4,198.3,168.9,5.6,966.9,923.8,3,82.0
420.3,154.3,0.0,181.3,5.8,827.1,990.9,90,82.0
255.9,0.0,42.3,174.6,8.0,869.3,995.0,90,73.56
535.7,321.8,0.0,185.3,5.1,912.0,970.8,28,82.0
198.2,321.1,112.1,172.5,4.2,895.5,975.6,180,82.0
281.1,0.0,47.9,200.3,4.1,845.1,995.0,28,63.5
515.5,0.0,0.0,192.1,7.9,986.0,896.7,7,82.0
275.6,0.0,61.0,167.0,0.0,1144.6,677.3,180,82.0
454.5,204.9,0.0,217.3,7.5,1084.4,794.6,7,81.51
302.6,156.8,0.0,167.5,3.5,982.0,827.9,7,62.56
313.0,4.4,0.0,182.5,3.5,980.4,908.1,3,62.32
465.7,0.0,0.0,176.9,1.1,1014.7,841.1,90,82.0
248.0,0.0,0.0,180.5,1.0,800.8,995.0,3,36.6
293.7,46.7,197.0,171.6,3.0,871.9,995.0,3,60.89
433.7,299.3,3.9,181.2,7.4,961.3,956.8,3,82.0
125.6,242.8,156.8,177.3,0.7,1044.9,817.5,56,44.83
262.2,326.3,0.0,183.7,0.3,1099.5,869.6,28,80.33
369.4,45.7,190.6,169.7,5.4,947.4,909.9,28,82.0
219.6,318.6,183.8,168.7,9.4,1049.7,847.5,56,82.0
380.9,121.6,0.0,164.1,0.7,1002.5,879.4,28,82.0
383.7,0.0,0.0,166.8,6.8,857.1,991.3,14,78.71
429.3,224.3,0.0,175.3,1.8,1009.4,918.0,3,82.0
411.5,214.0,0.0,149.9,4.8,903.1,969.6,7,82.0
378.4,163.9,1.0,169.7,10.3,1142.6,788.7,56,82.0
225.1,0.0,0.0,163.4,4.5,1141.8,751.2,28,72.02
289.1,264.2,199.2,159.2,3.2,997.2,880.5,14,82.0
186.2,261.9,127.9,174.5,0.0,959.1,967.9,56,69.14
238.3,0.0,0.0,140.5,4.5,988.6,851.8,3,56.46
520.4,150.5,38.1,147.0,6.5,1100.6,737.7,56,82.0
130.7,223.9,22.8,245.4,6.0,1140.3,792.9,28,2.0
383.4,160.7,36.7,198.3,1.1,926.6,948.4,28,72.71
298.6,292.0,145.6,179.8,6.9,828.9,995.0,7,82.0
514.5,307.3,0.0,205.5,7.1,1071.6,830.6,7,82.0
283.2,321.3,0.0,193.9,10.1,1086.2,803.2,28,82.0
244.1,0.0,0.0,207.7,0.0,1075.6,818.6,90,50.19
277.7,0.0,0.0,181.7,6.6,974.1,894.8,7,57.91
390.7,168.5,0.0,156.9,9.9,854.0,988.5,28,82.0
533.3,237.8,0.0,202.8,4.5,954.1,914.1,3,82.0
181.1,0.0,37.3,149.6,4.7,943.3,954.7,7,55.66
242.6,0.0,151.1,204.0,0.0,1058.8,813.1,14,54.9
421.3,0.0,0.0,154.3,6.6,1133.9,723.6,3,75.15
504.4,260.5,92.2,226.4,13.3,927.6,915.7,7,82.0
433.4,0.0,39.7,193.1,10.7,938.2,933.7,14,80.55
381.4,0.0,55.6,160.4,6.1,1028.9,845.4,28,82.0
166.3,306.2,0.0,173.5,0.0,1091.0,769.1,28,56.3
124.2,170.5,45.1,206.9,0.0,839.8,995.0,7,2.0
440.4,321.7,13.9,194.6,0.0,916.1,970.5,7,82.0
326.4,0.0,170.6,164.3,0.3,1036.2,841.5,7,73.79
193.8,0.0,19.5,199.9,1.8,1028.8,861.7,7,32.33
515.5,144.0,0.0,178.3,8.3,1108.9,771.4,7,82.0
226.3,306.8,68.9,159.1,0.8,923.0,962.4,28,82.0
511.5,0.0,0.0,162.2,2.2,1111.4,802.4,14,82.0
370.8,0.0,154.0,143.1,1.1,1095.6,808.0,90,82.0
311.1,0.0,145.3,173.1,4.4,1139.0,753.8,180,82.0
368.4,118.5,118.3,208.6,10.7,946.5,941.3,180,82.0
511.0,0.0,0.0,185.8,8.8,1017.2,904.8,1,66.51
266.4,357.7,11.7,216.3,6.8,1087.4,776.7,56,82.0
473.0,0.0,0.0,180.0,4.8,1131.9,765.2,1,64.81
452.5,260.5,3.5,199.8,0.0,1007.9,847.3,7,82.0
378.5,32.6,0.0,209.9,2.2,1067.4,809.7,14,67.62
232.7,0.0,184.1,169.4,3.1,865.6,995.0,28,70.43
366.3,231.5,0.0,205.7,4.3,860.0,995.0,365,82.0
352.5,62.4,123.7,183.8,6.9,878.6,961.0,56,82.0
184.3,142.7,196.4,156.2,0.0,932.6,971.3,7,61.03
454.7,0.0,0.0,191.6,3.0,987.1,863.0,14,82.0
327.3,0.0,128.3,185.4,0.0,928.6,981.3,90,82.0
126.5,162.4,0.0,190.7,1.5,967.2,913.4,3,10.6
345.2,0.0,0.0,140.4,4.1,817.1,995.0,3,69.56
208.4,60.9,0.0,225.1,2.1,868.8,995.0,28,38.78
187.9,0.0,161.5,190.3,5.7,835.0,995.0,3,22.79
514.0,286.5,24.7,200.1,6.7,976.7,887.1,3,82.0
202.2,331.3,0.0,173.4,1.8,919.2,919.9,14,64.99
165.0,247.3,37.5,192.1,4.5,840.8,995.0,28,52.72
290.6,351.4,114.3,176.7,0.0,1088.0,743.7,28,82.0
172.3,265.5,98.6,191.1,0.0,1130.1,756.2,7,27.39
253.9,238.9,13.2,191.3,1.5,1069.0,832.8,90,82.0
195.6,25.6,0.0,185.2,2.1,877.6,984.0,3,25.95
439.6,253.0,0.0,179.9,8.5,1101.0,794.7,28,82.0
285.0,167.1,0.0,217.2,8.3,1004.8,872.0,3,42.09
202.0,205.5,67.8,178.8,6.7,835.7,995.0,28,73.32
159.9,342.0,74.1,181.3,0.0,807.8,995.0,7,40.23
413.2,12.9,37.3,159.5,9.4,895.6,922.0,28,82.0
539.3,0.0,0.0,126.4,9.1,1024.6,817.2,28,82.0
361.0,156.1,7.0,190.0,6.1,1133.4,758.9,7,72.18
207.3,0.0,0.0,183.6,3.7,1073.3,865.1,7,38.43
377.8,0.0,106.9,174.5,0.0,971.8,903.1,3,72.85
524.3,219.6,0.0,174.0,7.1,883.9,995.0,56,82.0
189.3,127.3,0.0,172.5,3.4,906.1,995.0,180,80.74
299.8,280.9,0.0,205.2,1.3,942.7,934.1,28,81.82
231.4,204.2,169.5,168.5,4.8,905.0,930.9,28,82.0
183.1,0.0,51.4,171.0,0.4,909.4,949.4,28,52.13
387.6,7.1,0.0,217.2,4.7,1059.2,857.1,28,81.27
387.4,248.9,9.3,222.9,10.5,1139.1,733.9,90,82.0
125.8,0.0,155.4,168.1,0.0,947.9,942.8,7,21.82
497.1,237.8,191.8,174.8,9.1,1048.3,872.9,3,82.0
470.1,37.1,142.4,185.6,3.7,1022.4,799.2,56,82.0
315.9,56.3,115.5,160.0,2.8,804.0,995.0,56,82.0
371.0,149.5,150.0,169.5,0.0,868.0,991.5,7,81.64
351.2,0.0,16.7,179.2,1.2,1125.5,764.6,56,82.0
304.4,273.5,0.0,156.3,6.4,900.3,966.5,7,82.0
189.9,333.4,15.1,161.4,0.0,1110.4,804.5,7,55.61
485.2,0.0,158.2,194.3,4.2,822.2,995.0,7,82.0
357.0,126.4,52.4,184.9,4.4,872.0,995.0,28,82.0
134.0,0.0,0.0,210.5,0.0,984.0,959.7,7,2.0
142.1,0.0,0.0,219.4,0.8,1123.9,762.1,28,7.19
385.4,203.8,0.0,203.4,6.6,1095.3,794.8,3,66.34
285.2,0.0,117.3,176.7,0.0,828.6,995.0,7,60.63
379.8,237.0,0.0,179.1,5.1,971.3,909.8,56,82.0
229.8,0.0,0.0,196.1,7.5,1026.1,828.9,90,59.2
236.7,0.0,168.3,182.1,5.8,1106.8,741.4,3,47.18
156.6,206.6,76.7,176.1,1.7,937.2,870.7,28,45.34
467.1,128.4,0.0,152.6,8.3,845.5,995.0,28,82.0
162.7,0.0,124.3,161.8,3.7,1080.4,799.8,28,55.68
420.1,214.7,0.0,196.9,3.1,973.8,936.8,56,82.0
170.2,0.0,58.9,219.3,9.4,1016.5,883.1,28,31.01
214.5,0.0,75.8,176.8,0.0,993.0,904.3,7,45.59
142.3,0.0,0.0,159.4,4.4,1071.5,832.0,90,52.25
227.3,29.8,30.8,205.9,3.2,1006.2,870.0,180,68.36
122.1,0.0,187.2,159.5,6.1,810.8,995.0,28,45.94
136.2,0.0,91.4,176.5,3.3,988.3,908.5,3,15.54
402.6,12.0,0.0,150.9,9.6,856.9,995.0,28,82.0
363.9,289.9,107.0,160.1,13.5,811.8,995.0,14,82.0
210.4,0.0,0.0,180.0,5.8,823.4,995.0,28,54.02
382.4,194.0,48.2,173.8,5.1,897.5,995.0,7,82.0
486.3,0.0,0.0,169.3,4.6,1114.8,719.0,7,82.0
359.9,0.0,0.0,202.2,0.0,978.0,915.4,90,74.92
376.9,355.4,0.0,198.6,4.3,1057.2,785.9,28,82.0
378.0,0.0,0.0,197.5,5.9,968.2,905.0,28,82.0
358.0,60.5,0.0,228.6,3.7,931.2,938.0,14,60.68
388.2,0.0,101.1,175.6,7.5,1078.3,829.1,28,82.0
449.3,192.1,0.0,208.6,11.7,1025.3,822.9,365,82.0
421.8,209.3,66.9,189.1,2.5,869.3,995.0,7,82.0
436.3,258.6,0.0,164.0,5.4,1064.4,866.8,14,82.0
520.7,0.0,0.0,162.4,0.0,1092.8,771.4,28,82.0
496.6,223.0,0.0,207.5,6.9,952.2,920.6,365,82.0
316.1,45.5,0.0,172.0,2.8,890.3,995.0,28,82.0
289.8,65.4,58.5,212.7,2.6,943.2,862.4,56,70.98
512.4,206.4,157.6,170.5,7.2,879.0,974.7,14,82.0
335.7,0.0,86.1,218.4,2.6,838.2,995.0,7,52.18
358.8,0.0,7.4,163.8,11.5,805.4,995.0,14,82.0
283.9,0.0,0.0,217.7,0.0,973.4,932.4,28,65.21
447.7,312.4,63.7,204.9,7.9,807.3,995.0,180,82.0
317.9,279.8,199.4,168.8,6.6,1056.7,913.8,28,82.0
142.5,152.6,4.6,168.4,0.0,909.0,980.0,90,48.6
163.8,245.2,0.0,160.3,10.0,978.4,910.2,28,60.32
229.1,220.4,0.0,188.8,3.5,1093.6,756.0,28,53.96
538.6,169.7,39.1,182.8,8.0,981.1,858.4,90,82.0
225.2,0.0,0.0,202.4,0.0,919.4,949.8,28,52.48
257.5,0.0,41.9,184.9,9.2,962.5,911.2,28,57.51
500.2,274.7,16.7,202.8,4.1,1015.4,832.1,7,82.0
299.2,103.7,168.7,181.3,1.1,975.8,898.7,28,82.0
232.8,0.0,83.1,163.1,0.0,991.6,927.0,28,76.7
369.6,0.0,0.0,203.2,5.9,814.6,995.0,3,68.43
294.3,0.0,0.0,197.8,1.6,1129.3,723.6,90,80.51
131.6,32.7,196.7,159.2,1.4,1080.6,792.1,7,25.8
175.4,68.4,0.0,210.7,0.0,953.3,968.9,14,24.23
327.2,0.0,0.0,170.5,11.3,1008.0,872.3,28,82.0
385.9,0.0,0.0,205.2,0.0,1126.2,718.1,56,82.0
377.0,0.0,0.0,220.6,0.0,1056.4,821.9,28,77.81
428.1,131.6,0.0,194.8,4.8,947.2,884.4,28,82.0
355.0,0.0,184.3,171.7,4.3,1095.0,823.4,180,82.0
148.8,87.8,0.0,184.5,4.6,870.4,971.6,3,19.02
208.5,0.0,69.6,176.8,2.7,967.5,808.0,56,67.16
435.6,261.6,65.4,150.4,8.2,986.6,856.3,56,82.0
265.8,239.3,0.0,194.1,8.0,1089.1,772.6,1,42.55
503.2,0.0,0.0,237.2,10.5,872.4,995.0,3,72.35
370.6,294.5,0.0,208.1,7.3,970.7,908.7,1,64.04
272.8,355.6,99.8,180.7,5.2,1023.5,882.9,28,82.0
227.1,0.0,0.0,180.1,6.4,956.6,876.7,28,58.03
344.2,266.4,59.9,169.7,14.1,1120.4,736.6,14,82.0
158.8,180.3,0.0,187.6,0.0,973.4,882.0,28,44.35
176.8,0.0,13.5,194.2,0.0,889.3,995.0,56,44.68
321.3,0.0,0.0,163.2,6.6,1138.4,726.8,90,82.0
269.4,0.0,0.0,185.7,0.0,886.0,970.6,14,60.19
192.4,291.5,97.7,192.8,5.2,863.7,949.6,14,57.15
263.4,0.0,0.0,179.8,2.4,1138.4,749.2,28,56.43
161.6,0.0,145.1,150.8,2.5,923.7,932.4,14,59.97
412.5,0.0,46.3,184.2,0.2,1037.5,803.3,90,82.0
366.9,13.5,176.3,189.9,3.2,894.6,995.0,7,74.81
462.5,0.0,0.0,173.2,8.6,1050.7,857.9,28,82.0
407.1,66.3,80.4,202.3,10.5,1143.4,665.8,3,82.0
302.0,355.3,0.0,196.1,1.6,1139.1,766.5,28,82.0
489.6,97.4,160.9,166.1,6.1,1074.7,784.6,3,82.0
436.8,300.6,101.7,133.1,5.4,1046.6,853.7,1,82.0
319.5,153.4,0.0,185.9,4.2,886.4,995.0,14,82.0
361.8,33.2,196.9,177.7,4.3,1119.7,748.4,1,68.64
422.3,0.0,141.8,204.5,7.0,1127.3,710.5,1,60.7
445.3,81.3,0.0,184.3,1.1,832.6,979.8,3,75.52
198.2,319.0,126.0,179.8,0.0,1144.3,737.3,180,82.0
375.6,20.9,0.0,216.4,6.3,804.7,995.0,7,55.27
188.9,0.0,0.0,192.1,6.3,875.2,995.0,1,12.24
521.5,161.9,0.0,167.6,10.4,1069.0,808.0,1,73.67
501.4,0.0,111.0,186.6,10.9,1028.3,857.7,3,82.0
416.7,353.2,0.0,189.1,10.4,1033.4,841.6,56,82.0
131.3,144.0,91.3,162.3,0.0,968.8,856.0,56,60.11
459.5,121.0,0.0,189.0,3.0,1121.7,791.0,1,76.97
192.1,0.0,113.8,205.1,0.0,1053.7,819.3,90,48.8
308.6,0.0,0.0,199.1,1.6,1122.8,737.6,365,82.0
295.2,30.4,0.0,186.5,7.0,1063.0,829.4,56,77.92
141.7,165.7,0.0,167.7,4.1,850.3,995.0,28,42.66
374.0,0.0,0.0,165.9,5.0,1103.9,777.7,90,82.0
465.9,0.0,176.4,165.1,4.8,954.7,919.8,56,82.0
183.0,213.9,114.6,217.2,0.0,878.4,995.0,180,61.81
527.1,244.2,0.0,206.0,8.9,925.6,936.1,28,82.0
488.5,292.5,0.0,167.4,9.1,929.1,919.8,28,82.0
403.6,235.2,0.0,136.4,0.0,828.3,995.0,7,82.0
174.4,0.0,0.0,180.0,0.3,1125.8,748.9,28,42.46
386.9,229.2,15.2,174.3,0.0,1122.6,720.1,180,82.0
290.4,265.0,186.7,166.4,1.4,1122.5,782.2,7,75.58
344.1,0.0,0.0,191.6,8.4,922.7,937.2,56,82.0
501.2,0.0,0.0,190.9,8.4,937.7,936.5,7,78.27
390.5,358.6,107.4,165.6,1.1,972.4,940.9,28,82.0
168.3,194.8,0.0,176.0,9.2,1093.3,801.1,7,43.17
189.8,0.0,0.0,186.3,6.4,864.5,995.0,90,55.37
245.8,0.0,108.6,142.1,5.0,947.0,903.1,56,82.0
177.0,34.1,40.3,201.4,0.0,1068.5,785.4,28,35.1
413.8,237.7,0.0,212.8,9.1,1056.1,805.9,28,82.0
199.1,79.7,180.3,155.5,4.3,867.2,968.0,28,73.37
395.4,0.0,51.6,192.1,1.5,1023.2,788.3,56,82.0
481.9,310.1,0.0,206.1,4.3,1078.5,739.2,28,82.0
151.3,12.3,0.0,169.1,2.5,1143.7,786.1,180,51.88
390.5,284.9,0.0,191.5,2.3,980.6,928.8,7,82.0
323.1,0.0,80.9,154.8,8.3,923.1,995.0,28,82.0
524.8,220.6,7.8,158.8,2.5,955.9,919.3,7,82.0
300.2,16.9,0.0,200.2,4.8,1098.5,744.5,56,78.19
223.2,161.3,151.5,214.8,3.7,1087.0,745.5,90,78.88
403.9,198.8,122.6,179.3,2.7,1123.1,730.6,28,82.0
136.6,281.4,0.0,177.4,3.0,964.4,963.9,1,10.09
450.3,290.5,156.7,187.6,6.9,1045.2,812.6,56,82.0
390.8,0.0,14.6,180.0,6.8,1010.6,836.4,56,82.0
226.4,0.0,0.0,178.7,1.7,861.0,995.0,56,61.92
402.3,125.2,30.1,192.4,5.2,1017.9,845.1,3,72.33
330.6,277.9,185.1,183.5,5.0,1030.9,832.7,7,82.0
498.8,64.1,136.0,186.0,3.3,802.8,995.0,180,82.0
467.6,223.3,0.0,186.6,5.7,1097.7,801.4,3,81.79
435.7,0.0,76.1,184.9,8.2,831.1,995.0,90,82.0
452.1,0.0,67.0,185.9,12.7,1097.3,780.4,28,82.0
453.2,0.0,0.0,191.3,2.6,1134.8,768.8,56,82.0
445.1,0.0,147.5,169.3,3.3,1115.7,769.9,56,82.0
433.3,0.0,0.0,151.9,0.0,808.2,995.0,3,77.88
351.5,0.0,0.0,158.8,0.0,954.8,855.2,28,79.22
385.4,0.0,39.7,180.5,5.5,829.5,995.0,28,82.0
469.6,0.0,0.0,190.4,9.7,811.7,995.0,28,82.0
210.6,105.4,149.1,162.1,6.1,1083.0,760.4,14,68.73
508.4,0.0,179.2,187.0,6.3,809.7,995.0,180,82.0
506.3,0.0,0.0,193.5,2.3,923.1,921.0,28,82.0
374.7,52.8,0.0,163.6,11.4,1044.4,831.4,56,82.0
167.4,201.9,139.2,204.6,2.0,1100.2,773.7,90,58.38
271.9,0.0,0.0,205.2,2.7,818.5,995.0,28,60.36
323.8,174.5,0.0,199.5,0.9,846.7,995.0,28,71.31
369.1,198.2,0.0,155.5,8.5,1132.4,723.4,365,82.0
433.1,16.8,0.0,181.2,10.1,936.2,937.3,7,80.88
499.2,335.3,32.4,160.9,6.0,954.8,976.4,56,82.0
148.0,0.0,109.7,184.7,1.3,1128.8,746.0,28,38.3
353.5,6.5,0.0,169.3,6.1,844.8,995.0,56,82.0
215.0,302.1,173.6,213.1,8.2,841.6,995.0,180,78.83
471.8,49.9,0.0,157.8,8.6,1107.1,802.5,7,82.0
496.7,145.5,0.0,189.8,5.0,1052.4,894.8,1,78.57
524.4,353.5,0.0,159.5,5.4,877.7,967.0,28,82.0
493.4,0.0,0.0,158.4,6.8,1005.8,864.1,28,82.0
144.2,0.0,0.0,198.0,6.2,907.3,954.1,3,2.0
212.1,301.0,0.0,181.8,8.7,970.7,862.9,28,78.15
184.8,0.0,0.0,181.8,6.7,906.7,920.3,28,46.51
290.1,192.0,0.0,194.9,3.4,960.5,934.7,7,64.19
275.1,0.0,198.6,173.9,3.8,1092.1,806.5,56,82.0
239.4,0.0,136.6,190.6,1.6,1042.7,932.9,28,50.55
402.7,121.1,186.4,161.4,2.9,1104.7,784.8,7,82.0
455.3,195.6,0.0,211.2,2.5,853.8,978.3,7,78.19
530.7,225.2,0.0,167.8,11.1,1021.8,845.8,3,82.0
139.9,189.3,0.0,184.9,0.0,895.1,995.0,180,57.79
309.4,0.0,0.0,198.9,3.9,1034.6,880.5,56,72.22
254.7,0.0,0.0,190.6,1.8,1125.8,734.9,28,65.56
499.1,185.9,0.0,188.9,13.2,928.9,902.6,56,82.0
140.5,0.0,64.3,203.9,0.0,950.0,915.7,28,25.5
486.6,250.7,44.3,194.2,7.1,865.2,995.0,7,82.0
135.5,0.0,0.0,178.5,1.1,989.9,918.4,1,2.0
163.9,102.3,0.0,153.1,3.8,1057.1,787.2,90,65.88
221.4,3.9,0.0,174.4,1.8,1068.0,831.8,28,53.46
344.3,145.1,0.0,168.1,14.4,1132.0,715.2,3,77.94
248.3,264.1,0.0,166.2,2.5,1141.7,743.2,90,82.0
446.2,0.0,0.0,177.6,6.5,1118.6,746.1,28,82.0
135.1,0.0,197.0,183.3,6.7,1043.3,820.5,28,27.46
346.5,102.6,0.0,183.4,0.0,946.7,966.7,28,80.36
355.2,68.2,0.0,189.7,0.5,1132.7,782.8,180,82.0
379.8,0.0,0.0,204.3,11.8,1003.4,818.9,7,71.24
239.6,121.3,175.2,152.6,1.6,1074.3,824.6,28,82.0
313.8,86.8,0.0,160.6,7.0,810.8,995.0,3,66.19
342.7,127.0,0.0,194.5,4.5,1076.1,820.0,365,82.0
158.7,0.0,0.0,204.3,0.9,911.8,946.7,1,2.0
318.3,0.0,0.0,182.2,1.5,1047.5,806.3,56,80.8
294.4,250.3,194.5,181.5,9.6,878.2,995.0,56,82.0
156.8,328.0,0.0,186.4,8.6,1048.2,813.8,28,59.63
303.9,0.0,195.2,174.2,5.3,1062.2,799.8,90,82.0
365.5,0.0,0.0,165.9,6.4,1081.2,796.8,14,78.95
186.9,58.6,107.5,187.3,0.7,1130.6,693.4,28,52.01
192.8,273.5,1.6,157.3,7.1,804.9,995.0,28,82.0
209.3,0.0,187.5,198.8,4.7,1037.8,846.7,56,66.82
412.4,277.5,0.0,173.6,10.0,1081.6,804.8,28,82.0
230.6,0.0,1.0,191.0,1.0,834.8,995.0,180,69.37
329.6,147.1,0.0,198.3,11.7,957.1,928.0,56,82.0
122.9,0.0,0.0,183.7,6.6,1140.2,683.5,56,23.71
278.6,280.6,0.0,187.5,0.9,900.6,995.0,14,74.78
268.1,199.9,0.0,169.4,11.0,1130.1,774.1,28,81.9
411.7,0.0,143.4,161.1,1.9,1122.8,812.4,90,82.0
483.2,0.0,61.1,199.6,6.3,925.4,965.1,56,82.0
429.7,0.0,0.0,135.9,3.2,1122.3,783.7,28,82.0
221.6,258.7,0.0,155.7,0.0,895.1,962.9,90,82.0
187.4,348.8,69.5,159.9,3.1,1144.6,752.6,28,82.0
225.2,181.6,0.0,215.6,1.8,944.4,956.1,28,49.69
149.1,174.5,0.0,199.1,0.0,1087.1,757.1,28,21.94
454.9,66.1,29.2,186.0,6.3,1091.6,735.7,28,82.0
121.1,219.8,187.2,136.5,3.4,808.8,995.0,3,39.32
372.8,52.4,6.0,160.2,7.4,1054.7,823.6,14,82.0
163.4,357.6,4.6,230.4,2.8,887.2,987.8,28,24.98
154.9,224.7,188.5,218.0,6.3,952.5,886.0,28,50.4
294.0,177.1,55.7,183.8,3.6,1142.3,683.2,28,77.97
448.2,0.0,0.0,161.6,6.5,895.0,947.7,28,82.0
284.5,29.8,37.4,190.0,1.9,837.9,995.0,3,57.3
427.7,0.0,0.0,185.0,2.5,954.9,894.8,1,62.57
258.5,244.9,99.1,129.7,0.0,854.1,995.0,28,82.0
433.2,159.9,71.8,181.1,6.5,996.9,879.0,28,82.0
241.8,219.0,0.0,184.4,4.1,1087.0,765.2,28,71.85
414.5,0.0,0.0,161.5,3.1,1107.2,732.7,90,82.0
537.9,148.5,0.0,205.1,2.7,972.3,864.2,1,65.46
294.1,330.0,0.0,183.8,1.7,992.8,854.9,3,62.73
148.3,17.7,0.0,189.6,0.2,1096.1,786.1,28,22.76
408.8,122.5,0.0,181.6,7.7,946.8,981.6,3,81.81
500.8,133.9,46.0,166.0,4.9,837.9,995.0,7,82.0
120.3,308.4,0.0,178.4,1.5,843.3,995.0,3,9.67
514.2,0.0,0.0,188.8,12.0,1019.7,881.0,14,82.0
210.8,0.0,0.0,192.1,6.5,845.8,995.0,3,33.72
360.8,151.5,103.6,185.6,5.4,911.5,984.8,3,82.0
509.6,301.2,174.0,169.8,11.1,828.6,995.0,56,82.0
209.5,0.0,0.0,183.7,0.9,1052.1,784.4,28,44.08
333.9,266.1,49.0,212.9,1.8,1044.1,805.4,28,80.34
290.9,0.0,72.1,150.3,0.6,1142.2,745.1,7,65.11
262.5,0.0,0.0,213.6,0.0,1127.0,781.1,7,48.41
306.5,31.1,0.0,174.4,1.4,1107.8,692.7,3,50.07
296.7,0.0,0.0,179.9,3.7,1047.4,792.1,28,66.5
449.1,347.9,136.1,178.1,5.2,886.3,992.5,28,82.0
386.9,10.5,86.7,212.5,6.1,935.6,966.6,28,82.0
497.2,0.0,13.2,193.5,6.7,910.8,995.0,180,82.0
250.4,80.9,99.2,226.6,9.0,1131.5,818.6,7,48.65
334.8,108.3,0.0,190.1,0.0,1049.5,776.3,7,59.8
355.0,148.7,39.5,202.9,3.6,1064.8,796.6,3,57.0
293.4,0.0,0.0,178.0,5.6,1019.6,871.3,28,73.75
462.3,27.3,0.0,224.7,3.2,877.3,995.0,56,82.0
430.4,0.0,0.0,167.5,4.9,875.1,995.0,1,76.78
138.0,0.0,38.5,157.1,2.8,856.0,995.0,14,34.12
387.2,0.0,0.0,163.0,3.3,834.4,995.0,28,82.0
177.2,0.0,0.0,136.6,6.8,804.2,995.0,28,75.67
176.2,350.8,0.0,148.8,3.7,1140.6,685.6,28,77.18
430.4,268.9,0.0,151.9,0.0,1065.6,822.2,3,82.0
328.1,95.6,97.5,187.4,5.3,880.2,983.0,7,68.46
232.7,0.0,187.9,188.8,0.0,883.1,995.0,90,64.5
536.8,58.0,0.0,170.4,0.0,973.3,886.4,3,82.0
488.3,342.8,0.0,232.5,6.5,1054.9,842.5,90,82.0
452.6,0.0,98.9,186.9,3.6,896.9,930.1,180,82.0
275.3,0.0,0.0,196.2,4.5,1104.2,785.8,56,61.77
166.8,199.2,144.8,162.8,2.4,992.4,964.7,28,70.37
294.2,0.0,0.0,172.7,0.7,990.7,844.4,28,72.01
491.2,185.6,138.2,175.0,4.8,1061.8,782.7,14,82.0
237.0,12.7,0.0,176.9,0.0,1050.1,872.2,3,41.72
330.1,0.0,0.0,214.1,5.5,1076.0,794.1,28,72.06
125.2,211.6,16.9,178.8,2.6,973.3,908.6,7,15.38
173.0,0.0,0.0,198.5,7.1,958.1,956.1,28,39.37
314.2,261.1,0.0,178.5,0.0,945.7,959.7,28,82.0
213.1,221.9,152.4,174.0,4.9,939.2,880.2,7,56.27
517.4,0.0,0.0,178.2,7.7,1036.6,832.8,28,82.0
262.6,0.0,9.2,167.8,5.2,1035.8,932.1,14,63.42
157.6,0.0,0.0,171.6,6.5,1118.8,806.3,28,34.32
169.5,61.7,0.0,161.7,0.0,1084.8,806.3,56,51.5
143.9,0.0,0.0,204.0,0.0,1122.0,775.0,90,27.12
210.3,0.0,193.1,188.3,0.0,998.7,879.2,28,57.8
521.6,0.0,4.0,197.4,3.3,804.4,995.0,90,82.0
491.6,296.5,0.0,199.4,3.1,980.3,846.1,14,82.0
120.2,0.0,0.0,199.3,6.0,1030.9,822.5,365,29.33
359.8,0.0,28.7,182.2,3.7,814.9,995.0,7,68.36
305.2,85.3,154.6,180.0,5.8,888.9,960.3,7,71.51
216.6,0.0,150.9,200.6,4.6,1088.4,792.5,28,49.97
433.5,310.8,0.0,151.1,4.1,923.1,935.9,56,82.0
473.8,0.0,0.0,185.0,4.3,1113.7,756.5,28,82.0
432.6,0.0,45.2,167.4,3.6,878.6,958.9,28,82.0
389.1,0.0,0.0,159.9,6.0,1129.8,734.3,7,82.0
167.3,0.0,0.0,187.8,1.6,883.2,970.4,28,35.77
257.6,225.2,114.5,226.3,3.6,905.0,911.3,3,33.61
220.8,333.2,0.0,171.7,0.0,828.6,995.0,365,82.0
477.3,141.8,3.3,162.1,10.1,1083.3,794.8,3,82.0
317.8,0.0,87.8,186.5,5.1,1049.3,832.4,3,55.41
411.8,0.0,0.0,172.5,4.9,952.5,942.5,90,82.0
471.5,25.8,27.0,201.0,4.3,1100.6,804.4,180,82.0
138.9,0.0,28.8,176.9,3.5,880.3,995.0,28,34.96
444.7,251.5,0.0,218.4,4.4,1031.7,867.0,56,82.0
377.1,0.0,0.0,185.0,0.5,1053.1,818.7,90,82.0
345.8,0.0,35.1,143.4,0.4,1140.7,732.6,14,80.34
458.1,255.4,157.2,179.4,9.2,1089.3,763.4,1,82.0
253.9,52.5,0.0,172.1,0.0,1004.8,876.3,1,41.07
211.0,215.7,146.0,186.5,6.5,885.6,954.9,28,76.65
230.2,5.1,154.6,191.6,1.8,1051.2,855.1,7,43.93
235.3,0.0,173.5,171.7,0.0,875.8,983.0,3,55.75
420.9,190.8,0.0,140.4,6.2,819.5,995.0,28,82.0
407.6,0.0,0.0,185.2,4.8,913.2,968.5,7,81.87
169.2,0.0,0.0,150.8,2.4,1023.3,863.7,28,56.48
232.9,313.2,0.0,193.7,9.5,980.0,886.6,365,82.0
530.0,0.0,0.0,171.6,4.2,968.8,906.7,3,82.0
322.3,162.6,0.0,186.9,8.7,812.2,995.0,3,57.97
287.0,0.0,106.1,212.2,2.3,826.2,995.0,90,72.8
292.0,0.0,0.0,162.3,4.7,1069.5,791.0,28,74.57
531.0,0.0,165.7,222.3,10.6,906.3,995.0,7,82.0
173.2,0.0,119.9,160.4,2.5,917.6,964.9,180,73.62
470.9,192.2,0.0,193.5,8.4,875.1,995.0,28,82.0
234.8,41.5,15.0,158.0,5.6,911.4,852.0,7,64.17
503.2,0.0,151.4,203.7,2.5,850.8,995.0,7,82.0
273.2,277.0,108.5,173.8,0.0,836.1,983.1,28,82.0
310.3,244.6,0.0,196.0,8.1,1024.1,877.2,1,52.05
368.4,0.0,124.9,175.1,4.1,1138.7,729.2,56,82.0
327.7,173.5,50.5,181.9,0.9,943.4,931.4,28,80.99
208.9,0.0,183.8,201.7,8.2,881.8,967.8,28,52.49
405.0,155.5,0.0,189.3,7.0,844.6,995.0,14,82.0
384.0,0.0,96.7,194.9,4.7,1094.2,770.8,3,62.28
134.5,233.4,156.8,185.6,7.3,1107.3,789.5,90,47.29
474.4,229.3,0.0,176.9,9.8,884.1,995.0,56,82.0
185.2,34.7,0.0,134.8,2.8,906.8,995.0,28,61.13
270.4,0.0,0.0,176.8,2.0,824.8,995.0,56,71.32
365.3,137.7,49.1,202.4,2.6,875.8,976.3,28,82.0
404.8,0.0,0.0,219.2,4.0,1007.1,887.6,28,78.38
323.6,0.0,178.4,170.8,0.0,887.9,933.7,180,82.0
468.7,184.3,0.0,207.4,10.2,909.8,995.0,56,82.0
407.6,72.4,0.0,180.0,4.6,813.2,995.0,7,82.0
239.2,0.0,171.9,178.8,2.8,901.3,927.4,90,78.4
515.0,185.4,10.7,197.0,8.7,1071.6,796.7,3,82.0
130.7,0.0,0.0,203.8,1.2,1027.7,796.3,56,21.66
444.8,0.0,0.0,218.9,0.0,939.2,994.2,1,56.01
432.8,0.0,0.0,168.3,0.9,1039.9,915.4,180,82.0
427.5,0.0,0.0,196.8,8.6,993.5,873.2,90,82.0
315.6,356.4,114.4,168.4,8.5,973.9,871.6,180,82.0
174.6,208.1,0.0,193.3,0.5,1056.2,801.2,14,36.43
490.5,0.0,133.9,200.4,4.3,886.0,962.6,28,82.0
410.6,176.5,0.0,208.7,4.8,1091.1,730.1,28,82.0
398.6,186.6,0.0,187.3,0.0,810.5,995.0,28,82.0
318.3,161.0,185.7,203.3,6.9,1023.5,869.4,14,73.06
290.2,172.5,35.3,204.4,3.7,852.8,995.0,14,61.89
401.1,212.1,0.0,179.6,3.4,1074.4,799.4,28,82.0
136.6,0.0,54.7,180.7,2.0,1027.5,839.3,3,7.96
197.1,79.0,0.0,178.9,1.1,954.9,944.8,7,45.53
394.3,0.0,0.0,162.2,5.3,1121.4,811.9,56,82.0
393.6,314.5,150.2,174.6,6.7,971.9,973.7,56,82.0
423.0,118.9,56.0,176.0,2.7,951.3,904.9,28,82.0
444.4,0.0,0.0,181.1,3.2,1029.1,812.7,56,82.0
353.8,0.0,0.0,186.5,4.7,1098.4,762.9,90,82.0
127.0,325.5,188.8,192.2,5.5,1038.0,865.3,3,15.83
529.3,0.0,165.5,169.8,7.7,1010.8,835.0,56,82.0
410.7,2.2,186.0,177.4,2.2,944.7,959.5,28,82.0
154.8,0.0,0.0,196.7,3.9,1012.0,806.5,14,18.35
506.8,41.6,158.7,192.3,6.7,878.1,995.0,28,82.0
499.7,0.0,0.0,155.4,7.7,937.4,895.4,56,82.0
192.4,0.0,0.0,193.1,0.2,1089.3,769.0,3,25.75
174.3,0.0,0.0,225.5,4.6,825.5,995.0,28,30.25
449.0,307.2,0.0,157.8,6.3,809.8,995.0,7,82.0
229.8,218.5,0.0,164.3,5.0,806.6,995.0,14,63.66
157.2,0.0,106.7,211.5,3.3,981.5,874.4,7,17.67
421.6,0.0,96.1,197.5,11.7,1047.3,868.9,14,80.37
510.6,0.0,170.5,165.5,8.1,1120.2,762.3,56,82.0
142.6,244.0,79.1,173.9,2.7,901.8,946.1,180,66.81
164.3,133.1,16.4,162.5,0.4,948.1,911.3,28,54.88
505.6,25.0,59.2,180.9,5.8,1068.6,801.1,90,82.0
460.0,325.7,31.3,190.0,9.9,980.5,956.4,28,82.0
180.0,0.0,107.5,177.0,5.5,1067.8,808.1,3,29.83
225.5,0.0,0.0,201.2,8.8,920.6,913.6,3,35.65
428.2,39.1,0.0,168.5,5.9,882.2,970.8,28,82.0
296.9,59.9,31.1,211.7,8.2,1073.1,853.2,180,82.0
248.4,160.4,169.2,183.4,4.2,867.8,995.0,90,82.0
123.2,309.6,169.8,163.8,0.5,966.1,919.7,365,71.74
416.9,66.1,0.0,187.2,6.6,979.3,881.0,14,79.38
153.2,282.3,152.1,197.0,8.2,838.1,995.0,28,49.88
194.0,0.0,0.0,178.1,0.0,1005.8,869.2,14,43.21
133.9,0.0,0.0,192.9,1.9,950.0,898.9,7,10.87
150.8,0.0,0.0,151.3,4.4,1112.1,803.8,28,39.8
197.7,19.8,12.0,159.0,3.3,1052.3,824.8,3,39.28
516.1,175.9,0.0,174.5,8.4,1066.6,848.2,180,82.0
285.9,0.0,195.5,215.7,12.8,929.6,954.2,90,82.0
374.1,0.0,0.0,177.7,5.1,1072.3,799.1,28,82.0
154.7,193.6,89.2,197.9,3.1,1083.0,802.9,7,30.43
125.3,0.0,187.1,213.8,0.8,1075.6,803.9,7,2.0
222.0,0.0,0.0,185.1,3.8,832.1,995.0,56,55.79
220.8,289.5,174.9,175.8,2.3,1136.1,716.7,28,75.88
127.3,0.0,0.0,184.2,6.5,1067.9,874.6,1,2.0
353.8,0.0,0.0,167.5,12.3,975.7,891.8,180,82.0
244.9,131.0,82.8,168.7,2.0,1142.0,757.8,14,69.5
388.5,168.4,107.4,214.2,2.1,1086.9,756.4,3,65.0
408.2,0.0,4.8,183.3,2.1,1005.4,833.2,90,82.0
178.9,88.2,0.0,194.1,1.3,867.9,995.0,28,39.37
493.9,204.9,0.0,199.5,5.1,886.0,983.8,3,81.68
317.4,0.0,5.5,179.8,6.0,876.9,975.7,3,56.1
400.9,228.1,0.0,206.4,3.9,1027.7,879.8,180,82.0
311.2,310.1,0.0,142.6,0.0,821.7,995.0,3,82.0
328.8,91.2,0.0,176.0,3.4,1076.0,831.3,28,74.76
201.8,175.0,0.0,164.6,1.9,1070.0,857.3,56,82.0
121.9,295.1,0.0,178.5,4.0,1058.1,851.1,28,32.06
354.0,227.8,0.0,187.7,4.1,824.6,995.0,56,82.0
184.2,0.0,85.8,180.7,0.0,1045.9,896.1,7,33.32
121.6,0.0,0.0,164.8,0.8,900.7,995.0,3,2.0
418.6,0.0,0.0,220.2,0.7,923.1,903.5,14,76.23
389.7,177.2,12.9,190.8,3.8,1121.1,798.0,180,82.0
383.1,209.4,62.6,210.4,5.9,933.0,961.1,7,76.55
489.5,165.8,0.0,187.7,2.7,993.1,928.2,3,81.95
519.5,0.0,137.9,177.8,2.8,1017.0,829.6,3,82.0
328.7,0.0,115.2,195.8,0.9,1063.8,852.1,14,65.99
191.2,245.4,168.8,166.4,0.0,818.2,995.0,90,82.0
202.9,101.4,0.0,185.8,7.3,1134.5,815.6,14,47.78
325.5,172.3,0.0,167.2,0.3,1061.1,840.1,1,52.94
374.2,0.0,4.0,200.9,0.0,1060.8,858.4,3,63.15
160.3,0.0,0.0,179.5,0.0,1130.6,742.3,7,21.7
387.8,87.6,0.0,165.2,6.0,1038.9,881.8,28,82.0
273.1,0.0,0.0,197.7,2.1,849.6,995.0,28,55.05
431.5,0.0,191.2,184.6,0.9,1078.0,782.4,56,82.0
514.5,115.2,22.5,195.8,1.1,805.0,995.0,7,82.0
142.0,0.0,0.0,160.1,1.6,1124.0,773.7,14,31.31
299.6,0.0,31.7,188.2,2.1,933.7,980.7,28,74.62
539.9,165.1,9.6,209.9,6.0,974.2,948.2,1,77.73
414.0,0.0,0.0,185.3,3.1,883.9,995.0,28,82.0
503.0,0.0,0.0,186.5,10.0,826.4,995.0,7,82.0
428.4,0.0,160.6,163.7,2.6,819.8,995.0,90,82.0
536.2,0.0,0.0,177.5,5.8,985.0,941.7,14,82.0
346.0,159.5,0.0,193.1,4.0,909.9,971.1,7,73.39
390.9,0.0,199.4,148.8,3.6,997.8,919.2,90,82.0
360.4,0.0,117.0,201.3,5.0,859.1,995.0,7,76.11
309.9,56.0,172.3,175.9,6.2,862.1,995.0,56,82.0
240.2,54.3,3.5,215.9,3.7,961.0,921.8,3,44.15
347.7,0.0,125.9,151.9,4.8,892.1,995.0,28,82.0
205.7,0.0,188.6,159.9,4.0,841.0,961.6,28,69.2
363.7,0.0,63.9,172.3,8.0,896.4,961.9,90,82.0
356.2,220.3,0.0,195.8,2.5,1023.2,782.1,3,71.31
141.5,0.0,102.5,178.3,1.6,1056.8,811.9,180,45.47
418.5,334.0,106.5,190.9,8.8,991.3,865.9,56,82.0
273.1,0.0,0.0,172.5,6.0,1102.8,744.9,7,58.42
144.3,170.7,164.0,200.9,8.9,1089.6,755.5,28,43.8
365.4,328.9,0.0,191.8,3.8,988.0,890.7,56,82.0
359.4,0.0,0.0,190.1,1.0,896.0,961.8,56,82.0
502.1,0.0,88.7,219.8,11.2,1104.6,759.5,56,82.0
315.6,70.4,29.8,181.9,0.0,1025.1,804.1,180,82.0
169.6,0.0,165.4,224.0,0.6,993.0,914.8,7,12.01
289.0,41.8,131.3,209.8,7.0,826.9,995.0,28,67.51
417.5,0.0,151.3,211.7,4.5,1101.7,748.5,14,77.11
435.7,0.0,0.0,161.5,5.8,900.8,995.0,28,82.0
177.2,0.0,5.5,190.3,3.2,1068.1,830.3,7,22.28
501.9,359.2,38.8,191.9,7.4,859.3,995.0,14,82.0
519.4,0.0,0.0,159.0,0.0,944.5,983.2,7,82.0
464.0,0.0,0.0,204.1,2.2,1012.1,847.5,28,82.0
212.2,269.3,119.7,162.3,6.3,927.9,927.0,28,82.0
137.1,0.0,0.0,162.8,4.8,1096.5,772.5,14,29.69
222.7,0.0,0.0,220.5,2.2,957.7,889.7,56,48.37
463.5,0.0,0.0,159.5,2.2,1078.5,797.5,28,82.0
225.6,252.4,193.5,166.7,0.0,825.3,995.0,7,71.25
484.0,0.0,0.0,162.2,5.1,892.7,969.9,28,82.0
253.1,0.0,18.9,185.5,1.7,891.6,979.6,365,82.0
339.3,0.0,130.2,192.1,0.0,1022.2,887.3,28,82.0
270.2,209.4,0.0,156.9,2.3,901.3,971.3,28,82.0
174.0,0.0,0.0,162.0,2.1,831.8,995.0,28,46.93
456.2,20.2,0.0,201.9,6.1,1088.7,787.8,14,82.0
182.5,0.0,16.8,176.5,0.8,938.8,981.3,14,37.33
523.9,281.3,165.1,185.0,5.0,1091.8,788.7,28,82.0
207.3,0.0,73.6,187.6,6.3,941.3,935.5,28,50.07
298.3,194.8,0.0,194.8,1.6,839.9,995.0,56,82.0
455.8,0.0,104.2,169.3,2.4,1083.7,819.3,28,82.0
455.5,236.4,0.0,167.3,4.6,1139.7,735.5,180,82.0
432.3,315.1,83.4,162.8,3.0,864.1,995.0,28,82.0
494.8,0.0,72.0,155.4,6.7,1023.5,863.8,56,82.0
121.0,0.0,0.0,202.1,7.2,907.2,927.4,3,2.0
139.7,0.0,0.0,199.6,3.2,1000.0,824.5,3,2.0
212.9,343.9,0.0,158.2,0.0,803.0,995.0,28,81.16
138.6,3.3,179.7,199.4,1.0,1048.6,838.9,7,3.85
390.5,70.7,127.8,234.4,1.6,912.0,995.0,7,60.12
469.5,0.0,0.0,195.7,2.2,1000.2,841.6,28,82.0
287.3,203.1,31.9,171.2,7.5,1033.5,837.2,90,82.0
513.5,0.0,199.6,162.3,3.3,969.5,928.3,28,82.0
423.9,65.4,0.0,178.5,1.5,953.5,962.6,28,82.0
341.3,358.2,0.0,149.8,5.2,864.2,995.0,56,82.0
188.0,0.0,0.0,182.7,4.3,1131.8,821.4,14,39.49
315.7,0.0,0.0,136.4,8.3,868.3,990.2,14,82.0
388.9,0.0,0.0,159.3,10.2,1070.9,849.0,1,68.61
140.2,254.6,79.6,175.0,0.0,828.3,995.0,28,48.61
421.2,127.6,0.0,199.8,8.5,1119.0,820.6,365,82.0
318.7,0.0,0.0,222.4,7.6,1108.2,872.2,28,70.84
380.3,0.0,0.0,192.0,10.4,1050.2,841.2,14,82.0
206.8,0.0,0.0,158.5,2.2,874.1,995.0,28,72.67
380.6,11.1,0.0,182.6,0.0,876.3,995.0,7,68.29
354.9,105.7,88.7,223.1,2.2,932.6,982.3,90,82.0
384.5,37.7,0.0,154.2,3.6,867.3,956.6,28,82.0
351.3,49.5,0.0,147.8,1.8,876.5,916.3,7,77.12
224.3,0.0,138.4,190.4,2.2,830.0,995.0,28,64.56
265.6,168.6,0.0,181.2,8.1,1056.9,838.5,14,70.9
159.1,205.1,0.0,197.6,0.0,1128.2,763.8,3,22.15
198.9,0.0,135.2,168.5,1.0,914.4,932.6,7,53.15
359.7,181.3,0.0,174.0,10.7,1140.4,754.1,365,82.0
182.2,0.0,0.0,156.6,2.3,1064.6,849.6,365,82.0
461.0,0.0,170.8,166.2,1.0,980.2,909.9,90,82.0
424.0,71.5,191.4,194.3,9.5,927.8,954.6,28,82.0
357.0,203.8,126.7,198.5,3.1,1105.3,781.3,7,82.0
144.0,135.2,89.3,137.4,2.0,957.2,944.9,7,49.13
467.2,0.0,117.6,167.3,2.1,872.6,995.0,28,82.0
395.9,0.0,0.0,207.4,5.0,1064.4,846.7,28,78.5
344.2,343.1,116.1,207.6,4.3,969.5,899.3,14,82.0
239.5,330.6,0.0,192.3,6.4,874.8,995.0,28,76.32
288.6,323.9,174.8,172.8,4.5,840.4,995.0,28,82.0
228.8,0.0,164.8,180.0,1.1,1059.2,748.6,56,71.08
213.2,303.8,0.0,177.3,2.0,965.1,933.4,28,66.09
485.1,124.9,0.0,216.1,12.5,832.6,995.0,28,82.0
510.7,58.7,0.0,154.8,8.0,810.0,995.0,56,82.0
214.7,0.0,121.0,197.1,0.0,1013.4,847.6,7,33.1
334.1,244.9,0.0,200.5,3.0,819.3,988.6,90,82.0
153.4,0.0,71.7,173.5,3.8,1106.2,767.6,7,29.17
201.1,0.0,0.0,166.0,5.0,853.8,995.0,7,45.9
318.4,59.0,53.5,186.2,2.0,888.4,967.1,7,57.9
524.0,0.0,0.0,180.8,7.1,1115.1,747.5,3,79.61
395.0,223.4,0.0,168.5,1.9,1098.3,773.5,1,73.72
387.6,268.8,23.7,195.8,2.7,1037.8,814.6,28,82.0
485.5,266.2,49.3,183.1,6.7,1049.9,790.1,14,82.0
320.9,252.6,153.5,167.2,7.5,806.7,995.0,28,82.0
240.2,248.1,0.0,168.9,2.9,892.8,980.7,365,82.0
223.9,278.3,49.4,176.3,4.2,818.8,995.0,56,82.0
368.8,172.7,8.7,203.9,2.4,935.8,928.5,1,56.69
497.3,311.1,68.2,176.1,7.6,974.3,970.5,28,82.0
239.7,0.0,153.4,175.6,0.0,1022.9,865.9,1,42.21
525.7,337.6,135.0,224.4,3.2,911.5,980.1,7,82.0
351.7,139.7,187.5,178.8,4.6,975.5,904.1,365,82.0
393.2,92.8,58.4,191.3,4.8,1045.6,814.6,180,82.0
173.5,81.3,40.6,153.9,0.0,900.4,933.1,56,58.56
204.0,345.0,33.6,210.7,3.6,965.3,904.5,56,63.35
237.3,279.8,0.0,194.9,4.0,893.0,957.1,28,72.78
442.4,0.0,158.0,179.8,7.0,1029.5,861.4,28,82.0
155.8,0.0,157.2,191.0,1.0,1105.6,794.4,14,33.03
344.5,0.0,0.0,152.0,8.9,1103.1,786.3,90,82.0
414.3,299.4,0.0,144.9,4.8,949.4,894.6,7,82.0
499.8,0.0,59.2,190.8,3.2,1034.6,831.2,56,82.0
308.1,265.3,0.0,205.6,3.6,924.1,954.8,90,82.0
131.9,20.8,0.0,193.9,0.0,1089.9,834.5,90,22.18
275.8,347.3,0.0,189.9,1.8,1137.4,728.5,56,82.0
275.7,42.6,0.0,146.9,0.0,973.7,995.0,7,71.13
244.0,11.0,0.0,172.2,0.9,1064.2,814.3,7,42.75
428.7,0.0,0.0,134.3,5.5,1069.8,782.2,3,75.6
269.3,73.4,0.0,193.7,2.3,874.5,982.9,28,55.83
437.2,0.0,149.7,162.3,4.6,949.6,954.9,1,78.51
345.3,308.7,10.7,195.3,0.0,1121.9,791.7,1,58.47
182.4,0.0,0.0,209.2,4.3,962.3,957.0,56,49.79
398.6,0.0,89.6,148.2,4.5,1012.9,889.1,365,82.0
318.8,28.8,131.7,179.1,9.1,850.9,995.0,7,75.87
207.6,229.8,77.8,167.2,4.0,803.0,995.0,14,74.33
359.0,64.6,0.0,179.8,11.5,1134.8,794.9,56,82.0
404.4,0.0,0.0,198.4,6.7,926.9,960.7,180,82.0
185.9,311.9,0.0,175.6,1.8,995.3,842.0,28,66.36
356.0,124.2,63.5,182.8,5.0,1089.6,805.3,28,82.0
173.5,230.4,0.0,183.7,2.6,1065.4,777.6,180,68.14
338.1,183.1,0.0,166.8,4.5,963.3,929.7,1,63.75
289.7,255.0,0.0,164.3,5.6,835.8,995.0,28,82.0
213.5,0.0,138.3,202.1,0.0,1027.2,812.3,56,60.3
215.9,290.9,18.9,183.9,3.5,1103.8,779.0,56,71.33
276.7,0.0,90.3,153.1,1.7,859.9,995.0,14,73.66
401.0,0.0,0.0,186.9,9.5,1105.5,784.8,28,76.75
519.2,0.0,0.0,207.0,2.5,845.9,995.0,28,82.0
296.4,341.3,0.0,176.4,0.0,851.4,995.0,28,82.0
189.6,264.3,0.0,174.9,1.4,960.9,995.0,28,53.38
212.1,113.7,78.8,161.3,5.4,890.3,923.6,7,62.43
474.8,100.1,79.2,159.9,4.7,1116.8,811.6,7,82.0
201.8,0.0,95.1,181.7,4.1,926.4,937.5,365,65.78
129.9,0.0,0.0,167.3,3.4,1128.1,739.6,90,46.95
263.2,150.9,143.8,182.2,0.0,1068.0,761.7,56,82.0
381.5,0.0,0.0,147.5,2.7,830.9,995.0,56,82.0
211.7,21.0,0.0,201.4,1.1,1077.6,814.9,180,64.85
512.0,115.2,0.0,187.3,10.3,807.4,995.0,28,82.0
321.2,143.4,0.0,204.3,0.0,973.7,881.2,365,82.0
366.2,348.5,0.0,183.4,4.4,940.2,923.7,1,70.74
180.9,130.5,67.8,174.9,5.0,829.2,995.0,56,63.89
271.7,207.0,84.9,190.8,10.2,844.2,995.0,7,68.7
477.4,15.5,0.0,161.5,0.0,1048.8,854.2,28,82.0
218.2,0.0,112.5,174.5,0.0,917.0,965.8,1,37.71
146.7,0.0,77.7,143.5,1.3,817.6,995.0,90,61.34
296.6,0.0,0.0,218.6,4.5,824.5,995.0,56,58.62
187.0,0.0,0.0,214.1,0.0,1096.5,804.3,3,8.91
470.3,14.0,103.2,209.9,5.0,1020.7,903.3,14,82.0
209.5,228.5,123.6,169.0,2.7,852.4,995.0,28,71.62
317.5,0.0,0.0,189.6,5.7,925.2,995.0,7,62.56
126.4,0.0,0.0,173.4,0.0,911.7,995.0,28,18.01
146.1,69.7,0.0,206.5,4.7,1135.5,770.3,28,18.61
321.0,0.0,0.0,172.8,0.0,1015.8,845.7,3,57.22
162.9,0.0,46.6,174.0,2.7,1141.9,686.8,7,27.99
234.8,0.0,138.3,179.1,0.0,1030.6,859.4,7,53.48
419.8,236.3,0.0,194.6,5.7,1107.2,761.1,3,76.29
207.6,89.7,121.1,195.8,1.5,853.6,995.0,14,57.47
484.3,0.0,0.0,202.2,9.5,1101.4,791.0,7,82.0
447.1,272.2,0.0,215.3,2.7,835.0,995.0,90,82.0
509.7,218.3,34.4,204.6,1.1,886.8,995.0,3,82.0
236.7,0.0,85.4,178.4,0.0,1138.2,742.1,28,57.01
259.2,152.3,0.0,206.4,1.7,801.1,995.0,56,67.12
355.4,0.0,122.0,168.0,5.4,1144.9,760.4,56,82.0
154.8,53.3,167.9,202.6,7.0,1107.7,823.4,90,55.03
437.7,0.0,187.3,189.0,6.3,901.7,961.5,3,73.24
436.8,0.0,28.0,200.3,8.1,977.9,913.6,1,58.63
145.7,77.2,191.6,183.6,4.3,1126.9,804.3,28,34.41
316.3,325.8,0.0,169.6,1.6,992.2,961.2,28,82.0
355.8,148.4,0.0,152.7,2.6,1140.7,763.5,56,82.0
246.3,167.4,41.6,184.1,5.2,832.7,995.0,28,76.84
243.5,0.0,175.5,204.8,0.0,957.8,977.8,28,67.12
354.8,0.0,0.0,162.1,9.5,847.2,928.9,56,82.0
174.1,0.0,132.0,201.7,0.6,1102.5,850.1,7,17.51
259.7,0.0,0.0,221.0,3.5,1094.0,804.9,56,51.11
225.1,31.7,0.0,153.7,0.0,803.9,995.0,3,44.88
315.8,49.9,5.7,177.8,11.3,1062.7,825.3,56,82.0
493.9,0.0,0.0,173.4,2.9,899.2,988.9,28,82.0
414.2,87.1,0.0,185.7,6.7,1037.5,873.3,56,82.0
187.8,0.0,194.9,184.7,0.0,941.5,964.2,28,54.41
253.9,255.9,0.0,176.9,4.6,874.2,995.0,180,82.0
166.7,60.4,0.0,180.3,2.4,1137.5,757.7,90,46.43
379.9,0.0,0.0,129.9,7.6,970.5,890.8,56,82.0
513.2,0.0,87.9,154.5,0.0,988.4,963.9,28,82.0
501.8,0.0,52.3,180.4,7.6,1142.9,741.0,7,82.0
440.6,0.0,1.2,197.7,0.0,964.0,944.8,28,82.0
403.7,0.0,0.0,179.2,7.8,1050.9,888.7,3,68.3
446.4,13.4,198.9,163.1,2.3,876.9,995.0,14,82.0
504.4,312.6,0.0,213.7,5.2,968.4,875.5,28,82.0
216.2,0.0,0.0,178.9,4.7,1067.8,868.0,56,65.99
498.7,88.2,40.7,172.3,4.9,838.7,995.0,3,82.0
481.4,0.0,155.0,196.8,7.4,1115.7,828.4,56,82.0
407.2,30.8,157.2,187.8,2.3,1124.1,767.2,3,75.87
440.7,323.0,0.0,140.9,4.5,1083.7,824.2,3,82.0
507.1,0.0,88.7,195.6,3.0,1113.3,797.3,3,82.0
340.9,167.9,0.0,202.0,9.6,1065.6,757.7,14,72.97
189.8,0.0,0.0,145.8,0.0,865.5,995.0,14,53.98
521.1,0.0,93.7,174.6,14.2,1081.4,808.5,1,80.34
539.5,0.0,0.0,190.1,12.9,1120.6,708.9,28,82.0
187.3,270.5,0.0,173.8,1.5,952.5,955.4,180,82.0
257.3,200.0,0.0,165.4,3.1,890.2,995.0,14,74.49
356.3,0.0,0.0,186.9,7.5,1072.2,798.6,14,62.18
193.9,0.0,51.7,225.9,5.3,964.3,931.3,28,33.0
293.4,0.0,67.8,185.8,2.2,1051.8,825.6,3,48.75
525.1,61.9,0.0,206.1,16.3,920.2,948.5,28,82.0
499.3,0.0,0.0,200.0,5.2,1084.4,827.9,3,73.68
307.1,300.1,0.0,170.6,0.0,1100.4,802.6,14,82.0
435.9,359.2,132.6,164.6,8.3,894.2,995.0,7,82.0
489.1,28.1,0.0,160.4,5.4,1137.8,742.9,90,82.0
516.4,230.7,0.0,197.3,7.5,878.5,995.0,365,82.0
422.8,254.3,76.1,145.6,5.1,897.9,992.6,90,82.0
531.0,359.1,45.6,201.3,3.1,873.7,995.0,180,82.0
278.4,156.8,0.0,190.0,5.9,953.9,935.8,28,77.56
243.7,300.7,0.0,210.4,2.9,973.5,878.3,28,60.5
327.4,112.7,0.0,201.7,1.4,1062.6,854.5,7,67.07
316.4,0.0,0.0,180.8,5.3,992.7,920.3,1,44.3
388.3,0.0,30.0,170.3,6.4,1122.6,694.9,7,82.0
405.9,262.3,199.2,196.3,7.5,941.7,919.3,7,82.0
184.2,0.0,0.0,179.3,0.0,853.2,995.0,28,46.03
506.4,0.0,0.0,166.0,4.7,927.3,930.1,1,80.3
411.5,0.0,0.0,212.9,1.3,1135.8,736.4,14,68.26
523.3,0.0,173.0,186.3,2.6,1103.1,727.1,7,82.0
240.8,31.6,0.0,192.4,1.1,1093.8,745.9,1,26.64
451.3,157.3,0.0,186.5,8.7,835.0,995.0,1,70.29
225.1,323.3,125.7,163.0,3.0,994.0,936.9,56,82.0
151.4,0.0,0.0,170.6,2.6,1099.4,758.1,3,14.8
395.8,315.2,170.0,167.4,5.4,1020.9,823.6,3,82.0
212.8,227.2,37.7,184.0,6.0,956.9,929.9,3,44.26
398.3,247.6,133.3,151.3,5.9,892.0,995.0,56,82.0
330.6,0.0,0.0,192.4,9.0,1048.7,854.3,365,82.0
447.0,0.0,172.1,167.5,8.1,894.9,995.0,1,82.0
508.6,170.7,51.2,183.1,8.7,1054.6,799.5,28,82.0
124.7,52.1,133.7,181.2,7.9,961.7,995.0,3,14.14
425.3,51.3,0.0,213.4,11.3,999.0,850.5,180,82.0
299.8,0.0,0.0,221.3,3.6,1104.4,769.2,365,74.5
128.3,0.0,0.0,159.1,5.9,1127.4,714.9,90,42.67
388.6,80.2,159.7,216.0,0.8,1058.1,792.7,180,82.0
505.4,312.5,0.0,150.5,1.1,1059.4,867.2,28,82.0
402.3,5.8,0.0,210.1,3.3,1129.0,715.5,7,69.95
505.0,195.7,0.0,142.4,6.0,1025.8,892.7,56,82.0
402.6,186.9,0.0,164.8,7.7,1108.0,738.3,56,82.0
399.1,0.0,0.0,185.6,0.2,909.1,922.6,90,82.0
490.5,209.5,0.0,153.3,2.7,936.0,906.3,7,82.0
310.5,124.0,134.3,205.9,9.0,909.4,928.3,365,82.0
228.1,0.0,0.0,176.8,1.2,1035.2,788.5,28,59.15
391.6,99.2,0.0,177.8,8.8,874.6,987.8,14,82.0
528.4,0.0,0.0,169.5,10.3,903.0,995.0,7,82.0
497.6,92.4,0.0,168.2,11.5,993.7,895.4,180,82.0
235.5,0.0,51.7,141.5,4.3,944.8,846.6,1,45.82
433.7,0.0,0.0,196.4,3.7,989.5,925.1,3,72.0
130.7,55.3,0.0,179.7,3.6,830.6,995.0,7,20.23
379.1,89.8,0.0,227.5,4.1,919.7,988.1,180,82.0
