machine_type,air_temperature_k,process_temperature_k,rotational_speed_rpm,torque_nm,tool_wear_min,machine_failure
H,298.8,309.2,1704,29.4,224,0
L,299.2,312.4,1611,36.9,178,0
M,301.8,310.4,1243,23.6,27,0
H,298.0,308.2,1713,47.8,162,0
M,298.5,309.7,1241,56.5,184,1
M,301.5,312.2,1725,47.6,199,0
M,298.0,308.1,1731,28.5,165,0
M,296.2,305.0,1461,47.2,33,0
L,301.9,312.2,1591,45.5,224,1
M,299.1,310.0,1754,40.1,69,0
M,301.2,312.1,1436,44.6,196,0
L,298.4,308.0,1622,39.0,29,0
M,296.9,307.0,1639,43.1,2,0
M,296.8,306.7,1556,38.2,197,0
L,304.5,314.1,1790,47.6,228,1
M,304.4,314.5,1607,32.2,174,0
L,303.1,312.5,1687,35.3,145,0
M,304.0,312.9,1168,26.9,22,0
H,299.5,308.8,1570,35.4,136,0
L,300.6,310.1,1435,40.8,125,0
L,295.7,305.7,1361,33.1,229,0
H,299.6,308.6,1719,48.9,229,0
M,301.5,311.7,1806,45.3,187,0
L,299.7,310.6,1289,22.7,53,0
M,304.8,313.8,1665,49.2,41,0
L,298.1,308.5,1434,42.4,213,0
L,300.5,310.4,1630,53.6,153,0
H,298.6,311.5,1586,47.3,163,0
L,299.1,309.4,1609,42.2,69,0
L,298.5,308.2,1521,28.0,41,0
H,299.8,310.7,1331,45.6,93,0
M,296.3,305.6,1580,24.4,172,0
H,301.5,311.9,1168,49.5,200,0
M,299.4,308.4,1464,30.0,232,0
H,297.9,308.4,1605,37.6,193,0
L,296.9,306.5,1687,40.2,206,0
M,300.0,310.6,1747,35.3,186,0
L,298.8,308.8,1733,40.7,206,0
H,299.6,308.2,2044,28.6,228,0
M,298.6,309.5,1767,37.8,173,0
L,301.9,310.8,1350,57.8,29,0
L,302.4,314.1,1467,36.9,27,0
L,298.3,308.0,1724,35.8,26,0
H,303.2,312.5,1785,23.2,231,0
M,301.2,310.9,1806,28.3,30,0
L,300.0,311.8,1662,32.0,180,0
M,301.4,312.0,1581,27.5,209,0
M,298.9,309.8,1707,10.9,86,0
M,300.9,309.3,1267,34.3,128,0
H,299.8,310.3,1760,34.9,96,0
H,302.3,312.2,1828,43.6,43,0
L,299.0,310.0,1413,34.2,99,0
L,300.2,308.4,1513,28.1,87,0
L,301.4,312.8,1662,45.4,221,0
L,301.8,312.9,1500,53.1,155,0
M,297.0,308.0,1711,52.2,67,0
M,303.6,313.3,1500,28.4,39,0
L,299.3,309.0,1680,24.2,221,0
H,298.9,310.0,1601,44.1,249,0
L,300.6,309.2,1438,36.3,40,0
L,296.7,306.9,1652,38.8,231,0
M,297.2,308.1,1471,29.4,178,0
H,299.0,309.1,1692,28.6,119,0
H,297.1,306.6,1450,50.4,112,0
L,303.0,313.7,1693,41.0,100,0
H,299.7,311.9,1168,48.2,173,0
L,299.9,308.8,1506,48.3,185,0
H,300.4,310.5,1673,48.3,80,0
M,301.6,310.9,1604,29.8,185,0
L,301.4,311.3,1734,38.9,204,0
L,298.7,308.7,1316,63.4,5,0
H,302.6,312.2,1494,26.1,132,0
L,302.3,313.5,1766,54.5,146,1
L,304.4,315.0,1552,45.2,95,0
H,300.5,311.9,1589,30.2,187,0
M,300.1,308.8,1594,52.1,48,0
M,299.2,308.3,1394,39.1,33,0
L,297.6,308.1,1402,33.6,250,0
M,299.7,307.9,1234,43.1,140,0
L,297.4,308.0,1425,31.8,37,0
L,299.6,310.9,1696,11.2,139,0
L,303.0,312.8,1882,35.4,188,0
L,302.3,312.2,1468,48.5,234,1
L,303.4,314.3,1714,17.9,156,0
L,297.2,308.4,1542,21.0,121,0
M,302.1,311.9,1903,38.1,26,0
H,300.8,311.8,1475,37.2,236,0
M,300.7,309.7,1712,42.5,111,0
L,302.2,311.8,1630,67.0,138,0
L,300.7,310.2,1552,34.3,38,0
L,300.6,311.3,1680,34.3,65,0
L,298.5,308.4,1715,34.9,212,0
M,304.1,313.2,1341,39.1,84,0
L,299.5,307.3,1631,29.0,74,0
L,302.0,311.7,1689,21.5,15,0
L,298.9,308.5,1671,43.1,231,0
M,298.5,306.1,1583,35.6,95,0
M,301.2,310.9,1391,37.6,65,0
L,299.6,309.8,1460,30.3,150,0
L,302.1,311.5,1744,34.1,49,0
L,300.4,310.9,1185,49.8,168,0
L,301.5,311.8,1331,27.3,18,0
L,302.5,313.7,1531,48.2,108,0
L,297.6,308.8,1532,48.0,156,0
H,301.5,310.6,1745,46.6,140,0
M,295.7,306.7,1773,33.7,4,0
L,298.7,309.3,1425,24.1,9,0
M,298.9,308.2,1728,44.4,72,0
L,297.5,306.0,1824,36.6,142,0
L,300.1,309.6,1925,29.7,202,0
L,299.1,308.6,1422,30.5,118,0
M,297.8,307.0,1590,50.1,16,0
L,303.4,312.4,1571,56.3,97,0
H,299.3,310.0,1422,43.1,100,0
L,299.5,310.6,1526,41.6,67,0
L,298.9,309.3,1830,31.4,238,0
M,301.5,310.9,1466,22.9,195,0
H,300.8,311.7,1731,35.6,124,0
L,299.2,309.3,1711,36.2,76,0
M,305.0,316.1,1398,35.2,21,0
H,302.5,312.0,1629,38.5,100,0
L,300.6,310.9,1487,46.9,31,0
L,296.1,309.4,1563,39.5,229,0
M,300.5,310.5,1460,54.6,32,0
L,299.7,309.5,1720,53.2,120,0
L,299.0,307.3,1654,49.7,187,0
M,298.0,306.9,1480,32.2,213,0
L,302.0,313.2,1374,39.1,141,0
L,302.4,312.8,1516,49.1,2,0
H,299.1,309.0,1585,39.1,182,1
L,296.9,305.6,1509,45.8,136,0
L,297.1,307.5,1470,46.4,142,0
L,299.6,309.2,1614,43.0,126,0
M,298.0,308.6,1499,50.0,189,0
L,299.4,309.1,1529,35.2,142,0
M,301.6,311.3,1507,38.6,144,0
H,301.5,311.3,1438,42.8,48,0
L,299.7,310.4,1191,59.5,191,1
M,297.2,306.9,1582,47.5,192,0
M,301.5,311.5,1192,26.7,44,0
M,301.0,310.7,1617,51.3,198,0
L,298.1,308.5,1467,24.2,202,0
L,300.6,310.1,1403,34.6,64,0
L,301.7,311.8,1518,19.0,65,0
L,304.0,311.7,1570,29.0,195,0
L,300.7,310.7,1860,50.9,186,1
L,301.8,313.0,1435,26.8,181,0
H,299.7,309.1,1597,42.5,251,0
M,301.3,311.7,1846,46.6,130,0
L,300.5,310.1,1168,36.3,104,1
M,302.1,311.6,1552,52.9,86,0
H,297.8,307.9,1274,40.5,91,0
L,300.4,311.2,1737,39.9,166,0
L,295.9,305.6,1698,16.4,135,0
L,297.7,306.2,1649,30.0,241,0
M,298.5,308.9,1613,55.2,231,1
L,298.2,307.4,1492,35.2,59,0
L,299.9,311.4,1325,51.6,77,1
H,300.8,311.0,1694,49.9,108,0
H,302.1,312.7,1661,49.3,214,0
L,300.7,311.5,1769,53.7,224,1
L,300.7,308.7,1456,37.0,35,0
H,300.7,310.9,1418,52.9,12,0
H,302.4,312.8,1631,45.8,137,0
L,299.5,310.2,1579,33.2,93,0
M,305.1,314.4,1590,34.7,101,0
M,302.3,312.1,1573,15.0,47,0
L,300.0,309.4,1839,46.0,112,0
L,295.9,307.2,1408,47.3,137,0
M,299.4,310.0,1264,39.6,41,0
M,299.6,309.8,2154,53.0,117,0
M,300.8,311.3,1462,46.5,48,0
M,300.8,310.1,1616,50.9,125,0
H,303.9,311.9,1532,44.3,76,0
L,297.9,307.3,1264,64.4,74,1
L,300.0,310.4,1609,44.1,185,0
M,301.4,312.0,1472,45.4,153,0
L,302.3,313.9,1646,49.0,224,0
H,297.6,306.4,1423,46.3,220,0
M,303.1,311.7,1783,47.0,84,0
L,299.0,309.8,1735,38.4,41,0
M,298.8,308.1,1735,35.9,66,0
H,300.6,311.6,1437,44.6,46,0
M,301.9,312.7,1512,41.8,124,0
L,301.0,311.5,1324,43.5,118,1
L,301.4,311.5,1472,41.6,97,0
L,300.5,310.9,1877,37.0,92,0
M,301.9,310.4,1406,39.3,226,0
L,299.1,309.6,2078,31.2,38,0
L,300.3,309.5,1470,32.3,60,0
L,300.9,311.1,1393,40.6,148,0
L,300.3,310.3,1268,17.0,45,0
H,301.7,311.6,1687,33.4,48,0
L,298.7,308.2,1614,21.2,178,0
L,298.9,310.0,1612,42.0,223,0
L,302.3,313.7,1369,40.2,116,1
H,300.3,311.4,1608,40.0,144,0
L,300.9,310.4,1728,41.4,111,0
H,301.4,310.9,1568,28.9,210,0
M,302.2,312.4,1549,27.8,214,0
L,298.1,307.7,1564,32.8,137,0
M,302.9,314.8,1315,45.1,172,0
M,297.7,308.7,1697,39.3,53,0
M,301.5,310.5,1527,44.1,205,0
L,297.2,307.2,1530,34.8,19,0
H,299.4,311.2,1600,49.4,108,0
M,299.3,308.5,1738,49.3,174,0
L,300.6,309.9,1370,35.7,237,0
L,300.6,309.1,1402,32.6,56,0
M,297.6,306.8,1975,41.8,216,0
H,299.5,309.0,1515,36.4,200,0
M,299.2,309.7,1686,41.3,29,0
H,300.4,312.6,1495,53.1,8,0
L,298.8,309.0,1499,40.0,217,1
H,298.0,307.3,1656,45.1,199,0
L,300.1,309.4,1640,35.5,165,0
L,301.5,310.2,1563,27.1,110,0
M,295.8,304.9,1691,53.5,100,0
M,301.8,310.9,1465,38.2,54,0
L,300.1,310.9,1699,40.5,216,0
L,301.5,311.7,1737,50.7,157,1
H,299.0,309.5,1404,29.3,92,0
M,298.3,306.9,1473,48.0,215,0
L,301.5,311.8,1228,41.5,86,0
M,299.4,309.4,1612,42.6,178,0
M,298.6,309.5,1348,60.6,188,0
L,299.8,310.2,1749,39.5,170,0
M,302.2,311.9,1378,41.4,89,0
L,302.1,310.9,1192,33.3,24,0
H,302.8,313.8,1768,53.9,63,0
L,299.9,310.7,1585,71.2,27,0
L,296.8,307.0,1753,42.4,203,0
L,302.7,309.8,1455,62.8,224,0
H,300.2,310.6,1432,62.6,155,1
M,297.6,307.1,1751,37.2,22,0
M,298.7,307.2,1731,40.5,38,0
L,298.9,311.1,1601,10.6,145,0
M,297.4,307.4,1690,48.3,15,0
H,300.2,310.2,1863,27.3,218,0
L,300.6,310.4,1652,30.4,81,0
L,300.8,309.7,1663,33.6,201,0
M,301.3,311.9,1636,43.5,230,0
M,300.6,310.1,1472,33.8,132,0
M,296.8,304.8,1600,24.2,189,0
L,298.5,307.7,1329,37.2,215,0
H,301.0,310.7,1506,24.1,204,0
L,299.6,308.7,1494,31.5,199,0
M,299.7,308.8,1668,40.7,74,0
L,298.3,307.3,1497,36.3,211,0
L,300.7,309.6,1560,54.6,18,0
L,299.4,309.1,1415,49.6,38,0
L,300.4,310.0,1762,35.8,245,0
H,301.1,311.7,1579,33.4,84,0
M,303.3,312.9,1476,48.6,30,0
M,301.2,312.0,1187,33.4,213,1
M,299.2,309.5,1445,42.5,214,0
M,297.4,307.1,1422,51.9,37,0
L,303.5,314.0,1427,66.7,113,0
L,302.1,311.0,1616,50.4,31,0
M,296.5,307.0,1799,54.4,41,0
L,300.2,309.9,1840,48.3,104,0
L,301.9,312.1,1499,43.6,191,0
H,299.3,307.8,1310,40.3,31,0
M,300.3,309.7,1550,37.9,66,0
M,298.3,307.9,1371,38.8,35,0
M,301.7,311.5,1496,52.6,20,0
L,301.2,310.2,1462,42.0,30,0
L,298.1,309.4,1951,45.6,128,0
L,300.2,310.2,1731,38.7,212,0
M,297.6,306.9,1260,40.8,123,0
M,301.3,309.7,1510,24.4,11,0
L,297.4,305.8,1607,38.9,24,0
L,301.1,310.6,1306,32.0,53,0
M,298.4,309.1,1602,37.7,47,0
M,298.1,307.5,1949,44.8,136,0
L,301.9,310.9,1716,42.9,137,0
H,300.0,310.4,1394,25.9,21,0
M,300.0,308.4,1458,41.9,240,0
L,299.9,311.8,1527,31.0,117,0
H,297.2,307.7,1272,49.5,39,0
M,300.7,311.4,1416,59.5,111,0
L,298.4,307.1,1445,56.2,240,1
L,301.3,311.3,1524,25.9,143,0
H,302.6,312.8,1375,29.9,51,0
H,302.0,311.0,1712,51.4,113,0
L,299.4,307.7,1184,34.6,122,0
L,298.0,309.3,1501,45.8,107,0
H,303.4,314.4,1432,40.8,235,0
M,299.6,309.0,1621,27.0,129,0
M,300.9,310.1,1403,34.4,41,0
L,296.5,307.2,1219,54.8,159,1
M,298.3,309.1,1669,32.6,65,0
M,299.6,308.2,1450,42.4,162,0
M,297.6,305.6,1286,47.1,66,0
M,300.4,310.5,1323,40.1,223,0
M,298.6,308.8,1776,29.6,196,0
M,300.0,310.3,1593,49.3,143,0
H,296.8,304.8,1417,44.9,42,0
M,301.2,312.4,1561,40.9,17,0
L,301.5,310.5,1532,39.2,218,0
H,300.5,311.1,1754,40.1,217,0
M,297.9,307.4,1468,40.3,69,0
M,296.4,307.6,1596,43.5,226,1
L,297.8,308.9,1283,28.3,227,0
L,299.3,311.6,1741,57.3,137,0
H,298.2,307.8,1436,38.9,181,0
M,299.1,307.7,1483,40.2,13,0
M,302.6,312.0,1391,48.8,25,0
L,298.7,308.3,1168,25.2,66,0
M,296.5,306.9,1663,32.6,222,0
H,302.3,313.8,1263,41.0,12,0
L,301.2,310.0,1724,48.5,46,0
M,303.4,313.7,1640,29.4,208,0
M,300.9,312.4,1537,34.1,164,1
L,300.4,308.7,1413,38.5,59,0
L,301.5,310.9,1813,34.0,175,0
L,301.3,309.9,1477,28.4,90,0
L,304.7,315.4,1305,49.4,107,0
M,297.9,308.5,1419,37.3,119,0
L,299.4,307.7,1490,46.5,223,1
M,299.5,310.7,1339,32.0,239,0
M,297.9,308.0,1640,62.7,245,0
M,305.4,315.8,1480,20.7,17,0
L,301.1,312.2,1380,30.1,166,0
H,301.5,311.1,1493,42.9,236,0
M,302.3,311.7,1405,42.5,207,0
L,298.4,308.8,1581,42.4,190,0
H,301.1,310.6,1532,16.4,121,0
M,302.1,310.9,1690,27.3,229,0
H,299.0,309.5,1546,47.4,21,0
L,304.0,312.5,1635,40.5,167,0
H,301.9,310.1,1339,24.8,230,0
L,302.8,311.4,1447,30.5,162,0
L,300.9,309.3,1561,36.4,226,0
L,298.5,309.8,1751,39.5,245,0
L,297.0,307.1,1683,27.2,237,0
M,301.4,310.2,1415,27.1,204,0
L,301.0,310.5,1325,44.5,231,0
L,301.5,313.8,1361,52.6,23,0
L,297.2,307.0,1359,38.5,18,0
L,304.9,314.0,1528,47.4,229,0
L,298.6,308.2,1385,40.6,187,0
L,298.4,307.6,1276,20.9,50,0
L,302.3,311.2,1572,43.1,139,0
L,298.8,308.1,1790,61.4,165,0
M,303.0,312.8,1518,42.6,71,0
M,301.6,311.2,1494,35.8,175,0
L,298.5,308.8,1507,45.9,1,0
L,296.1,305.9,1523,43.4,244,1
L,300.3,310.0,1456,29.8,147,0
H,301.4,310.5,1360,36.3,99,0
H,298.3,309.6,1434,40.8,108,0
L,301.5,311.0,1706,40.1,210,0
M,300.2,309.2,1708,25.9,249,0
L,299.6,311.0,1399,33.6,123,0
M,301.1,311.2,1375,43.5,166,0
H,300.3,309.7,1472,32.3,201,0
H,301.6,310.8,1550,50.4,117,0
M,293.6,303.9,1557,39.6,158,0
L,297.2,306.3,1435,37.0,248,0
M,301.6,311.3,1855,48.7,179,0
L,302.2,312.9,1391,43.8,134,0
L,303.9,314.3,1478,44.1,204,1
L,302.2,311.6,1305,25.4,63,0
M,302.7,312.2,1622,27.4,150,0
M,301.3,310.2,1339,32.2,100,0
M,298.6,308.0,1536,42.0,202,0
M,299.4,308.5,1693,29.6,67,0
L,301.4,311.6,1579,56.2,94,0
H,299.7,308.1,1484,54.1,155,0
H,298.6,308.9,1522,53.4,125,0
L,303.5,313.0,1911,40.8,71,0
L,298.9,310.3,1439,16.3,252,0
L,300.8,310.9,1574,46.8,78,0
H,297.6,308.6,1442,47.6,0,0
L,301.0,311.1,1725,41.4,112,0
M,299.6,309.7,1405,56.8,14,0
L,297.5,309.6,1637,58.3,206,0
M,304.1,313.2,1459,53.7,246,0
M,299.7,310.1,1347,34.5,211,0
L,300.1,309.0,1548,23.2,72,0
L,300.7,310.2,1500,35.3,17,0
M,302.3,313.1,2097,32.4,67,0
L,298.6,308.5,1438,43.6,65,0
H,301.5,312.6,1736,32.6,112,0
M,300.5,310.5,1429,47.7,229,0
L,295.7,305.9,1493,31.0,139,0
L,300.0,309.9,1377,56.2,218,0
L,295.2,305.6,1740,36.4,179,0
H,299.5,309.1,1652,37.9,218,0
H,297.3,307.9,1781,30.8,148,0
L,298.8,309.8,1313,48.2,95,0
L,300.0,310.2,1668,34.2,192,0
L,298.9,309.6,1368,51.0,183,1
L,301.2,310.7,1346,37.6,159,0
M,300.4,312.2,1837,49.2,16,0
M,302.6,312.9,1889,25.2,0,0
H,297.9,307.1,1494,41.4,75,0
M,299.4,309.1,1773,34.4,196,0
M,299.2,310.1,1892,28.6,139,0
M,297.4,307.3,1479,35.2,4,0
L,300.1,311.1,1671,51.8,87,0
L,301.8,313.2,1716,56.0,161,1
L,301.1,309.8,2007,42.7,236,0
L,301.3,310.8,1407,38.9,33,0
L,300.2,309.6,1462,52.2,204,0
L,299.2,310.4,1819,44.9,222,0
M,297.9,308.1,1750,40.7,224,0
L,299.3,311.2,1540,41.3,144,0
M,298.9,307.3,1707,36.4,1,0
M,300.4,311.0,1485,42.1,86,0
L,300.9,310.3,1858,39.4,31,0
L,300.2,308.5,1454,45.0,38,0
H,302.4,314.2,1582,27.4,133,0
H,300.8,310.4,1753,27.2,1,0
L,298.9,308.8,1385,43.0,7,0
L,299.3,308.8,1506,38.1,106,0
M,302.9,313.2,1593,36.1,90,0
M,299.0,309.8,1350,43.0,194,0
M,300.7,310.3,1641,24.0,147,0
M,299.7,308.7,1294,55.8,58,0
M,302.5,313.6,1743,30.2,71,0
L,297.5,307.2,1607,35.4,171,0
L,304.3,315.0,1444,36.5,230,0
L,300.1,310.4,1168,46.3,26,0
L,299.3,309.1,1671,35.6,89,0
L,302.9,313.3,1374,49.2,200,0
L,300.1,310.2,1469,30.9,187,0
H,300.3,311.3,1802,54.7,36,0
L,297.6,306.5,1357,43.4,157,0
M,301.3,313.2,1571,49.9,247,0
L,300.5,311.4,1886,36.6,72,0
L,298.2,309.1,1516,24.8,16,0
M,297.6,307.2,1523,35.3,24,0
L,298.2,307.0,1420,45.0,242,1
M,303.5,313.6,1499,44.7,44,0
L,301.3,310.7,1584,50.5,238,1
M,298.1,308.2,1397,34.7,239,0
L,298.7,308.3,1459,38.3,44,1
L,297.8,307.5,1437,46.1,151,1
H,303.5,315.5,1378,44.3,189,0
L,301.9,311.6,1404,40.3,157,0
M,299.8,309.4,1512,43.9,221,0
L,302.1,313.1,1660,29.1,233,0
M,297.8,307.6,1707,48.3,198,1
L,301.8,309.9,1687,36.3,222,0
H,302.6,313.4,1916,40.0,172,0
L,297.9,307.7,1168,30.5,32,0
L,298.6,308.5,1514,56.8,50,0
H,302.3,312.8,1380,41.1,152,0
M,302.7,313.7,1764,24.7,8,0
L,298.0,306.9,1678,45.1,140,0
H,297.3,308.1,1468,44.2,42,0
L,302.4,309.5,1480,41.0,15,0
L,299.8,311.6,1719,60.1,211,1
M,300.9,310.6,1567,57.3,235,1
M,300.9,312.4,1360,23.8,96,0
H,302.5,311.5,1523,60.3,69,0
L,295.9,305.5,1312,31.1,74,0
M,299.5,312.2,1583,24.7,155,0
L,301.2,311.7,1662,34.7,62,0
L,300.6,310.2,1613,32.7,115,0
H,298.2,307.9,1613,41.5,49,0
L,297.9,307.4,1210,54.5,151,0
L,304.8,315.3,1426,45.8,244,0
L,297.2,307.9,1659,32.2,233,0
L,304.5,314.0,1713,36.1,116,0
H,300.2,308.6,1654,59.5,245,1
L,299.7,310.1,1610,44.8,159,1
L,297.9,306.1,1538,43.4,113,0
L,300.9,308.9,1193,41.6,118,0
L,300.7,310.4,1701,40.6,26,0
L,300.5,308.7,1339,52.0,25,0
L,299.8,309.0,1586,31.0,237,0
L,298.8,309.8,1277,51.9,96,0
L,299.1,308.8,1347,39.9,205,0
L,298.8,310.1,1413,44.6,19,0
M,299.0,310.3,1209,39.4,83,0
H,300.2,307.3,1335,51.1,95,0
M,298.4,309.6,1585,48.3,205,0
L,302.5,312.1,1606,48.4,241,0
H,298.8,307.5,1621,38.3,156,0
M,299.7,306.9,1633,53.9,156,0
L,300.8,310.3,1518,34.8,113,0
M,300.8,310.3,1804,44.4,217,1
L,299.6,309.6,1557,47.5,93,0
L,301.2,310.6,1411,46.5,113,1
H,302.2,313.7,1394,37.5,4,0
H,298.2,308.3,1600,31.1,13,0
L,300.9,311.5,1548,56.3,85,0
M,300.7,309.5,1421,35.8,36,0
L,299.2,310.9,1549,49.1,246,0
L,299.8,309.0,1642,51.4,5,0
M,300.1,310.5,1515,18.3,182,0
L,299.9,309.7,1493,54.1,14,0
L,298.3,310.7,1336,36.9,158,0
M,300.5,309.4,1536,51.1,64,0
H,299.3,308.6,1601,47.6,197,0
M,303.4,313.4,1629,32.7,158,0
H,299.9,309.7,1387,31.3,189,0
L,302.4,313.4,1988,32.0,43,0
L,298.1,309.3,1238,39.9,238,0
M,300.2,310.1,1297,33.0,203,0
L,298.0,308.0,1724,33.0,170,0
M,298.7,309.3,1413,51.0,75,0
L,302.7,313.7,1644,45.0,49,0
H,301.4,313.1,1569,38.4,186,0
L,297.2,308.3,1168,45.3,1,0
L,301.1,311.3,1587,44.5,73,0
L,297.8,308.1,1509,45.8,217,1
H,300.2,311.8,1666,53.5,29,0
M,301.8,312.9,1701,30.8,147,0
L,300.3,312.1,1630,50.0,28,0
M,299.1,308.6,1488,29.3,27,0
L,302.5,311.9,1382,25.4,35,0
M,300.0,310.2,1889,29.4,107,1
H,302.2,313.5,1551,38.7,98,0
M,302.2,310.8,1679,41.2,10,0
M,301.4,312.6,1576,33.5,235,0
L,298.4,309.2,1587,47.2,208,0
L,300.7,311.2,1201,53.3,210,0
H,299.1,309.4,1618,23.7,51,0
L,301.0,311.4,1502,50.9,159,0
L,300.4,309.8,1502,43.8,209,0
M,300.5,309.6,1493,46.7,102,1
L,300.3,310.3,1586,48.4,88,0
H,301.6,312.0,1620,35.6,131,0
M,300.7,311.4,1556,42.0,35,0
M,301.9,311.9,1480,40.3,245,0
L,301.8,310.0,1773,39.5,220,0
H,299.8,309.5,1622,48.1,65,0
H,299.2,309.6,1646,22.2,136,0
M,300.2,310.5,1538,45.5,166,1
H,299.2,309.3,1717,51.2,188,0
H,301.4,311.4,1681,49.4,141,0
L,300.2,309.3,1385,29.0,149,0
H,297.7,308.2,1765,32.2,151,0
M,297.9,306.2,1513,47.1,210,0
L,303.4,311.8,1289,51.5,21,0
L,297.2,308.6,1806,33.8,250,0
M,299.2,310.0,1367,30.0,36,0
M,299.9,309.5,1744,35.7,138,0
L,301.3,313.2,1557,39.6,212,0
L,296.7,306.4,1516,50.5,106,0
H,298.9,308.9,1383,44.1,202,0
M,299.2,308.5,1577,33.8,72,0
L,303.6,313.2,1272,48.2,155,0
H,300.3,310.4,1718,29.0,38,0
M,303.5,313.8,1440,50.8,161,0
H,298.7,308.8,1624,26.9,173,0
M,298.3,308.4,1485,39.8,93,0
L,300.3,311.3,1374,41.2,99,0
L,299.6,310.0,1622,35.7,151,0
M,298.3,307.3,1480,47.7,109,0
L,298.9,309.5,1816,16.6,167,0
M,299.8,309.0,1494,32.9,123,0
L,302.4,314.6,1545,54.0,103,0
H,300.7,311.3,1625,17.6,77,0
M,300.0,309.4,1534,35.0,145,0
L,298.4,307.2,1482,32.9,126,0
M,300.5,310.0,1348,54.7,83,0
H,299.6,310.4,1459,56.9,83,0
M,298.3,307.3,1595,42.1,117,0
L,299.1,309.9,1524,37.6,107,0
L,301.5,311.4,1168,51.2,88,0
L,304.2,313.7,1588,29.3,62,0
L,299.7,308.6,1390,23.6,151,0
H,300.5,310.5,1460,36.1,123,0
L,301.8,310.2,1277,45.1,123,0
M,298.0,308.2,1361,50.0,33,0
L,301.1,313.8,1492,46.9,241,1
L,298.9,310.9,1767,26.9,177,0
M,301.0,309.7,1824,25.3,133,0
H,299.3,309.2,1337,44.3,179,0
M,296.9,306.4,1693,49.1,199,0
L,301.9,311.4,1599,68.2,123,0
L,296.6,306.7,1498,34.6,223,0
L,296.2,305.4,1327,39.4,191,0
L,301.1,310.8,1773,25.7,121,0
L,297.9,307.1,1440,35.0,142,0
H,302.1,311.7,1331,23.5,36,0
M,298.9,309.7,1594,34.0,236,0
L,301.1,310.0,1588,56.4,42,0
H,303.3,313.8,1454,38.3,10,0
M,302.5,312.1,1764,40.0,65,0
M,301.1,311.8,1416,27.4,171,0
H,299.6,309.3,1702,35.4,211,0
M,301.4,312.4,1490,27.5,111,0
L,298.9,308.8,1526,29.8,195,0
M,299.6,309.2,1863,29.3,130,0
L,305.2,312.6,1685,24.4,148,0
M,298.6,308.3,1621,56.1,114,0
L,302.5,312.7,1749,41.1,167,0
H,300.2,309.8,1495,46.3,108,0
L,296.7,306.0,1543,35.1,188,0
L,300.9,311.8,1554,56.7,143,0
M,297.6,308.0,1542,50.2,250,1
H,299.9,309.9,1492,46.1,157,0
L,302.5,311.2,1642,43.1,226,1
L,295.0,305.7,1542,41.1,48,0
M,301.0,310.7,1529,18.4,218,0
L,297.3,307.3,1291,61.3,191,1
M,299.1,309.9,1362,50.0,209,0
H,298.9,309.1,1582,50.3,191,0
L,300.3,310.8,1631,49.7,106,0
H,299.5,310.2,1293,50.7,171,1
M,301.3,309.8,1243,61.0,218,1
L,299.4,309.0,1460,34.9,244,0
L,298.0,309.1,1582,40.8,238,0
L,304.0,314.1,1256,27.5,72,0
L,302.2,312.7,1670,47.2,29,0
H,299.3,309.1,1375,26.6,106,0
L,303.3,313.6,1591,55.2,163,0
M,302.5,310.5,1769,17.7,35,0
L,301.8,312.6,1556,34.6,161,0
M,298.2,307.4,1659,41.6,197,0
L,299.5,311.7,1671,42.8,57,0
L,303.0,312.8,1559,35.1,31,0
M,301.6,311.0,1492,15.3,60,0
H,301.9,314.4,1294,60.6,209,0
L,298.4,307.4,1687,43.7,210,1
L,299.9,311.2,1550,21.8,159,0
H,298.9,308.9,1675,27.3,66,0
L,300.7,311.3,1565,29.1,147,0
L,304.1,314.7,1371,57.6,177,0
L,297.7,306.7,1293,44.7,119,0
M,300.6,310.7,1551,57.8,221,0
L,300.7,311.9,1991,43.8,146,0
H,299.7,308.7,1554,46.1,193,0
M,293.8,302.9,1464,46.4,179,0
M,299.6,307.4,1455,41.3,209,0
L,299.0,307.2,1908,53.0,240,1
M,303.0,313.9,1724,26.9,41,0
H,299.2,308.4,1427,52.5,155,0
L,302.7,315.1,1383,25.6,57,0
H,301.0,311.4,1403,43.0,144,0
M,295.8,303.9,1733,30.2,68,0
H,298.0,308.1,1362,41.4,125,0
L,301.4,309.6,1362,40.4,157,1
M,299.8,310.4,1384,37.5,36,0
L,298.6,308.6,1596,57.3,88,0
L,303.8,314.5,1539,54.1,145,0
H,298.7,309.7,1397,48.7,53,0
M,300.3,309.5,1262,46.0,14,0
M,301.1,310.6,1277,45.6,98,0
M,301.3,310.3,1514,40.6,156,0
M,296.1,307.0,1260,31.2,142,0
M,299.9,309.5,1596,51.9,89,0
H,301.5,311.3,1337,50.3,236,1
M,303.6,313.8,1721,51.5,30,0
L,299.2,307.7,1374,49.0,23,0
M,300.8,311.6,1436,63.5,66,0
M,302.9,313.8,1368,53.6,114,0
H,301.6,309.8,1492,50.2,94,0
M,298.9,308.7,1574,41.4,51,0
M,298.5,307.9,1441,49.2,234,1
H,305.1,314.7,1829,62.0,20,0
H,303.2,313.0,1221,56.0,223,0
L,297.3,306.5,1493,50.3,194,0
H,301.3,312.4,1168,42.7,248,0
H,300.0,309.4,1552,22.1,99,0
H,298.8,309.9,1505,40.1,171,0
H,302.5,313.5,1404,44.9,211,0
M,301.0,313.0,1583,39.4,165,0
M,299.3,308.5,1716,28.3,83,0
L,301.3,313.3,1694,45.2,146,0
M,302.2,310.3,1903,30.5,89,0
L,299.2,308.0,1512,49.1,144,0
L,300.3,310.2,1395,27.0,97,0
L,303.6,313.0,1606,50.7,46,0
L,297.7,306.5,1449,16.1,19,0
H,302.3,311.8,1629,59.5,37,0
L,300.7,311.2,1407,25.8,130,0
H,299.9,310.0,1526,36.7,198,0
L,300.6,310.1,1331,53.5,242,1
L,302.5,312.2,1830,48.4,23,0
H,304.2,313.5,1327,34.9,191,0
M,303.0,315.3,1587,48.6,138,0
L,302.9,311.0,1595,47.1,16,0
L,299.1,307.5,1397,40.5,214,0
M,298.0,307.5,1402,44.7,81,0
M,302.5,312.3,1595,20.5,175,0
L,302.2,312.9,1620,38.6,198,1
L,300.6,310.8,1489,37.9,170,0
H,302.1,310.0,1819,36.5,226,0
H,303.1,311.7,1332,35.4,90,0
M,303.0,312.0,1287,35.9,169,0
L,295.9,306.5,1168,44.6,74,0
M,298.5,309.2,1494,33.4,225,0
M,301.9,312.6,1455,45.8,194,0
L,300.1,311.6,1216,27.1,228,0
M,302.1,310.2,1771,25.2,94,0
H,298.0,309.8,1196,59.8,163,0
H,301.2,311.3,1256,23.9,17,0
M,304.8,313.8,1687,36.4,137,0
H,299.5,309.5,1402,44.7,210,1
H,300.2,309.7,1680,19.4,63,0
L,295.9,307.1,1693,40.0,202,0
L,301.1,312.0,1800,31.6,193,0
L,300.9,308.0,1511,33.9,30,0
H,299.7,310.2,1696,30.6,45,0
M,299.6,309.6,1612,36.4,133,0
H,298.9,310.5,1764,53.6,73,0
L,298.7,309.6,1620,61.8,183,0
H,300.7,311.5,1561,26.6,62,0
L,304.2,313.1,1521,11.0,166,0
M,298.6,308.4,1617,42.2,83,0
M,299.6,308.8,1357,48.0,147,0
L,299.1,310.3,1470,36.2,232,0
L,299.9,308.4,1508,48.7,179,0
H,301.9,312.1,1481,39.6,49,0
L,301.2,311.4,1541,43.9,241,0
L,299.3,309.0,1774,39.9,95,0
L,300.3,311.3,1524,43.3,197,0
L,299.3,309.3,1527,53.1,113,0
L,298.9,307.8,1698,31.3,153,0
M,298.2,308.6,1765,52.6,210,1
H,301.9,310.3,1434,61.5,104,0
M,299.3,310.2,1801,45.9,143,0
L,299.8,308.9,1606,43.0,116,0
H,304.2,315.1,1395,37.7,195,0
M,297.7,306.9,1529,49.3,168,0
L,301.9,310.4,1705,38.4,73,0
L,301.5,313.4,1734,47.3,56,0
H,302.2,311.3,1612,34.9,24,0
H,301.1,312.0,1977,49.0,130,0
L,300.6,311.2,1449,41.1,10,0
L,302.4,311.3,1517,50.1,183,0
H,298.2,309.1,1806,38.9,83,0
L,297.6,309.5,1456,37.8,71,0
M,295.2,305.2,1187,27.3,36,0
M,300.5,310.8,1900,33.9,91,0
L,301.7,310.1,1352,34.1,91,0
M,301.4,311.9,1421,56.5,181,1
L,297.5,306.3,1822,57.0,217,1
H,298.8,307.7,1722,21.5,18,0
L,299.0,307.4,1819,54.7,188,1
H,299.9,308.8,1870,34.0,197,0
M,300.4,312.1,1350,42.7,73,0
L,303.9,312.6,1560,50.1,36,0
L,304.3,313.0,1900,18.6,190,0
L,300.1,310.8,1670,41.3,9,0
H,304.8,314.4,1668,35.2,92,0
L,304.2,314.5,1342,40.9,92,0
M,302.8,314.0,1543,37.2,66,0
M,301.0,309.9,1550,45.2,197,0
H,297.8,307.8,1414,37.5,25,0
H,304.9,314.9,1672,30.6,134,0
M,302.7,313.3,1619,56.3,80,0
L,298.8,308.5,1645,27.6,16,0
L,300.7,310.1,1910,51.6,132,0
L,300.4,309.6,1650,43.6,97,0
H,301.6,310.0,1692,43.6,16,0
H,297.3,307.8,1306,35.4,231,0
L,299.2,309.2,1591,34.8,208,0
H,300.1,311.2,1540,32.1,135,0
L,297.8,309.7,1493,27.9,173,0
L,299.9,311.8,1520,30.8,78,0
L,300.0,310.3,1535,32.2,7,0
M,299.1,309.3,1592,26.0,93,0
M,301.7,309.3,1461,42.7,85,0
L,294.2,304.8,1506,41.0,9,0
L,299.6,310.0,1235,46.2,211,0
L,298.4,308.4,1683,46.4,97,0
L,304.9,314.3,1410,41.3,138,0
M,300.8,313.3,1581,37.3,3,0
M,297.6,308.9,1581,27.7,166,0
H,301.2,311.4,1706,30.8,91,0
L,300.9,309.3,1507,35.5,94,0
L,303.1,312.0,1426,32.2,144,0
H,300.8,310.9,1552,36.4,58,0
L,303.2,312.9,1375,58.0,64,0
M,299.0,308.9,1719,38.3,0,0
L,299.1,307.8,1567,39.9,66,0
H,301.1,311.6,1579,44.0,240,1
H,300.5,312.0,1555,22.7,50,0
L,297.2,306.5,1330,58.4,241,0
L,298.9,308.8,1393,36.9,97,0
M,302.1,312.8,1428,34.4,7,0
L,297.5,306.8,1727,40.0,98,0
L,305.1,315.7,1798,37.0,149,0
L,297.5,307.3,1480,52.7,93,0
L,303.4,314.5,1622,48.2,248,1
L,298.9,309.2,1229,23.7,181,0
L,302.6,316.4,1349,50.5,26,0
L,302.5,312.4,1562,46.4,117,0
H,300.1,311.3,1643,54.8,152,0
L,301.8,312.4,1489,52.3,196,0
M,301.0,311.3,1676,31.6,136,0
M,300.5,311.6,1795,33.1,247,0
M,300.3,311.5,1500,28.8,127,0
L,300.2,310.0,1560,52.0,132,0
L,300.3,311.5,1654,38.7,224,1
M,302.0,312.2,1939,40.9,4,0
L,301.3,308.6,1495,33.4,225,1
L,299.7,309.5,1544,20.3,244,0
H,295.2,305.3,1581,27.2,250,0
L,301.3,311.9,1435,49.8,73,0
H,301.4,310.7,1440,33.4,179,0
L,300.8,312.1,1439,34.1,108,0
L,300.5,311.8,1522,31.8,106,0
H,299.0,307.5,1751,43.9,178,0
M,299.0,309.4,1783,32.6,21,0
L,300.6,311.0,1433,32.9,75,0
H,301.9,313.4,1466,34.0,250,0
L,299.3,308.7,1648,45.4,238,0
L,300.2,311.1,1842,46.9,253,1
M,302.9,311.7,1670,44.8,248,0
L,299.2,310.6,1785,40.4,137,0
L,302.6,312.8,1389,34.7,155,0
M,300.0,308.7,1514,64.6,77,0
H,300.5,310.7,1703,38.3,18,0
M,300.9,311.0,1637,47.8,113,0
M,299.0,308.5,1846,34.6,113,0
L,299.2,308.7,1278,26.1,33,0
L,302.3,313.4,1909,43.6,39,0
M,300.6,310.8,1578,43.8,68,0
L,302.8,313.0,1425,42.8,129,0
L,300.2,309.5,1777,43.9,39,0
M,300.3,310.9,1481,41.9,43,0
L,299.7,310.5,1471,51.7,35,0
L,302.0,312.5,1548,38.9,153,0
M,299.3,308.8,1622,48.4,250,0
L,298.8,309.8,1925,40.0,148,0
H,301.4,312.2,1613,24.8,143,0
L,299.5,308.9,1608,38.7,50,0
L,298.4,308.0,1518,28.9,176,0
L,299.6,311.0,1668,33.0,71,0
M,294.7,304.5,1410,46.4,105,0
M,298.2,308.3,1395,30.9,39,0
L,305.3,317.1,1504,39.7,88,0
H,298.8,307.2,1600,27.2,157,0
H,301.2,312.3,1400,43.4,65,0
L,297.6,308.3,1493,50.1,42,1
M,303.3,314.8,1427,53.3,216,0
L,301.6,311.3,1343,32.7,5,0
H,299.9,309.5,1488,35.0,220,0
H,301.5,310.5,1435,47.2,231,0
L,304.1,314.9,1827,38.9,34,0
L,299.3,310.5,1492,43.5,215,0
L,300.4,308.8,1676,47.9,148,0
M,300.3,310.9,1453,41.9,84,0
L,296.1,305.7,1376,38.7,85,0
L,296.6,305.6,1168,68.3,155,1
H,299.1,308.1,1391,38.6,42,0
L,296.9,307.4,1439,31.7,4,0
L,298.9,307.7,1701,43.9,145,0
M,299.2,307.1,1504,17.9,68,0
H,299.3,309.4,1390,20.6,19,0
L,298.6,308.2,1519,39.6,162,0
L,299.0,310.5,1757,43.4,111,0
H,300.5,312.0,1528,44.4,188,0
L,295.6,305.1,1297,44.4,236,0
L,299.9,310.5,1545,38.6,144,0
H,297.8,308.0,1306,26.0,32,0
L,303.2,312.4,1382,36.5,204,0
L,299.2,308.7,1562,28.6,193,0
M,299.5,310.0,1688,52.7,149,0
M,299.5,311.0,1292,41.0,44,0
H,298.2,309.3,1565,21.8,112,0
M,301.3,310.7,1621,34.1,248,0
H,296.0,306.1,1455,33.4,41,0
L,301.9,312.4,1696,38.3,182,0
L,300.0,309.9,1235,48.2,40,0
L,303.2,313.4,1526,43.8,40,0
L,300.2,309.9,1457,40.0,169,0
L,298.7,308.1,1428,36.2,26,0
H,300.3,310.6,1543,26.3,209,0
H,299.7,310.1,1274,23.3,27,0
L,299.3,309.4,1747,41.8,160,0
L,301.0,310.6,1493,43.6,164,0
M,300.7,310.9,1601,34.2,172,0
M,301.0,310.9,1478,37.9,167,0
L,299.7,308.4,1357,53.9,55,0
M,300.2,310.2,2050,56.7,183,0
L,297.7,307.8,1312,41.1,21,0
H,295.7,304.4,1978,32.5,167,0
H,301.6,311.7,1569,20.8,26,0
L,301.0,311.4,1598,31.4,251,0
L,299.9,310.8,1560,29.7,238,0
M,302.0,311.9,1634,54.0,55,0
H,301.7,312.0,1621,48.1,1,0
L,299.9,308.5,1533,32.1,67,0
L,296.1,304.8,1522,36.5,245,0
M,298.5,309.7,1231,51.0,10,0
L,299.7,308.4,1441,41.0,108,0
L,299.1,308.4,1752,59.6,209,1
M,298.1,308.0,1351,51.2,207,0
L,296.1,305.7,1400,39.8,159,0
L,298.9,308.5,1691,45.1,32,0
M,299.9,309.6,1450,25.2,45,0
L,301.4,312.4,1559,53.0,9,0
M,299.1,308.9,1694,31.0,136,0
H,303.9,314.7,1168,20.8,29,0
M,298.4,309.6,1537,49.9,158,0
H,298.7,308.5,1689,63.3,4,0
L,301.8,311.7,1611,42.5,23,0
L,303.1,312.1,1176,32.7,177,0
M,303.8,312.5,1362,42.0,94,0
M,301.9,311.9,1558,40.7,55,0
L,299.6,309.5,1562,47.2,9,0
L,304.4,315.1,1672,46.1,139,0
M,300.0,308.1,1644,31.4,199,0
L,302.4,312.4,1528,44.3,184,0
H,298.1,308.0,1643,17.4,181,0
M,300.6,311.3,1442,36.1,29,0
M,302.7,312.6,1672,28.6,223,0
L,298.0,307.9,1638,69.5,208,1
M,298.1,308.4,1384,24.7,76,0
M,303.0,313.4,1521,49.6,83,0
L,302.1,312.2,1168,46.6,217,0
M,301.0,311.5,1289,40.6,144,0
L,298.3,307.6,1507,47.4,126,1
H,299.6,311.2,1581,38.2,178,0
M,299.1,310.7,1530,60.1,122,0
L,301.4,310.5,1692,44.2,146,0
L,300.3,310.1,1302,28.5,68,0
M,297.7,308.8,1442,42.6,128,0
M,298.8,309.1,1484,44.5,160,0
M,299.2,310.4,1416,46.7,112,1
L,300.1,310.2,1762,42.1,251,0
L,301.1,312.2,1572,32.1,141,0
H,299.2,311.0,1611,23.1,21,0
L,297.3,307.1,1683,51.5,232,0
M,298.8,307.7,1897,17.7,8,0
L,297.5,309.1,1485,22.8,143,0
H,301.7,312.7,1594,37.4,159,0
H,298.5,309.6,1775,37.0,73,0
L,299.3,308.0,1774,37.3,13,0
M,300.2,308.5,1372,53.1,240,0
L,298.7,310.0,1549,43.1,208,0
M,300.1,309.7,1286,34.0,12,0
L,299.8,310.4,1505,37.0,82,0
L,298.9,308.9,1337,35.1,244,0
M,300.3,311.5,1530,42.9,139,0
M,298.6,308.0,1441,35.2,224,0
L,300.4,308.6,1794,27.0,108,0
L,299.7,310.2,1425,43.5,232,0
M,299.9,311.0,1363,37.9,183,0
L,301.9,310.0,1392,30.0,52,0
H,299.7,310.7,1352,23.7,80,0
L,300.5,311.0,1454,52.9,194,0
L,299.4,310.0,1311,35.9,155,0
M,300.8,310.9,1692,44.9,229,0
L,300.5,309.3,1320,44.7,185,0
M,298.9,309.3,1413,42.8,150,0
M,297.9,308.2,1496,40.1,17,0
L,300.7,312.5,1617,41.0,101,1
M,305.9,315.4,1627,46.5,225,1
L,303.1,312.4,1352,41.9,101,0
L,301.4,311.2,1570,30.5,67,0
H,299.4,309.7,1621,46.0,229,0
H,305.8,315.7,1674,23.2,114,0
M,300.5,309.8,1699,34.6,63,0
L,298.5,310.2,1520,43.9,168,0
H,300.3,309.6,1529,31.2,253,0
L,302.7,312.2,1703,42.6,129,0
L,300.0,308.8,1817,48.4,90,0
H,297.8,307.9,1422,30.6,250,0
H,298.4,309.0,1444,34.7,221,0
H,298.9,311.4,1772,48.4,11,0
M,301.5,310.5,1448,33.6,201,0
M,299.3,311.4,1546,21.2,226,0
L,300.5,310.9,1355,32.0,145,0
L,301.0,309.9,1563,37.9,190,0
L,303.6,313.9,1362,39.0,50,0
M,299.3,309.6,1655,31.5,104,0
H,297.7,307.8,1681,31.2,25,0
L,302.4,312.8,1404,38.8,114,0
L,297.7,307.9,1452,51.5,50,0
L,300.7,310.7,1849,40.2,117,0
M,298.1,307.2,1637,34.3,89,0
L,300.8,311.8,1513,38.6,4,0
H,295.9,305.7,1733,37.1,92,0
M,301.8,313.0,1554,24.8,189,0
L,302.0,311.3,1506,29.4,12,0
L,299.8,310.5,1914,33.8,106,0
L,299.5,308.5,1571,52.3,150,0
L,302.6,311.9,1375,50.2,118,0
M,300.5,310.1,1378,40.8,216,0
L,298.1,309.9,1463,45.4,98,0
M,300.3,309.2,1531,34.7,239,0
L,300.3,310.4,1579,41.5,59,0
H,299.5,308.1,1582,45.3,196,0
L,299.9,311.5,1588,30.3,115,0
M,299.4,310.5,1699,49.5,66,0
M,298.2,308.2,1435,46.0,215,1
L,296.9,306.4,1665,48.2,238,0
L,300.8,311.0,1939,31.4,79,0
L,300.6,311.0,1677,26.8,61,0
L,296.2,305.8,1826,51.1,36,0
L,299.8,307.9,1629,43.6,174,0
L,298.8,307.3,1560,40.5,234,0
L,298.9,309.9,1367,42.2,195,0
L,299.9,309.4,1636,36.1,178,0
L,300.4,311.2,1521,45.1,116,0
L,298.1,309.2,1713,48.4,140,0
L,300.0,311.4,1289,28.5,148,0
M,299.1,310.1,1517,47.5,121,0
M,299.9,311.2,1507,43.2,189,0
L,300.8,311.4,1479,37.6,44,0
L,300.2,311.6,1728,41.1,162,0
M,302.4,312.4,1630,44.5,118,0
H,303.8,312.2,1800,55.6,174,0
L,302.1,313.9,1692,45.9,75,0
M,300.9,309.9,1396,35.7,112,0
M,296.6,306.2,1354,51.5,24,0
L,302.2,313.8,1465,36.8,50,0
H,298.0,307.1,1554,26.8,38,0
M,300.1,311.7,1515,26.2,176,0
L,301.0,310.0,1420,36.8,96,0
M,299.8,310.4,1296,26.1,151,0
L,301.9,313.1,1253,56.4,99,0
L,300.0,309.5,1454,41.9,38,0
L,298.1,307.9,1753,39.3,17,0
H,299.4,310.3,1615,40.9,249,0
L,295.7,305.8,1526,42.6,132,0
L,301.2,311.3,1310,42.1,210,0
M,300.6,309.9,1568,25.6,227,0
M,300.9,311.8,1459,38.8,44,0
H,300.9,310.9,1762,46.1,221,0
L,295.4,305.5,1383,42.1,173,0
L,300.4,311.9,1714,41.3,150,0
L,296.5,305.5,1513,46.5,2,0
M,302.8,312.6,1370,49.2,91,0
L,302.3,311.4,1690,32.0,143,0
L,299.3,309.0,1695,43.0,28,0
M,303.4,312.4,1638,33.0,183,0
L,299.4,309.7,1616,47.8,204,0
M,299.4,309.9,1783,45.0,223,0
H,297.5,308.4,1758,33.2,74,0
M,298.7,306.9,1500,36.9,244,0
H,299.5,308.8,1600,46.4,70,0
H,302.9,313.4,1260,43.1,209,1
L,300.9,311.3,1695,43.5,215,0
L,296.4,307.4,1636,46.5,248,0
M,301.5,313.0,1732,34.2,199,0
L,296.8,307.3,1696,37.6,80,0
L,299.7,310.6,1345,19.7,208,0
M,301.2,312.6,1649,36.6,116,0
M,300.3,310.0,1439,33.8,208,0
M,297.4,304.8,1482,29.3,43,0
M,304.8,313.9,1531,27.6,140,0
L,300.0,311.8,1903,57.6,101,0
L,299.0,307.9,1789,39.0,110,0
L,301.0,310.2,1420,39.3,64,0
H,299.2,309.3,1695,44.9,67,0
H,302.5,313.3,1450,43.3,107,0
H,300.2,310.7,1546,66.7,188,1
H,299.3,310.4,1463,30.0,118,0
H,298.2,309.7,1801,17.6,105,0
L,298.9,309.7,1552,30.7,104,0
L,301.9,312.7,1206,34.5,239,0
M,297.5,306.0,1579,46.1,146,0
M,297.8,307.4,1553,55.2,154,0
L,297.1,307.5,1341,44.5,23,1
L,299.8,309.5,1625,43.6,57,0
M,301.3,312.6,1734,41.3,176,0
H,302.1,311.4,1689,60.6,145,0
L,302.8,311.5,1517,43.6,246,0
L,297.7,306.5,1560,27.2,228,0
L,300.9,311.3,1678,48.0,81,0
H,301.5,310.7,1624,25.6,21,0
M,299.3,309.4,1691,36.6,12,0
H,297.7,309.0,1595,35.8,173,0
L,299.4,309.8,1365,51.2,36,0
H,301.0,312.1,1636,38.4,203,0
L,300.6,311.9,1306,42.6,212,1
L,296.7,307.2,1651,37.8,127,0
M,300.6,310.8,1619,38.8,38,0
H,305.1,313.3,1604,32.9,116,0
M,297.5,307.1,1474,37.8,49,0
M,302.3,312.7,1527,38.1,161,0
M,300.8,310.5,1553,27.6,129,0
H,300.5,309.9,1535,31.0,149,0
H,299.2,309.6,1684,22.7,34,0
L,297.4,307.5,1557,27.4,110,0
M,303.0,312.9,1617,43.2,75,0
L,300.7,311.3,1441,45.8,54,0
M,301.1,313.3,1503,58.4,210,1
L,296.4,307.8,1723,34.3,83,0
M,297.9,308.6,1456,51.1,79,0
H,299.4,308.7,1648,29.8,227,0
H,304.1,314.7,1355,47.6,100,1
M,298.2,308.3,1757,37.3,48,0
L,302.6,312.0,1620,20.4,21,0
L,302.0,312.6,1803,30.6,34,0
M,298.5,309.2,1224,48.5,111,0
H,297.0,307.9,1453,45.6,62,0
M,298.5,309.0,1876,50.3,152,0
L,302.3,312.7,1450,41.4,80,0
L,300.5,310.8,1206,41.4,216,0
M,300.3,309.8,1663,35.7,35,0
M,299.4,308.2,1675,50.7,111,1
L,298.3,307.7,1472,40.9,107,0
H,300.0,309.7,1674,26.0,12,0
L,303.6,313.7,1491,40.8,56,0
H,301.7,312.4,1943,32.8,53,0
H,303.2,314.1,1559,45.8,191,0
H,296.8,304.7,1437,35.4,21,0
H,303.8,313.7,1262,38.5,199,0
M,303.8,313.3,1586,39.1,89,0
M,299.0,309.2,1581,35.7,71,0
M,300.2,310.2,1560,42.2,56,0
L,302.2,312.9,1636,45.4,143,0
L,300.4,310.3,1304,54.9,102,1
H,298.2,308.1,1625,38.8,16,0
L,299.5,310.8,1657,42.2,239,0
H,300.3,310.5,1626,41.2,9,0
L,298.9,310.8,1497,52.6,10,0
L,300.9,312.4,1784,20.6,29,0
L,299.3,309.5,1331,39.7,67,0
L,300.2,312.1,1731,54.7,18,0
H,297.1,306.9,1579,49.2,65,0
L,299.0,309.5,2031,42.5,204,0
L,298.3,308.2,1480,53.3,88,0
M,298.4,307.3,1172,26.2,11,0
M,301.3,311.3,1730,40.0,244,0
L,297.0,308.8,1356,37.7,28,0
M,302.9,313.4,1730,36.9,8,0
L,299.7,308.8,1362,47.2,36,0
L,302.7,314.5,1756,50.2,195,0
H,301.9,312.4,1475,44.3,71,0
H,297.5,306.1,1463,45.2,244,1
L,299.0,309.4,1321,31.2,120,0
L,301.9,311.8,1445,44.0,88,0
L,300.9,308.6,1407,44.3,84,0
H,298.2,307.7,1523,32.2,249,0
L,298.8,306.9,1905,32.3,122,0
L,301.7,311.7,1654,24.3,236,0
L,298.9,308.1,1747,41.9,204,1
L,302.7,313.5,1634,43.7,202,1
L,301.3,311.4,1452,32.1,21,0
L,298.8,310.3,1359,38.9,11,0
L,299.2,309.2,1406,26.1,99,0
L,298.6,309.9,1776,25.7,83,0
M,300.8,309.9,1489,43.8,89,0
L,299.4,310.2,1589,31.3,71,0
M,302.0,311.1,1589,35.3,21,0
L,302.5,312.9,1533,40.7,200,0
L,300.2,311.9,1514,24.2,53,0
M,298.3,308.5,1824,20.7,64,0
L,301.2,311.6,1504,46.1,18,0
M,299.3,309.0,1807,38.3,139,0
L,299.5,308.0,1587,25.3,149,0
M,298.4,309.1,1455,48.4,228,1
M,300.8,311.8,1304,53.3,169,1
M,297.7,308.6,1804,20.9,71,0
L,301.0,311.8,1638,24.5,56,0
M,297.8,308.0,1762,41.4,95,0
M,300.5,310.1,1469,47.6,209,0
L,303.1,314.4,1376,28.2,145,0
L,300.2,310.9,1796,58.3,42,0
M,300.2,310.9,1440,55.4,141,0
L,299.2,310.0,1493,44.3,220,0
H,298.1,307.8,1886,46.4,246,0
M,300.9,311.9,1681,33.6,46,0
M,301.5,310.3,1678,23.4,204,0
L,298.6,308.4,1496,38.3,69,0
M,300.1,310.6,1370,34.2,203,0
M,296.1,306.5,1633,59.2,240,0
M,300.6,310.3,1494,39.6,122,0
M,299.7,308.4,1739,38.2,105,0
L,299.7,308.6,1483,39.8,162,0
L,301.1,311.3,1634,46.7,71,0
L,301.8,312.6,1286,21.1,182,0
H,297.7,307.6,1373,50.0,68,0
L,300.5,309.3,1526,47.1,195,0
L,300.0,309.1,1351,16.6,90,0
M,300.3,308.9,1693,48.6,162,0
L,296.9,308.1,1549,39.3,77,0
H,302.6,312.7,1944,41.9,149,0
M,298.0,307.6,1523,41.4,67,0
L,300.7,311.3,1498,34.0,40,0
L,300.0,311.6,1280,36.9,34,0
L,302.1,313.6,1688,36.3,62,0
H,300.2,309.3,1636,32.0,196,0
L,303.9,312.9,1530,51.0,51,0
L,299.8,310.7,1511,36.5,174,0
L,301.7,311.9,1596,53.3,95,0
L,298.4,307.4,1508,26.6,110,0
L,298.3,309.6,1312,48.5,83,0
H,297.5,308.6,1472,40.9,190,0
M,299.9,308.5,1646,35.5,16,0
L,295.1,306.6,1493,47.7,229,0
M,294.7,304.3,1658,48.4,110,0
L,299.1,308.8,1546,26.7,216,0
H,297.0,307.8,1409,42.2,19,0
H,300.2,310.8,1753,30.8,62,0
H,298.4,306.3,1427,46.8,243,0
H,299.2,310.1,1767,20.9,215,0
H,299.3,309.6,1620,48.4,101,0
L,300.0,308.6,1562,39.8,76,0
M,299.5,310.3,1815,51.0,62,0
L,302.1,310.8,1634,23.7,232,0
M,298.8,309.7,1168,40.3,160,0
L,296.9,307.0,1484,45.2,140,0
H,303.1,312.8,1524,25.0,118,0
L,298.3,310.1,1627,33.0,101,0
L,301.0,310.0,1496,52.1,192,0
L,299.7,309.2,1475,33.5,181,0
L,296.7,305.9,1581,36.2,116,0
L,299.6,310.1,1725,35.0,154,0
M,303.0,314.3,1669,26.9,209,0
L,301.8,310.6,1669,28.6,56,0
H,301.4,311.5,1618,41.0,198,0
L,300.5,310.7,1382,27.3,130,0
L,296.4,305.2,1776,30.2,237,0
M,298.7,307.8,1733,19.1,117,0
L,298.4,309.9,1456,54.8,171,0
L,300.6,310.8,1562,54.1,208,1
M,299.4,308.8,1597,13.5,191,0
H,299.6,309.8,1539,31.9,189,0
L,299.2,309.6,1346,39.5,178,0
H,299.2,309.5,1837,60.4,204,0
H,300.4,310.6,1746,36.7,25,0
M,299.3,308.5,1453,30.2,237,0
M,299.3,309.0,1516,35.7,88,0
M,298.4,307.4,1644,45.4,194,0
M,304.0,313.5,1538,46.4,106,0
M,295.2,303.2,1420,42.9,208,1
L,302.0,312.8,1452,29.1,104,0
L,302.8,314.1,1574,35.0,5,0
L,301.8,313.7,1553,73.2,220,1
L,298.5,308.7,1723,62.8,77,0
H,300.8,311.6,1437,31.9,168,0
L,296.9,305.9,1562,45.8,59,0
L,302.3,314.0,1771,51.5,191,0
L,298.5,309.1,1451,25.5,141,0
M,298.2,309.8,1451,52.4,4,0
L,296.5,306.6,1239,26.8,228,0
M,300.7,311.2,1441,39.5,78,0
L,301.4,311.7,1727,46.1,86,0
L,297.0,308.3,1294,47.8,74,0
L,300.1,310.5,1479,36.0,65,0
L,300.3,310.0,1810,46.4,17,0
L,303.5,313.3,1886,44.7,224,0
M,301.6,312.2,1352,26.8,86,0
L,302.8,312.9,1703,54.1,50,0
H,301.1,309.5,1570,31.0,24,0
H,303.4,313.9,1625,43.0,124,0
M,304.6,314.2,1591,42.7,193,0
M,300.7,311.6,1168,34.5,226,0
M,298.7,307.3,1675,32.7,176,0
H,302.6,312.8,1352,51.4,110,0
L,302.4,312.5,1358,36.4,200,0
L,299.7,310.8,1184,39.8,8,0
H,299.2,309.5,1500,38.4,15,0
H,301.0,311.5,1652,36.4,91,0
L,301.1,308.9,1582,19.4,28,0
M,304.4,313.4,1358,45.7,156,0
M,301.2,310.4,1656,51.0,137,0
M,299.0,308.3,1707,35.7,8,0
L,298.5,308.6,1413,35.7,179,0
M,298.1,307.2,1367,39.0,153,0
L,303.2,314.8,1638,46.6,233,0
M,296.7,306.8,1396,43.7,145,0
L,299.4,310.7,1422,36.3,51,0
M,300.1,311.7,1590,37.9,85,0
H,304.5,314.7,1603,40.8,70,0
M,301.9,312.1,1636,30.2,253,0
H,300.1,310.5,1805,37.8,160,0
L,301.4,313.9,1645,39.0,8,0
M,297.5,307.8,1592,58.1,46,0
L,296.8,306.1,1645,56.2,62,0
M,298.0,309.4,1582,52.8,214,1
L,302.2,311.9,1467,47.9,87,0
M,301.6,309.5,1508,46.9,91,0
M,298.0,307.8,1596,43.1,14,0
L,296.7,307.4,1498,54.5,93,0
L,299.7,310.9,1408,44.9,114,0
L,299.0,310.0,1684,56.7,176,0
L,300.6,308.8,1716,30.9,24,0
M,300.3,309.0,1350,46.6,138,0
M,297.0,307.1,1519,46.2,53,0
H,296.5,305.5,1561,46.5,213,1
L,301.8,310.4,1447,29.9,65,0
L,299.8,309.9,1792,46.5,245,1
L,299.2,307.6,1503,49.5,52,0
M,299.8,308.9,1240,41.5,183,0
L,301.5,311.3,1334,34.5,231,0
H,301.8,313.2,1666,42.9,42,0
L,299.4,310.5,1636,39.2,131,0
L,297.1,306.8,1375,50.7,212,1
L,300.7,311.5,1410,32.7,88,0
M,300.0,309.4,1500,31.8,119,0
L,298.3,307.8,1726,39.7,115,0
L,300.4,311.8,1560,48.2,215,1
M,300.0,309.6,1794,16.5,236,0
M,298.4,308.1,1631,21.5,171,0
L,300.2,309.6,1399,32.0,11,0
L,302.1,314.4,1443,41.2,136,0
L,299.2,309.5,1446,40.4,164,0
L,299.0,307.7,1554,55.6,120,0
L,299.1,308.6,1772,43.6,108,0
L,298.8,309.3,1468,37.2,18,0
L,298.6,308.5,1842,39.6,243,0
L,302.0,311.1,1608,42.3,6,0
L,302.9,312.7,1399,38.4,162,0
H,303.3,313.1,1585,42.1,133,0
H,300.3,311.9,1518,36.4,189,0
L,300.5,312.2,1175,33.8,212,0
H,301.3,311.8,1668,39.4,9,0
L,302.2,310.5,1374,44.9,92,0
L,297.7,307.9,1744,36.8,18,0
L,298.3,309.2,1520,40.8,189,0
L,298.5,307.9,1879,37.3,76,0
M,300.0,310.7,1519,35.1,243,0
L,300.6,310.6,1540,40.4,182,0
L,301.0,313.1,1168,55.0,166,1
L,300.6,311.9,1601,42.8,125,0
L,301.4,310.2,1618,44.0,184,0
L,300.0,311.0,1565,26.2,29,0
L,299.5,307.5,1467,47.4,210,1
H,302.0,312.7,1168,24.4,104,0
M,300.4,310.9,1620,44.8,40,0
M,302.1,312.2,1509,18.0,240,0
M,301.2,310.6,1421,69.8,44,0
M,302.5,312.7,1598,58.0,106,0
H,297.9,309.4,1471,30.4,96,0
M,301.3,309.3,1505,14.5,216,0
L,302.8,313.2,1766,22.4,7,0
M,300.1,311.6,1520,44.5,215,0
L,298.7,308.0,1443,37.1,183,0
L,298.8,309.7,1346,40.2,148,0
H,297.7,306.8,1406,40.3,236,0
H,300.7,311.4,1441,53.8,204,0
L,297.4,308.7,1558,41.7,6,0
M,302.5,311.7,1671,40.6,24,0
L,297.0,307.0,1690,38.1,23,0
H,299.8,308.9,1553,43.5,32,0
M,299.8,308.4,1565,48.1,225,1
L,299.5,310.3,1591,41.4,138,0
L,296.7,307.2,1564,39.7,108,0
M,301.7,311.7,1843,27.3,203,1
L,301.1,311.8,1666,28.8,54,0
L,298.7,310.2,1168,44.7,71,0
H,297.0,306.1,1190,31.2,12,0
L,298.2,308.5,1648,30.2,117,0
H,297.5,308.0,1698,48.1,165,0
L,302.3,312.4,1435,21.3,90,0
M,300.0,310.7,1235,34.7,145,0
L,298.6,308.8,1453,54.4,230,1
L,299.9,311.2,1168,54.9,240,0
H,300.5,309.3,1682,56.1,195,0
M,300.8,309.8,1483,33.0,154,0
M,300.0,309.5,1648,36.3,38,0
L,299.0,308.7,1825,29.5,77,0
M,303.2,311.7,1641,30.8,137,0
M,298.5,309.5,1632,33.5,154,0
L,297.5,304.8,1517,32.2,90,0
L,299.3,310.1,1726,41.9,209,0
M,300.7,309.9,1697,37.5,227,1
H,297.8,308.0,1466,49.9,227,0
L,297.7,308.4,1526,39.6,139,0
L,300.6,311.2,1455,33.3,193,0
L,300.9,310.7,1311,37.6,216,0
H,300.3,312.8,1618,40.4,118,0
M,303.1,312.1,1557,68.6,235,1
L,298.7,307.0,1690,52.9,98,0
M,297.2,307.9,1462,41.9,121,0
L,299.9,308.4,1610,27.3,159,0
M,303.0,313.1,1539,49.3,206,0
M,301.7,311.6,1412,42.9,236,0
L,300.8,310.6,1548,33.6,197,0
L,299.6,308.1,1650,47.6,251,1
L,299.0,307.6,1620,54.2,198,0
H,299.9,309.5,1553,47.6,82,0
L,298.0,305.0,1387,32.3,161,0
L,301.0,309.3,1780,56.6,146,0
M,300.8,309.7,1916,36.9,15,0
M,302.7,313.0,1171,29.8,98,0
L,296.7,307.6,1463,24.9,181,0
H,297.3,306.7,1515,50.0,188,0
L,301.6,313.2,1545,32.5,170,0
L,299.7,310.0,1644,44.0,64,0
L,299.4,309.4,1188,18.8,199,0
L,299.7,309.3,1672,22.3,233,0
H,298.3,308.2,1423,38.5,197,0
L,300.5,310.6,1168,42.5,160,1
H,299.7,309.0,1512,52.2,130,0
L,299.4,306.8,1564,40.1,64,0
L,301.3,311.8,1317,30.4,23,0
L,298.9,307.9,1802,33.1,6,0
M,303.2,312.6,1658,42.1,225,0
L,302.0,312.1,1707,38.3,73,0
H,301.3,312.6,1669,54.9,80,0
H,300.7,309.8,1453,37.6,132,1
M,297.6,307.1,1724,48.3,53,0
L,300.9,311.3,1483,36.3,206,0
L,303.8,314.2,1605,43.3,201,1
M,300.7,312.3,1424,48.9,190,0
L,298.5,308.9,1712,48.4,230,0
L,301.8,310.6,1791,31.7,38,0
L,300.9,311.6,1645,50.0,199,0
L,302.5,313.2,1537,33.6,9,0
M,302.4,312.4,1446,26.4,40,0
H,297.9,308.4,1445,49.3,35,0
L,297.9,306.7,1759,37.7,239,0
L,297.3,307.3,1641,37.8,42,0
H,301.6,311.4,1552,49.7,189,0
M,302.0,311.3,1538,44.8,83,0
M,302.9,311.4,1554,27.5,81,0
L,302.4,311.8,1353,46.1,171,0
L,300.4,309.6,1552,35.1,235,0
H,300.4,312.0,1168,48.2,234,0
H,301.9,310.9,1558,39.5,52,0
L,301.3,310.9,1239,42.3,140,0
M,300.4,311.8,1616,46.3,86,0
H,302.1,311.8,1636,42.1,141,0
L,301.0,312.0,1341,42.1,207,0
H,299.3,309.3,1499,41.2,8,0
M,302.6,311.9,1510,34.1,156,0
M,299.1,309.5,1578,35.5,208,0
L,304.5,316.0,1613,35.3,165,1
L,299.8,308.4,1388,40.1,168,0
H,300.6,309.4,1847,48.9,83,0
L,301.8,311.7,1787,26.9,194,0
H,299.3,307.9,1758,50.5,243,0
L,295.7,305.5,1343,35.7,142,0
L,303.1,313.3,1523,42.3,103,0
L,302.5,312.0,1551,47.2,213,1
M,296.8,305.1,1303,54.8,232,1
M,301.5,310.4,1446,38.0,28,0
L,303.9,313.3,1555,60.6,31,0
H,298.0,306.6,1336,39.3,48,0
L,301.6,310.7,1590,38.9,228,1
H,300.6,309.2,1467,34.0,77,0
H,304.1,313.4,1168,41.3,38,0
L,302.2,313.8,1593,36.1,226,0
M,297.9,308.4,1492,50.8,252,0
L,298.1,307.3,1576,42.6,130,0
M,299.4,307.6,1347,50.6,27,0
M,297.7,309.6,1454,37.9,160,0
L,299.0,308.0,1611,46.1,42,0
H,303.7,314.2,1407,50.7,67,0
L,298.0,308.6,1439,40.3,28,0
M,300.2,310.2,1694,22.9,105,0
L,304.6,314.1,1627,28.7,200,0
M,304.1,313.7,1783,23.8,163,0
L,300.6,312.4,1704,33.8,134,0
L,297.2,307.7,1865,45.5,6,0
M,298.1,307.9,1497,46.3,211,0
M,300.4,310.8,1355,53.5,183,0
L,302.7,310.7,1693,46.8,143,0
M,302.4,312.3,1489,44.8,11,0
L,301.8,310.8,1439,27.0,234,0
L,299.6,308.3,1737,34.5,9,0
M,303.1,312.6,1460,50.4,202,0
L,299.4,309.4,1647,35.1,54,0
M,302.2,311.2,1465,41.1,227,0
M,299.5,308.5,1399,31.4,151,0
L,299.2,309.9,1661,44.4,77,0
M,303.4,313.8,1800,37.5,13,1
H,303.4,313.9,1168,36.6,217,0
L,300.1,310.1,1328,40.4,80,0
L,302.7,311.5,1680,36.4,184,0
L,301.2,311.0,1461,42.3,102,0
H,297.8,308.4,1567,45.6,58,0
L,300.4,311.2,1611,41.1,5,0
M,298.8,309.6,1481,41.7,210,0
L,299.7,310.4,1471,39.3,107,0
M,297.6,305.5,1554,38.9,128,0
H,298.2,307.1,1540,46.7,253,0
L,297.5,307.7,1350,27.7,98,0
L,303.6,314.8,1760,41.5,95,0
L,301.2,311.5,1785,45.3,240,0
H,299.4,309.9,1628,37.1,182,0
L,299.6,309.5,1583,48.8,233,1
L,297.0,307.2,1519,52.8,3,0
L,302.8,313.9,1815,19.5,16,0
H,299.6,310.4,1670,35.7,65,0
M,298.2,308.0,1541,43.2,136,0
M,300.8,310.0,1631,31.5,106,0
L,297.9,307.8,1371,27.0,16,0
M,296.3,307.1,1628,49.1,0,0
L,299.5,310.9,1510,36.4,35,0
H,296.9,307.4,1522,45.6,6,0
M,300.2,308.8,1553,31.1,52,0
H,301.4,310.2,1439,34.1,86,0
H,297.7,307.5,1632,38.0,148,0
L,298.1,307.3,1503,37.3,73,0
L,305.1,314.8,1388,32.5,154,0
M,301.5,312.2,1826,46.5,213,0
M,299.9,311.4,1826,45.6,50,0
M,297.9,308.5,1805,42.8,192,0
M,296.4,306.6,1421,43.7,114,0
L,299.6,308.4,1524,46.5,245,0
L,301.4,312.4,1844,50.8,211,1
H,300.8,308.8,1387,34.2,37,0
M,305.0,316.0,1552,34.4,37,0
L,298.2,308.5,1607,60.8,222,0
M,299.7,309.6,1518,24.7,203,0
H,300.9,311.0,1787,37.2,226,0
M,299.9,310.4,1608,34.7,95,0
L,298.6,307.1,1279,35.5,106,0
H,301.1,311.8,1776,29.3,210,0
L,301.2,312.4,1690,49.9,58,0
M,299.8,309.8,1388,29.2,241,0
L,299.2,310.1,1540,41.5,90,0
M,300.1,309.7,1411,39.2,189,0
M,302.5,310.9,1705,35.8,144,0
M,299.9,310.5,1748,25.1,174,0
L,298.4,308.5,1200,40.4,214,0
M,299.5,308.4,1442,37.9,112,0
M,301.9,310.5,1505,32.8,15,0
M,301.5,311.7,1507,50.6,80,0
L,298.0,308.3,1436,61.6,61,0
H,302.8,312.9,1428,44.8,61,0
H,303.2,310.2,1474,22.7,86,0
M,299.2,309.6,1454,51.6,96,0
M,297.6,307.6,1646,29.7,55,0
L,297.8,307.9,1358,29.6,97,0
L,300.4,309.2,1599,31.9,136,0
L,300.1,310.4,1506,34.7,160,0
L,302.0,311.4,1412,47.0,37,0
M,300.6,309.9,1614,37.5,28,0
M,301.6,312.5,1601,41.5,99,0
L,300.9,312.1,1442,38.2,41,0
L,300.7,310.6,1399,48.8,144,0
L,295.7,305.5,1807,50.8,169,0
L,300.4,309.1,1611,57.3,5,0
L,299.0,309.1,1277,27.5,129,0
H,298.2,309.4,1693,27.1,129,0
M,299.1,309.7,1657,44.0,173,0
L,299.5,308.1,1598,64.5,163,1
H,298.3,309.6,1798,49.2,46,0
H,297.9,308.4,1645,49.8,172,0
M,298.9,308.3,1769,25.0,67,0
M,297.8,308.3,1916,25.3,36,0
M,299.0,307.3,1316,63.2,207,1
L,302.4,312.7,1413,39.7,75,0
L,302.4,313.8,1564,32.7,187,0
M,301.3,311.9,1402,28.9,252,0
L,301.4,311.7,1510,38.4,208,0
H,300.0,309.4,1514,38.3,197,0
H,301.8,311.8,1537,29.4,109,0
L,300.4,309.9,1642,3.0,182,0
H,304.6,316.0,1562,44.0,14,0
H,299.4,308.9,1342,40.1,84,0
L,303.5,313.3,1571,37.8,121,0
L,301.3,310.8,1390,45.5,21,0
H,298.4,307.9,1576,35.8,122,0
M,297.9,307.5,1470,52.9,25,0
M,302.0,313.0,1713,40.8,148,0
L,299.0,307.7,1424,45.2,244,1
L,300.9,311.8,1541,45.6,147,0
M,299.9,309.6,1385,43.9,94,0
H,298.3,309.8,1490,39.6,220,0
H,298.8,309.7,1541,54.4,57,0
M,300.6,311.3,1594,38.3,21,0
M,299.4,308.5,1491,41.7,174,0
L,301.4,311.5,1362,29.4,99,0
L,300.8,311.2,1460,47.3,99,0
M,300.8,310.7,1663,25.8,61,0
L,301.3,311.0,1571,46.8,97,0
L,298.1,308.8,1479,45.6,151,0
L,301.5,309.4,1564,42.1,59,0
L,300.3,311.2,1584,45.2,63,0
L,295.3,306.1,1410,45.1,122,1
L,302.9,313.5,1599,30.3,231,0
L,302.3,313.8,1501,25.1,180,0
L,303.3,314.6,1402,17.2,59,0
L,294.8,302.4,1383,58.0,205,1
M,302.3,311.4,1655,44.3,210,0
L,298.1,308.3,1425,53.8,84,0
L,299.2,309.5,1687,15.5,15,0
M,296.1,305.5,1358,29.1,80,0
M,300.9,313.2,1528,55.6,5,0
M,299.0,309.4,1626,50.9,240,0
M,303.2,312.1,1557,53.7,207,0
L,298.9,309.8,1618,48.8,10,0
L,300.3,310.0,1691,47.9,50,0
L,303.1,313.8,1740,40.8,86,0
L,299.2,306.9,1717,41.7,207,0
L,297.5,308.6,1254,47.5,131,0
M,301.3,311.2,1549,41.7,210,0
L,298.4,306.6,1741,18.7,209,0
M,299.0,310.0,1685,29.7,41,0
M,300.9,311.4,1930,51.7,52,0
L,300.9,310.5,1617,46.7,127,0
M,303.3,313.8,1646,47.9,5,0
L,299.1,309.4,1702,60.9,162,0
M,299.4,308.5,1523,40.9,142,0
M,303.0,313.6,1889,26.9,177,0
H,300.9,311.1,1594,39.3,144,0
M,299.3,309.4,1431,40.1,168,0
L,300.3,309.4,1256,35.3,106,0
M,301.1,308.8,1305,41.3,168,0
H,298.6,308.5,1735,24.3,253,0
M,299.4,308.8,1549,34.1,166,0
M,296.2,305.1,1738,42.2,43,0
M,302.7,311.0,1527,49.7,110,0
L,297.0,307.9,1427,51.2,129,0
M,301.8,311.1,1589,37.8,112,0
M,300.6,309.7,1448,27.7,66,0
H,302.9,313.5,1428,47.9,16,0
M,299.7,310.3,1614,41.1,4,0
L,302.1,311.4,1718,57.7,31,0
L,300.5,309.5,1270,32.2,26,0
M,297.4,307.6,1267,57.3,20,0
L,300.9,310.6,1576,37.7,207,0
L,301.2,311.6,1437,60.6,246,1
L,297.7,306.7,1318,25.0,192,0
L,301.7,313.1,1527,34.9,98,0
M,302.4,313.4,1532,63.0,185,1
M,300.6,311.4,1624,41.0,117,0
H,303.3,314.8,1375,38.3,71,0
M,301.0,310.1,1459,43.7,41,0
L,301.3,311.6,1458,48.1,22,0
H,302.5,312.3,1168,47.4,183,0
M,299.4,309.1,1812,54.6,196,0
M,301.9,311.5,1485,31.3,126,0
L,302.1,311.2,1551,25.9,17,0
M,301.2,308.9,1475,38.6,29,0
L,298.6,309.3,1778,57.2,215,0
H,299.9,310.3,1580,41.3,160,0
M,302.4,312.8,1602,32.8,114,0
M,300.5,308.6,1642,47.2,244,0
L,301.3,311.4,1989,43.1,214,1
L,303.3,311.5,1682,45.9,142,0
L,297.8,308.3,1660,43.5,147,0
H,299.5,309.4,1578,42.9,36,0
L,298.5,310.5,1253,34.0,62,0
H,300.0,310.7,1209,47.4,10,0
M,302.4,313.1,1758,42.7,15,0
L,299.2,307.0,1408,36.8,217,0
L,304.4,315.2,1653,40.7,13,0
L,298.8,308.8,1646,47.2,249,0
L,301.0,313.2,1417,51.8,145,1
M,302.6,313.5,1684,58.1,226,0
L,298.4,307.9,1373,42.9,214,0
L,296.9,306.5,1671,30.9,141,0
M,298.7,308.5,1615,37.1,150,0
H,303.8,313.3,1715,59.5,128,0
L,303.9,312.6,1690,39.4,76,0
M,293.7,303.5,1168,36.0,226,0
L,300.7,313.7,1568,51.4,66,0
L,300.4,310.7,1524,32.2,4,0
H,296.9,306.9,1429,44.3,66,0
L,299.6,309.4,1406,50.9,80,0
L,302.4,311.8,1275,33.3,53,0
M,298.3,309.2,1677,32.8,173,0
M,303.3,313.9,1665,47.9,158,0
L,300.8,310.1,1700,54.1,15,0
M,299.8,310.9,1516,50.0,145,0
L,298.6,310.0,1530,44.4,193,0
L,300.7,312.7,1339,41.5,217,0
L,302.8,312.1,1344,37.3,197,1
L,299.5,308.9,1524,11.2,226,0
H,298.3,309.8,1773,35.7,136,0
L,299.0,306.6,1343,22.2,207,0
L,298.9,308.1,1662,40.9,113,0
L,301.3,311.9,1517,33.5,194,0
L,299.3,309.6,1478,51.0,166,0
L,297.0,307.6,1695,50.6,117,0
H,301.5,309.5,1708,35.4,29,0
H,300.5,310.2,1645,31.5,57,0
M,299.9,309.2,1168,36.3,166,0
L,301.2,311.9,1570,25.2,233,0
L,304.2,314.8,1812,40.5,12,0
L,301.4,310.8,1721,45.2,35,0
L,301.5,310.4,1352,41.1,217,1
L,297.4,309.9,1407,37.3,126,0
M,298.7,308.5,1599,55.5,72,0
M,297.4,306.2,1459,49.0,84,0
M,302.2,312.6,1554,22.9,20,0
L,298.5,308.6,1491,40.2,251,0
L,299.3,309.1,1615,31.4,160,0
L,300.3,309.7,1653,48.3,86,0
M,301.0,312.4,1311,21.9,145,0
M,298.2,307.3,1726,45.7,73,0
H,299.1,308.2,1787,43.2,77,0
M,303.4,313.9,1200,42.4,86,0
H,300.3,310.0,1523,32.9,205,0
L,302.7,311.9,1459,36.4,178,0
L,299.1,308.9,1615,49.9,72,0
L,301.6,312.4,1311,33.1,163,0
M,302.4,312.8,1642,45.6,98,0
H,303.8,314.3,1495,53.4,156,1
M,299.8,312.0,1648,25.1,14,0
H,298.3,308.5,1339,46.3,68,0
H,301.0,309.2,1398,34.3,90,0
M,299.8,309.1,1247,55.4,231,0
H,298.6,309.6,1425,36.4,141,0
H,300.2,309.2,1271,59.0,99,0
H,301.7,312.1,1321,24.9,98,0
L,300.6,311.8,1562,49.7,20,0
L,302.7,313.5,1802,37.6,73,0
L,299.5,309.7,1168,50.3,226,0
M,297.8,308.3,1473,36.2,23,0
H,300.2,310.7,1434,50.2,183,0
H,301.8,312.1,1260,29.5,191,0
L,296.8,306.6,1701,62.7,129,0
M,299.4,309.4,1707,38.5,156,0
L,302.6,311.6,1652,43.7,184,1
H,300.4,311.5,1468,36.5,92,0
H,305.9,316.9,1501,49.7,194,0
M,295.8,306.6,1518,37.6,152,0
L,297.1,304.4,1614,29.6,111,0
M,301.1,309.7,1511,33.3,156,0
M,300.4,311.8,1489,59.3,193,0
M,298.6,307.8,1642,29.4,214,0
M,298.7,308.4,1550,31.6,242,0
L,298.1,308.8,1254,28.7,83,0
M,297.8,310.0,1332,32.6,222,0
L,301.9,310.9,1267,42.9,44,0
L,299.0,308.7,1316,34.5,86,0
L,301.7,311.1,1613,44.3,217,0
L,298.9,308.7,1671,46.3,2,0
L,299.0,308.9,1583,34.0,49,0
H,300.7,310.2,1459,30.6,119,0
L,301.0,311.7,1499,25.1,204,0
L,304.2,314.8,1311,39.3,196,0
L,299.8,310.2,1287,44.0,118,0
L,297.0,307.2,1526,56.6,246,0
L,300.9,313.6,1482,32.5,72,0
L,299.5,310.2,1608,28.6,227,0
L,301.9,312.0,1489,39.0,155,0
M,299.6,309.6,1750,31.6,67,0
L,298.0,308.3,1767,35.0,201,0
M,298.2,308.4,1367,58.3,12,0
H,300.9,309.1,1251,35.8,109,0
L,298.1,307.5,1294,32.6,111,0
M,303.2,312.7,1550,25.4,105,0
L,301.2,310.6,1534,40.9,115,0
H,298.7,308.6,1497,28.0,30,0
L,297.6,306.1,1535,57.6,117,1
L,301.4,311.9,1403,29.7,100,0
H,299.1,308.8,1561,46.0,136,0
L,297.8,306.4,1387,38.7,132,0
H,298.4,308.8,1809,47.8,93,0
H,300.5,310.8,1645,57.0,40,0
L,298.2,307.7,1365,32.1,4,0
L,301.7,311.2,1476,27.1,23,0
M,303.5,313.0,1620,36.2,73,0
M,299.0,309.2,1496,44.2,174,0
M,299.6,308.7,1430,45.6,29,0
M,304.2,312.8,1519,46.7,29,0
L,298.8,309.5,1613,36.2,53,0
L,303.5,312.1,1479,37.1,37,0
L,295.2,304.6,1719,30.7,192,1
L,296.0,306.2,1448,42.0,168,0
L,296.4,307.3,1414,38.8,33,0
H,302.9,314.5,1741,32.7,62,0
L,299.5,309.1,1348,34.9,104,0
M,301.4,310.4,1730,41.0,249,0
L,298.3,307.6,1238,39.5,25,0
L,301.3,312.5,1501,56.2,21,0
M,298.0,306.5,1570,49.2,207,0
M,300.9,311.3,1460,30.0,16,0
L,297.2,307.0,1453,46.0,163,0
H,301.1,310.3,1168,17.7,68,0
M,301.8,311.5,1575,28.8,39,0
L,299.6,310.3,1911,17.0,83,0
H,302.0,312.1,1315,39.3,5,0
L,301.4,312.9,1707,52.9,151,0
M,298.3,307.8,1620,38.9,191,0
M,299.0,307.2,1511,35.5,24,0
L,302.7,313.9,1345,40.3,69,0
L,297.9,307.5,1412,33.7,118,0
L,300.7,310.6,1625,46.9,248,1
M,299.9,309.2,1686,47.1,195,1
L,301.7,311.7,1384,35.6,184,0
L,303.5,313.0,1689,44.2,163,0
H,300.9,311.0,1568,30.4,149,0
L,300.3,308.7,1445,39.4,64,0
L,297.3,307.0,1730,22.7,76,0
L,300.2,310.2,1470,53.8,147,0
H,296.8,306.4,1692,37.2,175,0
L,300.3,308.5,1698,42.3,204,0
H,296.7,307.7,1463,45.8,230,0
H,300.9,309.7,1601,40.2,29,0
M,302.4,313.0,1814,35.5,151,0
M,298.5,305.6,1538,45.4,105,1
L,296.2,303.8,1721,35.9,162,0
H,301.8,311.5,1357,58.6,48,0
M,298.2,307.0,1770,45.2,119,0
M,298.6,308.4,1322,51.9,197,0
L,299.7,310.6,1449,30.1,239,0
L,299.1,310.6,1535,49.3,210,0
M,300.4,311.2,1348,31.6,226,0
L,303.3,314.9,1511,35.2,122,0
H,299.5,310.1,1463,33.2,171,0
M,300.6,310.9,1441,40.5,81,0
H,300.2,310.3,1575,31.8,194,0
M,300.8,310.7,1535,42.1,223,0
M,297.6,307.3,1825,51.1,10,0
M,300.0,312.0,1595,35.8,62,0
L,302.9,313.6,1576,35.0,72,0
H,301.6,313.1,1611,53.1,13,0
L,300.0,309.2,1378,49.4,63,0
L,300.9,310.9,1462,49.4,159,0
L,301.4,309.2,1661,40.6,67,0
H,299.6,309.3,1547,20.6,194,0
M,297.6,307.1,1398,43.0,123,0
M,302.4,313.7,1493,55.0,87,0
L,302.3,312.3,1898,37.6,233,0
M,299.1,310.1,1583,33.0,100,0
M,298.9,309.1,1788,28.3,93,0
H,303.4,312.8,1701,44.5,49,0
M,304.0,312.7,1359,46.1,122,0
L,295.6,307.4,1655,33.1,86,0
H,300.6,311.0,1740,46.8,210,0
L,301.5,311.1,1339,27.2,224,0
H,300.3,310.7,1579,57.2,62,0
L,298.8,309.0,1698,40.6,94,0
L,301.6,313.2,1735,44.6,135,1
M,304.0,313.2,1333,29.2,163,0
M,296.7,306.1,1604,31.4,120,0
L,295.8,306.6,1648,45.4,168,0
H,302.8,312.3,1377,39.8,19,0
L,300.9,311.4,1617,38.6,86,0
M,300.0,310.1,1413,42.3,130,0
L,301.1,312.4,1282,34.8,85,0
M,304.0,314.0,1460,42.8,205,0
H,296.3,305.3,1500,39.5,195,0
L,296.1,307.3,1937,48.5,90,0
M,303.0,313.8,1612,50.0,147,0
M,297.4,308.1,1365,21.9,178,0
L,303.0,312.0,1194,52.3,84,0
L,296.3,306.4,1295,53.2,44,1
L,297.3,308.7,1223,25.0,169,0
L,295.8,305.7,1277,46.6,28,0
M,300.0,310.3,1475,48.9,142,0
L,301.7,311.8,1850,35.5,70,0
M,302.1,311.2,1740,37.1,76,0
L,300.3,309.0,1535,29.2,127,0
L,299.0,309.4,1693,49.0,228,1
L,301.4,311.6,1713,52.1,109,0
L,296.8,305.9,1406,41.2,113,0
L,301.1,313.3,1784,35.4,133,0
L,302.1,311.6,1893,40.4,114,0
L,301.9,310.8,1418,32.0,176,0
L,299.6,308.3,1612,52.6,60,0
L,298.2,308.2,1383,39.4,241,1
M,305.0,315.0,1939,21.9,9,0
L,296.6,307.8,1914,50.9,57,0
H,297.7,306.0,1460,50.6,213,0
L,302.6,310.8,1585,58.8,37,0
L,302.4,312.3,1405,38.4,206,0
H,297.6,308.7,1465,36.6,7,0
M,297.8,306.3,1517,40.2,100,0
M,299.4,308.2,1530,49.2,118,0
H,300.4,310.8,1723,45.9,104,1
M,299.7,308.9,1514,43.5,100,0
L,301.5,312.7,1574,29.2,93,0
L,303.8,312.7,1344,43.1,218,0
L,297.3,308.3,1648,46.1,159,0
L,299.1,306.9,1933,56.1,46,0
H,298.5,308.4,1839,39.4,168,0
L,300.3,311.0,1619,45.9,149,0
L,299.4,310.5,1655,48.2,66,0
M,302.3,312.7,1313,32.0,2,0
L,299.2,306.6,1681,29.0,78,0
H,300.5,312.0,1509,36.1,62,0
M,302.3,311.9,1168,44.4,149,0
L,301.7,310.4,1697,43.4,214,0
M,300.1,311.4,1395,51.3,93,0
H,301.0,310.0,1462,40.8,18,0
L,300.1,308.5,1448,41.1,252,1
L,301.6,309.6,1871,47.1,69,0
M,300.5,309.5,1577,47.0,123,0
M,302.8,314.6,1476,43.5,170,0
H,297.4,307.6,1889,28.2,5,0
H,297.5,307.8,1783,39.0,182,0
H,300.3,310.1,1741,35.2,205,0
L,299.3,309.9,1380,28.7,109,0
L,300.0,311.6,1472,33.3,47,0
L,301.4,311.7,1640,51.6,173,0
L,297.0,307.1,1439,42.6,138,0
M,299.0,308.9,1843,45.4,201,0
L,298.7,307.9,1430,48.9,131,0
H,302.3,314.3,1348,44.4,25,0
L,301.3,311.3,1394,48.4,97,0
L,300.4,310.7,1468,39.9,12,0
H,299.8,309.0,1586,38.0,183,0
H,297.7,306.6,1621,30.7,94,0
H,300.5,310.9,1593,36.1,69,0
M,299.3,308.3,1437,59.1,247,1
H,301.5,311.0,1692,37.0,250,0
M,298.6,306.7,1254,38.0,158,0
L,300.1,310.0,1826,58.7,31,0
L,299.5,309.1,1503,11.3,44,0
M,298.3,308.1,1693,26.1,149,0
L,302.2,314.4,1730,49.2,239,1
L,297.6,306.9,1558,33.4,111,0
L,300.9,310.2,1552,42.0,238,1
L,299.4,306.2,1493,33.5,169,0
L,299.6,309.5,1961,33.0,66,0
L,299.6,310.0,1650,42.1,180,0
L,301.9,312.8,1739,52.0,85,0
H,302.1,311.1,1555,55.8,69,0
L,299.6,309.4,1586,28.0,89,0
L,301.6,311.0,1377,48.4,241,0
H,297.5,307.2,1540,38.1,69,0
M,303.8,313.6,1816,46.5,95,0
H,296.3,307.7,1606,58.5,30,0
M,299.6,310.2,1428,30.6,55,0
L,303.4,312.7,1468,60.5,22,0
H,298.1,307.2,1429,47.9,166,0
H,299.6,310.4,1725,42.1,173,0
L,299.0,309.2,1730,47.3,5,0
M,299.0,307.7,1686,33.3,230,0
H,301.1,311.8,1388,39.4,50,0
L,299.2,308.2,1216,31.6,236,0
H,295.9,306.5,1660,46.5,121,1
M,304.6,314.9,1580,57.7,213,0
M,299.9,310.4,1468,33.7,106,0
M,300.7,311.2,1783,43.8,220,0
M,299.0,307.8,1438,50.7,20,0
L,300.2,308.7,1785,39.0,133,0
L,296.6,307.1,1756,46.2,7,0
L,300.7,311.0,1555,47.5,40,0
M,299.9,310.3,1796,17.8,107,0
L,296.6,307.6,1531,45.7,200,1
M,298.8,308.0,1489,22.3,67,0
L,299.3,310.1,1633,53.3,6,0
L,303.4,313.7,1894,49.9,5,0
H,300.4,309.2,1701,32.1,200,0
M,297.9,308.4,1409,45.5,253,0
L,300.0,308.7,1535,34.7,129,0
L,301.9,311.0,1448,51.7,116,0
H,303.6,313.8,1771,48.6,12,0
L,300.0,308.3,1262,44.3,215,0
L,300.5,311.6,1736,26.6,206,0
L,298.7,309.8,1520,51.9,247,0
L,300.7,310.5,1536,28.2,182,0
L,300.4,310.2,1451,53.5,85,0
H,297.5,308.1,1668,54.3,39,0
L,299.7,310.1,1664,20.2,3,0
L,300.2,310.2,1684,41.9,219,0
M,300.0,309.9,1553,28.2,79,0
L,298.9,306.9,1405,45.7,27,1
H,300.8,311.6,1533,50.2,230,0
H,298.9,307.9,1479,40.0,52,0
L,301.9,313.4,1476,39.4,31,0
L,300.5,309.9,1362,43.8,100,0
L,302.2,314.2,1800,37.7,41,0
H,297.9,307.6,1695,19.4,49,0
L,304.5,313.5,1291,48.8,232,0
M,297.6,308.0,1338,34.7,47,0
L,297.6,308.6,1497,32.0,69,0
H,299.9,312.4,1474,19.9,203,0
M,299.0,310.3,1455,28.6,225,0
L,299.9,309.2,1516,54.7,93,1
M,298.6,309.0,1643,48.9,191,0
L,298.1,309.6,1562,30.2,192,0
M,301.4,312.9,1463,64.9,1,0
H,298.8,308.8,1681,23.2,108,0
L,296.0,304.6,1663,49.8,71,0
L,298.6,310.6,1647,53.4,11,0
M,301.3,311.3,1682,47.4,54,0
M,301.9,312.4,1687,49.3,208,0
H,297.9,307.8,1879,56.9,169,0
H,298.5,309.9,1347,16.1,196,0
H,299.9,310.7,1520,29.3,7,0
M,298.5,308.2,1460,51.8,112,0
L,298.2,309.1,1393,46.8,228,1
L,296.8,306.8,1353,38.2,240,1
H,300.7,310.9,1351,43.1,55,0
L,302.1,310.8,1672,48.7,20,0
L,298.9,309.1,1561,43.8,154,0
L,299.5,307.7,1623,39.0,42,0
L,300.5,309.4,1502,38.1,127,0
M,298.2,309.0,1891,30.2,70,0
L,300.1,310.2,1371,48.4,107,0
L,299.9,310.3,1396,27.0,126,0
L,296.9,306.1,1224,46.3,85,0
M,299.0,308.1,1653,36.5,33,0
M,300.1,310.5,1447,38.7,8,0
M,301.3,309.5,1601,28.6,34,0
L,302.6,312.4,1622,23.4,66,0
M,300.6,310.0,1701,28.1,8,0
M,300.3,310.3,1563,65.8,71,1
M,300.2,307.9,1456,40.2,251,0
L,300.6,310.0,1194,43.0,47,0
L,302.6,313.7,1306,47.6,35,0
H,304.1,313.4,1510,53.9,138,0
M,300.7,311.7,1606,45.6,155,0
H,299.8,309.5,1712,42.0,228,0
H,299.9,310.1,1618,42.3,17,0
L,299.4,310.1,1587,39.1,146,0
L,299.4,307.4,1401,34.1,207,0
M,303.0,312.7,1204,39.8,233,0
M,300.1,310.3,1449,45.6,105,0
L,299.5,310.3,1382,31.0,111,0
L,301.8,312.4,1933,51.1,4,0
L,301.1,308.8,1300,37.2,31,0
L,298.3,306.7,1669,46.4,3,0
L,302.0,312.5,1731,29.0,1,0
L,299.3,307.9,1612,43.1,103,0
L,300.8,311.3,1382,42.6,133,0
L,299.7,309.3,1701,38.8,150,0
L,296.6,307.1,1674,35.5,202,0
L,300.5,309.3,1564,53.5,129,0
L,297.7,307.5,1270,41.4,90,0
H,300.3,310.9,1565,48.2,174,0
L,298.8,309.7,1405,26.2,7,0
L,299.1,309.0,1669,32.1,26,0
L,298.2,308.8,1168,23.8,161,0
M,300.4,310.4,1377,38.2,200,0
L,299.7,312.6,1314,33.5,135,0
H,295.6,304.3,1443,58.3,241,0
L,299.3,310.0,1406,66.5,225,1
L,300.3,310.4,1572,31.9,132,0
L,302.3,312.1,1805,46.4,250,0
L,299.6,309.6,1542,56.2,44,1
L,300.5,308.7,1371,21.4,115,0
M,300.1,308.6,1324,46.8,8,0
H,301.4,309.8,1638,32.2,243,0
M,296.5,304.3,1333,37.9,164,0
M,298.0,309.2,1665,35.8,149,0
L,298.0,308.2,1752,48.4,63,0
M,298.6,309.4,1857,51.9,108,0
H,298.2,307.0,1600,50.6,40,0
L,300.2,309.2,1701,49.9,63,0
L,304.0,313.0,1528,29.5,185,0
L,301.0,312.1,1706,50.9,236,1
L,301.6,311.5,1168,39.8,187,0
L,300.8,309.3,1639,44.4,83,0
L,300.5,308.9,1643,34.6,187,0
M,300.1,310.6,1603,29.3,149,0
L,298.5,306.8,1697,48.4,217,1
M,299.0,308.4,1242,38.7,72,0
L,296.4,305.6,1606,48.4,229,1
L,299.2,311.9,1774,37.9,159,0
M,302.1,312.3,1511,39.6,34,0
L,302.6,312.6,1733,44.3,173,0
L,304.2,314.6,1695,32.8,138,0
L,299.3,309.1,1423,39.3,25,0
H,301.5,310.9,1587,34.8,159,0
L,298.6,308.8,1514,34.4,63,0
H,298.2,308.3,1600,50.9,205,0
L,300.2,309.7,1411,38.3,40,0
M,302.5,313.0,1526,35.4,169,0
L,301.6,311.2,1597,33.6,19,0
L,299.6,309.4,1572,42.4,30,0
M,298.0,307.2,1607,34.5,174,0
M,297.4,308.0,1484,33.7,22,0
H,301.1,310.2,1657,32.3,203,0
L,302.0,311.4,1333,41.0,143,0
M,301.9,311.9,1601,29.1,79,0
L,301.6,311.5,1205,60.6,216,1
L,300.8,311.2,1311,37.6,116,0
L,305.0,314.5,1277,37.6,226,0
H,301.7,311.3,1653,18.4,101,0
H,300.2,308.8,1353,35.7,43,0
H,301.0,312.0,1517,19.8,181,0
L,302.0,311.3,1372,54.5,206,1
L,296.5,305.9,1391,43.2,251,1
M,301.1,312.5,1644,52.4,89,0
M,300.6,308.4,1548,17.2,19,0
H,298.9,310.3,1707,46.2,111,0
M,299.0,309.0,1581,57.1,102,0
H,301.1,312.3,1747,45.6,159,0
L,303.1,313.2,1536,38.5,178,0
H,301.7,311.6,1540,40.5,25,0
M,301.9,310.8,1536,41.3,134,0
L,301.4,312.8,1703,38.3,61,0
H,299.5,310.1,1626,57.6,239,1
L,299.2,307.7,1572,40.6,124,0
L,300.9,310.1,1603,29.8,235,0
L,299.9,310.0,1861,33.6,41,0
M,296.6,306.9,1418,44.2,212,0
H,298.5,307.5,1696,44.2,75,0
L,300.8,312.0,1301,37.2,1,0
L,296.1,305.6,1327,53.8,186,0
L,301.4,312.0,1260,34.8,118,0
L,299.7,309.5,1399,38.0,210,0
M,301.3,311.6,1381,40.0,44,0
L,301.6,309.6,1478,44.6,54,0
L,299.9,311.0,1575,47.5,30,0
L,298.0,307.4,1663,42.3,109,0
L,302.6,313.1,1656,45.6,201,0
L,300.2,311.1,1583,41.7,44,0
M,298.1,306.8,1399,29.3,210,0
L,296.6,306.4,1758,32.0,39,0
H,302.1,311.1,1689,30.0,109,0
H,299.7,310.6,1535,64.1,81,0
L,297.0,307.1,1168,41.0,200,0
L,297.3,308.1,1395,55.5,54,0
M,299.8,308.0,1793,45.6,250,1
L,297.6,306.3,1384,50.6,143,0
H,304.4,314.7,1579,60.1,100,0
L,302.9,313.5,1535,25.5,179,0
L,302.0,312.6,1477,32.9,90,0
H,302.3,312.9,1298,29.2,206,0
H,300.1,310.9,1386,43.1,45,0
H,300.9,310.8,1393,26.8,106,0
M,303.7,313.5,1782,41.0,83,0
L,300.9,310.7,1226,41.0,192,0
L,300.6,309.6,1868,43.2,198,0
M,299.9,310.6,1592,44.9,218,0
M,301.4,312.6,1508,36.3,83,0
H,299.7,307.3,1562,37.8,123,0
H,301.9,311.9,1734,29.0,185,0
M,301.8,310.6,1538,45.6,221,0
L,301.5,311.9,1961,32.0,29,0
M,299.0,308.9,1552,40.2,197,0
L,298.5,307.1,1771,43.4,197,0
L,301.1,312.4,1631,37.2,145,0
L,300.2,310.6,1448,42.8,0,0
L,300.6,312.4,1833,32.5,47,0
H,300.1,309.9,1564,47.7,145,0
M,295.1,303.6,1338,46.4,230,0
H,298.0,310.2,1504,37.7,40,0
M,298.5,308.8,1583,53.5,79,0
M,300.7,309.8,1467,54.3,66,1
M,298.8,309.2,1332,31.7,22,0
M,299.5,309.5,1932,37.6,63,0
H,300.6,310.7,1684,38.3,229,0
M,302.3,311.1,1547,36.7,127,0
H,299.9,311.2,1676,48.9,66,0
L,301.4,312.0,1712,55.6,115,1
M,299.6,309.8,1368,45.1,184,0
H,297.1,309.5,1388,38.9,234,0
M,302.7,311.7,1422,53.4,179,0
M,301.3,312.9,1744,48.2,122,0
H,297.9,308.0,1509,45.9,131,0
M,298.7,306.2,1426,26.1,73,0
L,301.0,309.4,1964,73.1,53,1
M,298.7,309.5,1219,50.7,140,0
L,299.1,309.3,1466,50.0,6,0
L,299.5,309.5,1614,33.6,173,0
L,299.8,309.7,1254,49.0,152,0
L,297.6,306.0,1369,25.3,152,0
L,299.2,308.4,1571,30.8,144,0
L,299.0,308.8,1460,45.8,7,0
H,297.8,308.3,1222,49.5,119,0
L,298.9,308.9,1532,31.0,236,0
L,301.0,311.6,1637,46.4,173,1
L,297.5,307.1,1702,42.9,176,0
M,299.8,309.4,1713,59.0,201,0
L,299.4,309.6,1526,48.3,96,0
L,300.7,310.9,1573,37.3,233,0
L,299.8,307.5,1518,41.5,188,1
L,299.4,309.6,1470,46.3,172,0
L,298.7,308.8,1426,40.9,71,0
H,302.8,315.3,1536,55.8,110,0
L,298.2,309.4,1868,61.0,229,0
M,297.6,307.7,1561,39.2,154,0
H,298.5,310.5,1378,46.7,40,0
L,296.8,306.8,1492,52.6,32,0
L,304.0,314.5,1497,51.5,116,1
L,297.9,308.1,1414,54.3,42,0
L,299.4,309.6,1462,63.3,32,0
L,298.4,309.8,1418,47.9,103,0
H,298.0,306.3,1470,32.0,196,0
M,301.5,311.5,1962,33.5,251,0
M,303.1,313.9,1537,38.1,118,0
L,301.5,310.8,1466,37.9,77,0
L,299.9,309.7,1698,52.6,186,0
L,300.9,310.7,1368,34.2,191,0
M,301.1,310.2,1719,23.6,43,0
L,299.3,306.8,1470,44.0,102,0
M,303.7,314.0,1337,31.7,130,0
M,297.9,307.0,1239,26.8,48,0
H,298.2,309.6,1806,55.5,187,0
L,302.6,311.0,1692,40.9,187,0
L,302.8,312.8,1592,51.9,26,0
M,302.6,312.4,1487,45.5,51,1
M,303.9,314.4,1530,30.9,93,0
L,298.0,309.0,1460,35.0,239,0
M,299.6,309.3,1184,27.5,140,0
H,300.5,310.0,1648,37.3,197,0
L,301.6,313.0,1623,44.7,131,0
L,300.5,309.6,1322,29.3,92,0
H,297.3,308.9,1752,47.3,252,0
L,301.9,312.4,1572,37.1,58,0
L,298.3,309.5,1870,33.4,236,0
L,301.0,311.9,1454,39.6,179,0
M,298.3,308.5,1395,42.8,192,0
L,304.0,313.5,1654,24.1,240,0
H,298.5,308.4,1509,37.5,196,0
H,302.0,311.9,1634,34.6,252,0
L,297.5,307.9,1794,50.0,122,0
L,300.2,308.5,1534,34.4,71,0
L,299.7,308.1,1295,29.6,143,0
M,299.6,308.9,1686,32.7,115,0
M,297.9,307.4,1506,18.0,139,0
L,303.5,312.0,1521,26.8,160,0
M,298.7,309.3,1524,54.6,97,0
L,299.2,308.9,1624,37.9,139,0
M,299.1,308.8,1617,42.4,232,0
L,299.9,309.5,1168,38.0,104,0
H,301.2,311.9,1264,42.4,1,0
M,298.2,308.1,1622,40.6,154,0
M,301.4,310.2,1708,46.3,61,0
M,301.4,310.7,1467,38.4,9,0
M,302.6,312.6,1526,57.2,75,0
L,299.1,310.1,1430,27.2,145,0
M,298.2,309.2,1386,30.2,16,0
M,300.0,309.3,1410,22.5,12,0
L,303.0,313.0,1446,43.7,17,0
M,303.9,312.7,1475,46.8,130,0
M,302.1,312.0,1351,39.3,73,0
L,302.1,311.7,1874,39.9,156,0
M,297.7,308.3,1503,45.8,196,0
M,300.3,310.1,1680,53.7,185,0
L,299.5,309.0,1712,23.2,238,0
L,298.7,309.2,1581,30.4,125,0
L,303.0,312.2,1579,38.0,96,0
L,300.7,311.2,1638,60.2,14,0
L,301.3,313.1,1567,38.4,121,0
M,305.3,314.6,1403,30.1,229,0
L,300.2,311.6,1171,45.3,75,0
L,298.0,308.3,1618,36.0,215,0
M,303.5,314.2,1637,38.6,159,0
H,293.7,303.1,1484,20.8,92,0
M,301.9,311.8,1439,46.5,69,0
M,304.3,313.9,1687,34.2,12,0
M,298.2,308.2,1630,38.8,33,0
M,304.3,313.9,1755,48.2,194,0
H,297.6,308.1,1738,52.2,237,0
M,299.2,309.6,1544,44.8,194,0
L,302.9,311.3,1561,36.0,90,0
L,301.5,311.5,1274,51.8,43,0
L,302.7,313.5,1691,44.0,187,0
L,299.1,309.5,1229,45.5,89,0
H,299.9,310.5,1459,44.4,97,0
L,297.9,308.0,1590,39.0,135,1
M,298.9,311.1,1677,41.3,206,0
L,299.4,309.7,1717,43.6,187,0
M,299.5,309.0,1596,39.6,233,0
L,301.6,309.6,1523,28.0,120,0
L,299.9,308.6,1753,41.3,224,0
H,299.9,309.2,1450,24.8,238,0
L,300.1,311.9,1827,49.2,89,0
M,301.1,311.8,1650,25.5,29,0
L,300.3,311.5,1599,30.4,136,0
L,298.9,308.3,1550,47.1,215,0
H,296.2,305.7,1383,32.2,240,0
M,299.4,310.4,1353,51.8,171,0
L,299.1,309.0,1634,51.9,134,0
L,300.6,311.2,1644,45.5,155,0
L,300.9,311.0,1371,58.6,94,0
M,297.8,309.7,1168,45.0,52,0
L,297.3,309.7,1641,56.0,23,0
L,301.4,311.1,1511,36.8,64,0
H,296.1,307.1,1549,55.2,35,0
M,299.8,309.7,1413,41.1,215,0
M,300.7,310.3,1632,35.4,65,0
L,303.6,312.4,1730,46.4,58,0
M,300.0,309.6,1547,35.4,148,0
M,298.5,308.7,2104,37.0,42,0
M,303.0,314.0,1434,56.0,70,0
M,301.3,311.6,1278,47.6,211,0
M,298.8,307.6,1331,42.7,86,0
L,297.9,308.4,1714,54.0,52,0
M,298.6,307.2,1442,28.5,205,0
H,299.7,309.5,1472,33.9,206,0
M,298.2,307.5,1661,20.2,61,0
H,300.6,310.7,1548,30.3,39,0
M,300.4,310.9,1508,47.9,119,0
L,302.8,312.5,1835,32.1,182,0
H,301.9,313.1,1586,50.0,61,0
M,298.4,308.3,1566,50.8,134,0
L,298.0,307.4,1567,39.6,178,0
L,301.0,309.4,1544,27.7,235,0
L,298.5,307.5,1463,37.1,194,0
L,300.0,310.3,1296,31.7,74,0
H,298.2,308.0,1815,27.9,57,0
L,299.3,310.3,1268,57.8,61,0
L,303.3,311.7,1636,51.5,100,0
M,297.3,307.3,1221,66.0,74,0
L,298.2,308.5,1373,20.4,245,0
H,298.6,309.3,1473,15.2,129,0
L,302.2,313.1,1494,40.6,134,1
H,304.0,313.1,1558,39.0,57,0
H,299.1,311.0,1721,40.8,253,0
M,299.3,309.3,1631,14.8,227,0
L,300.2,309.2,1863,46.9,11,0
M,300.4,310.5,1449,55.0,154,0
M,300.9,310.8,1777,30.3,59,0
M,297.5,307.5,1714,35.4,111,0
M,299.9,308.1,1782,29.9,222,0
L,303.0,311.9,1806,40.2,32,0
H,300.0,310.6,1511,46.2,59,0
M,296.6,307.7,1834,28.4,110,0
M,300.5,310.9,1430,43.9,10,0
H,299.7,309.6,1373,45.0,201,1
L,301.0,312.0,1766,41.5,42,0
M,300.3,311.0,1666,35.9,223,0
M,300.5,309.8,1824,35.5,39,0
L,300.0,309.4,1755,34.2,89,0
H,302.6,313.2,1300,41.8,216,0
L,301.1,312.2,1612,54.4,120,1
M,300.5,309.5,1560,51.9,15,0
L,299.3,311.0,1571,50.1,212,0
L,300.6,307.8,1472,58.1,243,1
L,297.8,306.8,1571,39.8,44,0
L,300.4,309.6,1623,64.6,83,1
L,299.2,308.1,1374,39.7,35,0
L,300.2,309.8,1593,34.7,92,0
M,299.6,310.2,1596,39.9,242,0
L,300.9,311.4,1627,35.6,232,0
M,298.8,308.4,1392,42.6,247,0
L,298.3,309.4,1530,30.6,109,0
L,296.8,307.3,1534,36.2,79,0
H,300.0,309.5,1879,54.1,210,1
L,298.1,310.0,1903,40.7,29,0
L,301.5,311.1,1244,35.8,242,0
L,300.4,310.2,1397,54.2,29,0
L,302.4,311.8,1168,37.0,224,0
L,299.1,310.4,1573,38.6,156,0
L,299.0,309.0,1675,45.7,145,0
L,300.5,310.9,1418,57.6,146,0
L,296.9,305.7,1442,48.2,82,0
L,300.4,310.1,1660,37.0,118,0
L,300.1,310.1,1677,35.1,10,0
L,296.1,306.6,1737,46.6,177,0
H,294.9,304.4,1567,20.9,122,0
L,295.9,308.6,1471,37.1,132,0
H,296.5,306.5,1568,35.5,61,0
H,303.8,314.0,1609,36.1,188,0
M,299.6,308.2,1486,31.9,13,0
H,300.5,311.3,1420,51.0,177,0
L,298.9,309.9,1315,44.0,79,0
M,301.0,312.3,1435,43.7,176,0
M,301.3,311.3,1259,41.0,187,0
L,299.1,310.6,1808,20.5,17,0
M,298.3,309.2,1693,50.8,172,0
L,302.5,312.4,1513,44.9,143,0
L,297.1,310.3,1512,33.3,148,0
L,299.2,309.3,1531,33.0,212,0
L,297.9,305.8,1538,43.3,81,0
L,297.3,306.2,1431,31.4,156,0
H,297.1,306.6,1449,61.6,244,0
L,298.5,308.6,1529,47.6,142,0
L,300.9,309.8,1537,59.0,124,1
L,300.1,308.8,1405,28.9,133,0
M,300.2,311.1,1566,28.9,205,0
L,297.3,308.5,1698,43.9,170,0
L,300.9,311.5,1522,35.8,248,1
M,300.6,308.8,1497,28.1,17,0
H,298.4,307.9,1648,38.6,118,0
L,299.1,308.4,1439,34.6,141,0
L,297.4,306.1,1568,26.8,39,0
M,298.8,308.1,1377,41.1,135,0
L,301.1,309.9,1243,54.1,70,0
H,300.8,309.9,1662,36.6,202,0
L,299.9,309.2,1592,63.3,89,0
H,301.0,311.2,1399,39.7,70,0
M,302.1,312.8,1380,41.8,127,0
L,296.4,305.4,1654,34.0,231,0
L,298.4,307.3,1512,33.7,24,0
M,299.9,310.3,1704,50.7,140,0
L,304.2,314.5,1491,12.0,24,0
M,299.5,309.6,1766,41.3,231,0
M,301.1,310.9,1801,50.7,84,1
L,297.5,308.2,1778,36.3,43,0
H,296.9,307.0,1492,36.4,54,0
M,301.2,311.1,1758,45.1,164,0
H,301.3,309.7,1723,35.5,153,0
H,301.4,310.1,1736,51.8,89,0
H,300.9,310.9,1294,29.2,52,0
H,297.9,308.7,1545,34.7,220,0
L,301.7,312.0,1416,45.9,26,0
H,295.5,306.3,1350,52.0,99,0
L,299.0,308.8,1627,24.5,10,0
M,301.7,311.7,1620,30.7,177,0
L,299.4,310.1,1331,30.3,174,0
L,303.0,314.9,1432,39.1,184,0
L,297.0,305.7,1563,54.6,4,0
L,298.2,308.1,1311,43.8,224,0
L,299.3,310.3,1230,46.8,90,0
M,302.3,312.1,1725,28.5,185,0
H,298.5,307.4,1562,28.6,154,0
H,301.0,311.5,1446,40.0,189,0
H,296.7,307.2,1233,42.3,147,0
H,299.0,309.4,1480,15.4,72,0
L,296.1,306.6,1523,34.6,31,0
L,302.9,312.0,1526,54.2,170,0
L,301.7,310.4,1728,33.4,35,0
M,303.0,313.3,1625,31.0,109,0
M,299.1,308.2,1453,31.5,69,0
L,301.7,312.4,1632,33.1,176,0
L,300.1,309.9,1312,36.5,19,0
M,302.1,312.6,1360,39.6,176,0
L,298.8,307.7,1420,63.8,115,0
L,300.6,310.5,1666,21.7,85,0
M,300.5,311.4,1430,17.3,85,0
H,299.4,309.7,1638,57.4,195,0
H,299.8,311.1,1821,35.2,88,0
H,298.0,308.3,1685,31.1,240,0
L,299.7,310.4,1168,46.7,57,0
L,300.0,310.4,1589,34.5,217,0
H,299.3,309.4,1413,48.8,98,0
L,299.0,308.8,1696,56.2,134,1
M,298.3,307.6,1554,48.2,180,0
L,302.3,312.1,1713,35.0,139,0
L,296.7,307.1,1433,40.8,113,0
M,297.6,307.3,1419,49.5,70,0
L,302.1,310.8,1433,54.4,138,0
L,298.3,310.4,1657,46.3,223,0
L,296.0,304.3,1630,39.3,20,0
L,302.0,312.0,1531,66.5,74,1
L,300.1,309.5,1594,30.2,119,0
L,298.0,308.4,1465,50.6,112,1
M,300.0,310.0,1168,23.9,106,0
M,298.7,308.5,1748,47.4,37,0
M,298.5,308.3,1886,45.0,222,0
M,296.6,306.4,1348,41.1,175,0
L,300.0,309.9,1747,30.3,22,0
M,298.3,308.7,1304,38.3,60,0
M,302.9,312.2,1489,41.1,25,0
H,299.5,309.9,1572,50.2,43,0
M,303.5,313.1,1860,49.9,149,0
L,299.4,310.4,1500,52.2,183,0
L,302.7,313.3,1775,38.7,230,0
L,300.2,310.8,1452,33.8,40,0
H,299.6,310.1,1214,37.1,12,0
M,298.6,308.1,1677,27.9,188,0
M,297.8,308.5,1540,36.1,127,0
L,300.2,309.8,1671,54.5,35,0
L,300.0,310.7,1537,53.6,88,0
M,299.6,310.6,1591,51.1,33,0
L,298.8,309.7,1303,47.9,178,0
L,301.4,310.9,1746,34.9,175,0
L,301.2,310.4,1440,35.0,162,0
L,301.6,312.5,1608,46.6,121,0
L,301.0,312.0,1508,44.3,92,0
M,300.9,312.5,1742,44.6,243,0
H,300.5,311.0,1434,51.2,88,0
L,301.1,311.4,1556,34.7,189,0
L,303.9,314.0,1774,34.1,149,0
L,301.3,311.8,1455,37.3,10,0
L,304.1,313.2,1480,47.7,90,0
M,301.3,308.6,1394,33.4,174,0
M,301.8,311.7,1682,36.5,117,0
L,301.3,310.2,1363,29.3,18,0
L,297.8,307.7,1454,63.2,139,1
L,302.7,313.4,1639,51.1,204,0
H,302.4,311.6,1455,45.9,112,0
L,302.5,312.5,1712,28.6,165,0
L,300.7,310.9,1510,34.3,63,0
M,303.4,314.6,1769,37.0,111,0
L,305.0,316.1,1569,37.8,203,0
H,299.3,308.3,1230,23.8,0,0
M,299.0,307.8,1515,34.7,191,0
H,297.7,308.2,1735,30.0,221,0
L,300.9,310.6,1481,34.5,218,1
L,297.3,307.7,1789,16.2,192,0
L,300.4,309.8,1453,33.0,155,0
L,299.9,310.5,1533,22.9,63,0
M,303.4,313.0,1673,38.6,111,0
M,300.6,310.1,1426,34.4,4,0
L,303.3,313.3,1541,35.0,79,0
H,301.4,313.3,1710,45.1,59,0
L,303.6,312.4,1621,29.0,46,0
L,299.5,309.5,1324,43.0,42,0
L,300.3,311.8,1521,33.6,68,0
L,300.4,309.3,1382,42.5,222,1
L,297.0,306.1,1572,38.5,247,0
L,304.4,313.8,1637,29.3,118,0
L,298.1,307.8,1701,48.0,205,1
L,297.1,308.1,1633,36.2,183,0
H,296.9,306.9,1464,41.2,101,0
L,302.4,313.2,1565,18.6,50,0
L,301.6,311.1,1991,41.3,1,0
H,300.7,310.3,1499,50.8,86,0
M,300.7,311.9,1460,36.7,203,0
M,302.2,311.6,1390,49.9,222,0
M,301.0,313.0,1521,32.7,95,0
M,299.5,308.7,1736,41.4,238,0
H,302.0,313.0,1622,14.2,109,0
H,302.7,313.3,1286,45.9,11,0
L,301.5,311.4,1720,46.3,25,0
L,299.2,308.1,1394,39.5,45,0
H,301.4,309.8,1462,43.4,92,0
M,298.9,306.6,1726,47.7,33,0
M,298.9,308.7,1359,52.3,198,0
M,300.4,309.9,1658,41.8,249,0
H,300.9,310.6,1690,28.7,64,0
L,301.1,311.3,1715,48.9,208,1
M,302.6,311.8,1555,44.7,41,0
M,300.5,312.8,1559,46.2,11,0
M,298.5,308.2,1731,37.6,224,0
M,300.6,309.6,1407,34.9,112,0
M,302.8,314.2,1289,20.7,105,0
L,301.1,312.5,1841,52.4,131,0
L,301.5,313.2,1357,45.9,152,1
L,303.2,312.9,1962,33.0,62,0
L,302.5,311.9,1562,24.5,1,0
L,297.8,309.1,1393,34.6,229,0
L,299.2,310.4,1654,44.6,164,1
H,299.0,308.7,1765,42.8,196,0
L,296.5,306.7,1628,55.0,88,0
M,297.8,307.2,1849,40.3,151,0
M,299.6,309.8,1429,37.2,91,0
L,301.6,310.9,1305,23.2,116,0
L,300.6,310.2,1490,46.6,27,0
H,302.6,310.0,1501,35.9,201,0
M,300.8,308.4,1735,37.9,177,0
M,304.0,313.5,1609,37.2,32,0
L,302.6,311.9,1228,16.8,36,0
H,300.7,311.4,1426,49.2,160,0
M,301.4,310.5,1416,44.4,209,0
M,302.2,311.8,1597,31.8,228,0
L,299.6,311.1,1389,54.1,154,0
L,296.7,308.2,1297,19.8,88,0
L,299.9,311.1,1495,36.5,26,0
H,301.5,312.6,1587,27.4,182,0
L,298.8,308.8,1367,37.9,212,0
L,302.1,312.1,1585,34.7,211,0
M,297.6,306.3,1385,49.3,212,0
L,297.6,307.8,1556,30.3,221,0
L,303.6,313.8,1520,48.5,147,0
M,298.2,308.2,1369,50.2,99,0
L,297.9,307.8,1803,19.6,91,0
L,300.1,310.3,1535,37.0,7,0
L,299.6,309.6,1512,40.2,38,0
M,299.0,309.3,1366,39.7,166,1
H,299.8,310.6,1639,41.6,88,0
H,299.1,308.7,1468,46.9,108,0
L,300.5,310.5,1580,43.8,143,0
L,302.1,313.4,1970,51.0,81,0
M,299.7,310.6,1588,33.9,116,0
L,297.7,308.3,1377,45.6,85,0
L,299.9,311.4,1495,41.4,249,0
M,298.4,309.6,1555,30.3,197,0
L,301.8,311.9,1787,49.6,195,0
M,302.3,315.8,1658,13.9,2,0
H,302.6,312.9,1644,43.8,33,0
M,296.3,307.1,1635,41.8,105,0
H,298.5,309.3,1592,41.5,124,0
L,301.5,311.5,1426,44.9,190,0
H,300.8,309.6,1192,31.8,161,0
L,300.8,310.9,1393,43.6,60,0
L,298.1,308.2,1569,29.6,28,0
L,298.0,307.0,1296,34.0,163,0
M,300.8,311.4,1446,41.0,124,0
L,299.7,310.7,1596,39.7,99,0
L,298.5,308.3,1531,40.2,177,0
H,300.5,309.1,1499,45.8,44,0
L,301.6,310.5,1533,44.2,73,0
M,301.8,312.1,1568,43.5,169,0
M,302.8,312.0,1515,46.4,128,0
L,301.2,312.5,1651,44.6,165,0
L,296.6,305.8,1638,43.9,146,0
H,297.6,306.1,1672,46.9,132,0
M,300.3,310.8,1435,30.2,14,0
L,300.5,310.4,1605,20.1,21,0
H,295.3,304.1,1756,46.6,247,0
L,297.5,308.0,1517,44.7,194,1
L,304.2,314.3,1405,26.4,213,0
L,298.9,308.1,1668,45.2,110,0
L,298.9,308.1,1227,53.2,45,0
L,299.6,308.4,1414,30.8,206,0
L,298.9,308.0,1628,33.8,168,0
M,298.8,308.5,1699,38.1,124,0
L,297.9,308.6,1518,44.4,245,1
M,303.3,312.9,1263,27.1,55,0
H,300.9,311.5,1600,50.0,227,0
L,299.2,308.2,1339,48.0,141,0
L,297.9,308.3,1362,42.3,125,0
L,301.3,310.0,1288,29.7,82,0
L,302.4,311.8,1845,53.2,40,0
M,300.9,312.1,1168,49.1,32,0
L,302.1,311.0,1442,36.5,70,0
L,302.8,311.1,1522,41.5,50,0
M,300.6,312.0,1467,48.5,58,0
M,299.9,308.9,1482,31.8,10,0
L,298.6,308.4,1411,38.2,79,0
L,297.4,306.0,1426,47.9,93,0
M,299.0,309.2,1870,30.5,167,0
L,299.5,310.4,1708,35.3,20,0
L,300.9,311.2,1589,34.8,25,0
L,298.7,310.8,1380,50.1,94,0
L,298.8,309.1,1168,38.8,93,0
M,297.7,308.4,1538,49.2,204,1
L,301.4,312.0,1257,53.8,115,0
H,299.5,308.9,1575,38.6,249,0
M,297.2,306.6,1600,17.0,144,0
L,301.5,312.6,1688,37.8,30,0
H,303.6,313.6,1617,43.8,72,0
L,301.9,312.9,1638,32.1,40,0
L,297.7,308.0,1554,47.5,26,0
L,296.9,306.9,1743,22.7,219,0
L,301.5,311.2,1393,42.0,200,1
M,300.9,310.8,1573,30.1,118,0
H,299.2,308.6,1301,49.1,14,0
H,301.1,309.0,1623,43.9,205,0
L,300.5,309.5,1396,50.9,194,1
L,302.9,313.8,1970,58.4,202,0
L,300.4,309.2,1414,62.3,102,0
L,298.8,307.7,1251,40.4,111,0
M,303.6,313.4,1518,27.3,116,0
L,298.5,307.7,1758,30.3,162,0
L,302.5,313.6,1500,41.8,38,0
H,297.1,307.2,1536,34.1,138,0
M,301.7,311.3,1717,40.3,233,1
H,297.2,305.9,1764,30.6,74,0
M,298.9,307.9,1667,42.5,226,0
M,299.6,310.1,1604,51.6,22,0
H,296.4,304.7,1476,49.8,91,0
L,295.9,304.3,1746,47.3,212,0
H,298.8,308.0,1346,33.3,105,0
H,298.7,308.9,1168,41.4,226,1
M,299.1,308.0,1622,56.4,38,0
M,299.7,308.9,1571,55.0,223,1
H,302.4,311.6,1585,42.8,99,0
L,299.4,310.0,1627,41.3,237,0
L,302.0,313.3,1439,33.1,148,0
L,295.4,306.0,1609,17.0,137,0
L,300.0,309.3,1528,37.0,145,0
L,301.9,311.2,1421,44.4,78,0
L,301.2,312.0,1515,35.4,182,0
L,297.6,308.0,1604,40.4,69,0
L,301.0,311.4,1568,31.2,201,0
M,302.9,313.2,1637,55.5,213,1
M,299.4,310.1,1376,39.0,121,0
L,299.1,309.8,1711,19.4,95,0
H,301.0,309.3,1537,46.9,58,0
H,300.8,311.2,1867,30.3,241,0
M,298.3,307.1,1735,66.0,229,1
M,302.5,311.1,1641,27.8,192,0
L,302.8,311.1,1628,33.1,96,0
L,299.2,310.3,1435,34.1,224,0
M,300.9,311.3,1654,32.1,47,0
L,300.7,312.3,1835,41.6,128,0
H,296.7,306.6,1752,43.2,78,0
L,298.2,309.4,1822,25.0,153,0
M,299.0,306.2,1555,35.1,48,0
M,298.4,308.4,1832,33.5,118,0
M,303.0,314.3,1399,44.0,145,0
M,299.8,309.8,1496,26.6,213,0
M,299.4,309.5,1767,39.7,160,0
H,299.4,309.6,1455,50.2,233,0
L,301.8,312.4,1707,37.4,221,0
L,298.1,306.8,1582,40.9,208,0
M,300.8,312.6,1529,39.7,22,0
L,296.2,305.2,1612,25.5,132,0
L,299.0,308.3,1514,46.0,48,0
M,299.7,310.9,1247,50.6,16,0
L,302.1,312.7,1233,43.2,172,0
H,299.7,309.6,1383,49.0,66,0
M,297.1,306.7,1888,35.6,111,0
M,302.5,313.1,1195,38.3,5,0
L,301.1,312.3,1404,54.7,49,0
M,298.1,310.1,1471,27.3,161,0
M,299.2,309.2,1482,23.4,1,0
H,302.8,311.0,1627,49.5,107,0
L,300.1,309.7,1245,45.6,64,0
H,298.0,308.3,1440,44.7,54,0
L,301.7,310.2,1588,49.2,7,0
M,300.2,309.6,1406,39.0,202,0
L,303.3,313.9,1345,50.4,229,1
L,302.4,312.6,1621,14.5,167,0
L,299.5,309.2,1510,48.0,39,1
L,300.9,311.0,1248,40.9,241,0
L,306.4,317.3,1646,43.4,143,0
M,299.1,308.6,1440,33.3,219,0
M,299.5,308.3,1584,50.1,52,0
M,303.0,311.1,1451,41.1,185,0
H,302.3,312.5,1281,49.9,89,0
M,301.3,309.6,1740,41.9,232,0
L,302.5,314.9,1319,17.9,32,0
L,296.9,307.6,1422,37.1,187,0
L,297.0,306.8,1352,41.0,84,0
M,300.9,311.6,1401,36.4,135,0
L,299.2,309.2,1509,34.0,13,0
L,300.3,310.4,2044,24.1,121,0
L,300.2,310.2,1714,32.5,76,0
L,296.6,305.7,1244,50.0,186,1
L,298.7,307.9,1558,35.0,126,0
M,299.9,310.9,1560,48.4,130,0
H,300.8,311.4,1644,45.4,8,0
H,301.2,310.0,1507,42.6,229,0
H,298.6,308.8,1750,26.5,139,0
L,302.1,312.8,1494,26.6,56,0
H,299.7,308.8,1728,37.9,137,0
L,296.5,305.9,1708,24.3,128,0
M,298.1,308.7,1795,33.2,205,0
M,301.9,311.5,1476,39.6,162,0
H,298.9,308.2,1389,24.1,160,0
L,302.3,312.2,1527,48.3,79,0
H,299.6,309.1,1499,25.7,126,0
M,298.3,308.5,1535,22.8,122,0
M,297.0,307.7,1326,47.8,234,0
L,297.7,307.7,1612,35.9,197,0
L,299.6,310.6,1557,30.4,223,0
L,299.8,308.5,1249,49.4,58,0
L,298.7,308.3,1684,46.8,201,0
H,299.0,310.1,1280,35.7,107,0
M,302.2,312.1,1624,34.2,197,0
L,300.4,309.9,1670,42.7,144,0
L,298.1,308.5,2083,31.4,63,0
L,299.2,310.5,1396,63.5,34,1
H,301.0,309.9,1587,42.6,129,0
M,299.7,310.4,1506,28.0,68,0
H,298.7,308.2,1399,58.1,225,0
L,302.7,313.6,1712,27.5,140,0
M,298.8,310.6,1627,33.5,118,0
L,298.5,307.2,1877,60.6,208,0
L,299.7,309.7,1654,27.0,126,0
H,299.7,308.4,1763,42.9,194,0
H,299.8,311.4,1511,36.1,46,0
L,298.6,308.0,1460,30.8,65,0
L,297.9,310.2,1776,54.8,6,0
M,300.0,309.9,1599,56.2,200,1
M,300.7,309.7,1685,36.0,165,0
L,303.2,313.7,1526,49.5,122,0
L,302.1,311.1,1623,45.9,113,0
M,298.9,309.2,1509,72.1,93,0
L,301.6,312.8,1301,30.4,143,0
M,299.3,310.4,1852,31.9,247,0
M,300.3,309.7,1650,31.4,171,0
L,299.5,309.2,1398,48.9,70,0
L,300.1,310.7,1592,40.5,162,0
L,301.9,311.2,1494,42.6,188,0
H,299.8,307.4,1667,37.5,119,0
H,300.1,309.4,1423,30.6,30,0
H,303.0,312.5,1650,34.9,20,0
L,294.1,303.1,1697,48.6,67,0
H,296.8,306.2,1264,27.5,164,0
L,304.1,313.8,1543,15.3,178,0
L,303.3,313.5,1746,36.8,0,0
L,299.6,311.0,1823,46.7,87,0
L,300.7,311.3,1455,35.5,112,0
M,298.7,307.7,1518,35.4,142,0
M,299.8,310.8,1911,33.3,122,0
L,300.7,310.8,1708,30.8,142,0
L,301.8,312.1,1607,56.2,227,1
L,298.4,306.6,1341,44.2,97,0
L,299.1,310.3,1549,46.9,34,0
L,302.7,311.0,1411,44.9,29,1
M,300.3,310.7,1484,39.7,97,0
M,303.1,314.1,1395,58.6,45,0
L,302.3,312.7,1527,44.6,99,0
L,296.3,306.9,1699,25.9,193,0
L,302.4,311.1,1596,32.6,175,0
L,298.6,307.8,1664,35.5,204,0
M,299.9,310.1,1566,47.8,154,0
M,294.8,304.4,1514,32.4,119,0
L,297.2,306.5,1537,29.7,107,0
L,298.7,311.0,1651,39.2,19,0
L,302.5,312.7,1471,20.7,54,0
M,301.5,310.6,1296,44.8,23,0
L,297.0,305.7,1839,46.3,61,0
M,300.5,309.7,1168,38.4,105,0
H,299.9,310.7,1496,50.8,223,0
L,303.6,313.7,1408,50.3,114,0
H,298.0,309.2,1584,43.0,93,0
L,298.8,308.5,1697,26.9,232,0
L,299.0,309.0,1326,34.3,214,0
M,299.8,310.1,1412,55.4,171,0
L,299.1,308.6,1741,42.1,145,0
L,304.7,314.3,1520,52.2,7,0
L,297.7,306.3,1770,44.5,248,1
M,300.8,310.4,1396,49.2,128,0
H,297.7,308.2,1349,34.8,11,0
L,300.1,309.2,1835,37.9,46,0
M,295.5,304.4,1614,33.6,127,0
H,298.0,309.5,1520,47.3,245,0
M,301.0,310.1,1233,51.5,244,0
L,299.0,308.8,1291,46.8,80,0
L,299.1,308.6,1571,44.2,226,0
H,301.3,312.0,1493,24.8,241,0
H,299.7,310.6,1542,10.7,58,0
H,299.9,309.5,1656,50.9,249,0
L,296.8,306.0,1436,35.8,244,0
M,301.6,311.7,1610,53.9,190,0
H,298.8,308.8,1602,36.9,162,0
H,299.4,309.1,1443,34.7,253,0
L,299.8,311.1,1823,33.1,251,0
M,299.1,308.4,1509,25.9,21,0
L,296.9,308.1,1604,35.7,232,1
M,300.4,310.7,1807,43.5,111,0
L,298.3,308.8,1831,30.2,15,0
L,299.9,309.2,1512,67.1,35,0
L,299.3,308.8,1474,40.8,240,0
L,300.1,309.2,1338,10.6,90,0
L,302.3,311.4,1365,45.5,37,0
L,302.1,312.2,1873,30.0,56,0
M,301.8,311.1,1592,35.8,242,0
H,297.8,308.0,1546,43.3,172,0
H,301.1,309.3,1515,52.9,247,1
L,298.9,309.2,1657,24.8,58,0
M,299.1,309.6,1553,46.0,251,0
L,301.9,311.7,1336,39.5,143,0
H,301.1,311.7,1490,55.3,139,0
M,298.3,309.4,1695,31.5,117,0
M,300.4,309.8,1410,32.3,29,0
L,299.8,309.1,1428,33.8,39,0
H,300.5,309.8,1794,42.1,253,0
L,302.1,309.9,1256,38.1,92,0
L,302.5,314.1,1765,43.0,158,0
H,299.6,311.7,1548,34.6,97,0
M,302.0,312.5,1846,43.4,60,0
L,297.1,308.8,1395,48.2,114,0
M,301.5,312.5,1562,39.1,114,0
L,303.2,314.2,1698,32.6,66,0
L,297.0,305.2,1527,45.9,36,0
L,300.9,308.9,1623,36.8,196,0
M,300.1,310.4,1469,47.7,242,1
M,301.2,312.4,1427,34.6,227,0
L,301.3,309.1,1380,47.5,185,0
L,298.1,307.4,1563,25.7,9,0
L,299.4,308.8,1469,41.6,93,0
H,300.1,310.9,1828,39.2,209,0
L,298.7,310.3,1569,31.9,44,0
M,298.6,307.4,1548,43.7,174,0
M,298.7,309.0,1674,48.2,147,0
L,301.6,312.0,1388,59.7,3,0
L,303.5,313.7,1689,35.9,245,0
H,298.1,309.3,1355,37.8,180,0
M,300.9,312.2,1666,27.6,218,0
H,298.8,309.0,1553,35.4,239,0
M,300.3,311.4,1385,26.4,244,0
H,299.1,308.6,1834,53.9,151,0
L,301.4,310.7,1679,41.9,193,0
H,295.0,306.6,1384,43.4,107,0
H,296.0,305.6,1381,51.7,219,0
M,301.7,311.7,1341,30.6,141,0
M,302.9,313.3,1624,51.5,167,0
M,296.6,307.6,2045,40.1,154,0
L,297.2,305.7,1394,24.4,73,0
M,299.2,310.4,1530,44.3,150,0
M,301.9,313.7,1536,55.8,67,0
L,298.4,308.8,1881,39.4,252,0
M,299.5,309.6,1903,36.9,154,0
M,300.6,310.0,1569,33.4,149,0
H,298.5,307.3,1738,36.0,191,0
M,300.9,312.3,1915,13.7,89,0
L,298.0,306.4,1687,26.2,5,0
L,299.0,310.1,1383,25.8,112,0
L,299.4,308.7,1740,49.4,243,0
H,303.4,315.2,1168,49.0,252,1
L,299.5,309.0,1734,47.4,100,0
L,297.8,308.4,1549,27.5,124,0
L,303.2,313.9,1851,48.4,160,0
L,298.4,307.5,1473,40.8,49,0
L,299.5,310.1,1419,36.9,134,0
H,299.8,311.0,1378,52.5,13,0
M,302.0,311.6,1677,49.9,220,0
H,301.9,314.1,1761,42.5,112,0
L,302.0,311.5,1496,22.6,29,0
L,297.9,309.7,1928,42.3,140,0
L,297.7,306.5,1696,33.1,214,0
H,304.0,314.9,1865,31.2,211,0
L,302.3,312.8,1665,51.1,17,0
L,298.6,306.8,1948,41.7,95,0
L,298.4,309.7,1213,38.3,157,0
M,299.3,308.8,1969,37.7,63,0
L,299.9,310.9,1892,30.4,70,0
H,301.8,312.4,1562,38.5,193,0
L,297.4,307.1,1396,29.7,2,0
L,302.3,311.8,1595,42.5,192,0
M,302.4,311.9,1644,38.3,189,0
M,298.9,307.6,1506,62.1,216,0
M,299.0,310.6,1880,50.6,117,0
H,298.1,308.2,1611,37.1,151,0
M,299.5,310.0,1617,25.7,242,0
H,300.1,310.8,1790,39.9,34,0
L,296.1,307.0,1408,61.7,169,0
H,299.7,308.9,1751,43.0,248,0
M,297.9,306.8,1637,23.5,19,0
L,301.4,311.4,1616,38.1,200,0
L,300.2,308.7,1373,37.9,82,0
H,302.2,312.7,1817,31.3,150,0
M,301.1,310.2,1671,39.1,110,0
L,300.7,309.4,1463,39.3,205,0
L,302.5,312.0,1568,32.4,70,0
L,300.0,308.9,1565,53.6,205,0
M,301.4,312.1,1620,45.6,38,0
L,300.3,308.4,1652,33.1,157,0
L,298.9,309.8,1320,22.5,43,0
L,299.9,309.4,1515,48.8,109,0
L,302.8,312.7,1582,30.9,216,0
H,300.0,309.5,1256,40.9,62,0
L,300.9,312.0,1587,59.4,164,0
L,301.4,310.6,1852,37.9,162,0
H,299.7,308.6,1528,45.3,207,0
L,297.1,306.4,1435,42.6,21,0
M,302.0,312.1,1175,31.8,98,0
M,304.4,314.9,1493,36.6,216,0
L,301.1,310.9,1341,28.9,245,0
H,300.2,308.5,1639,35.9,191,0
M,301.4,310.3,1488,51.3,244,0
M,297.5,307.9,1448,37.9,86,0
H,301.0,311.7,1409,47.2,155,0
H,300.7,310.1,1712,36.7,158,0
L,301.5,310.1,1601,39.0,108,0
H,300.0,308.7,1425,30.6,81,0
L,301.0,311.1,1510,20.2,33,0
L,296.3,305.7,1538,50.6,189,0
L,301.2,310.0,1499,51.1,179,1
L,301.3,311.9,1680,69.8,80,1
H,300.4,309.5,1480,47.6,33,0
M,300.5,313.0,1559,61.9,126,0
L,303.7,313.3,1533,45.7,40,0
L,302.5,312.1,1168,48.3,19,0
M,297.7,308.5,1773,41.5,29,0
M,300.1,308.0,1519,42.4,8,0
H,300.3,311.6,1633,34.0,165,1
M,297.4,306.5,1751,61.9,124,0
L,302.3,311.9,1648,27.5,169,0
L,297.8,306.9,1390,34.2,91,0
M,300.8,310.1,1460,49.8,10,0
L,297.8,306.7,1834,22.5,174,0
L,302.0,312.7,1474,53.1,245,1
L,297.0,306.1,1460,46.6,123,0
L,298.6,310.9,1789,39.5,196,1
L,299.6,309.6,2079,33.9,63,0
L,300.1,309.0,1413,50.1,46,0
L,299.6,309.8,1568,43.9,24,0
L,303.2,311.5,1443,38.2,131,0
H,298.4,306.3,1298,29.4,23,0
M,301.4,310.4,1168,22.9,130,0
H,299.9,309.8,1558,46.6,37,0
M,299.4,310.3,1553,28.7,18,0
M,302.0,310.9,1603,26.5,30,0
M,302.5,312.9,1810,20.2,218,0
L,299.5,308.4,1693,37.2,137,0
L,302.2,313.7,1658,38.1,175,0
H,298.4,308.6,1348,32.5,51,0
H,299.9,311.6,1559,42.9,79,0
L,298.3,308.4,1648,50.4,35,0
M,301.9,312.8,1628,37.1,113,0
H,299.8,310.3,1618,55.4,92,0
M,299.2,307.2,1338,19.6,78,0
H,299.5,309.9,1510,30.8,34,0
H,300.8,312.2,1673,48.0,24,0
L,301.9,312.3,1593,37.2,21,0
H,299.8,309.5,1845,64.6,134,0
L,299.5,309.2,1716,49.6,230,0
L,300.6,310.3,1863,52.7,242,1
M,301.3,314.1,1571,49.2,24,0
L,300.1,309.5,1624,38.7,98,0
L,293.2,305.0,1637,22.6,99,0
L,301.8,311.4,1697,35.4,95,0
L,302.9,313.2,1460,48.7,137,0
M,303.4,313.9,1391,51.5,176,0
L,296.0,306.4,1294,50.1,41,0
L,299.7,311.2,1270,43.1,177,0
M,300.9,311.0,1326,54.2,234,1
L,295.6,306.3,1251,39.9,158,0
L,297.5,305.6,1264,28.8,142,0
L,299.2,310.2,1476,47.8,195,0
H,303.1,314.0,1309,45.6,109,0
M,300.2,311.6,1473,17.2,120,0
H,305.1,315.4,1523,34.3,142,0
M,299.2,309.2,1514,47.9,148,1
H,303.4,312.6,1861,27.2,107,0
M,299.9,309.6,1507,57.6,44,0
L,300.7,310.5,1627,47.6,34,0
L,300.7,310.8,1448,56.7,110,1
H,301.0,310.9,1558,20.6,197,0
L,300.4,310.9,1706,38.4,82,0
M,300.7,309.9,1352,44.8,240,1
H,301.0,311.5,1466,31.8,192,0
M,296.3,305.6,1455,40.0,183,0
H,300.2,310.6,1641,42.2,28,0
M,301.4,310.1,1720,43.3,57,0
L,301.2,310.7,1754,44.3,214,1
M,300.6,310.4,1353,31.8,100,0
M,297.7,308.5,1506,33.8,59,0
M,297.4,306.6,1521,38.6,115,0
L,298.8,309.5,1537,51.8,103,0
L,303.6,312.4,1240,30.5,153,0
L,300.8,310.0,1516,31.7,108,0
H,299.0,308.5,1629,29.4,123,0
L,302.5,312.2,1311,27.3,157,0
L,299.6,309.8,1540,53.6,192,0
M,301.5,308.9,1344,28.6,74,0
L,302.0,311.3,1513,25.5,213,0
M,301.0,311.2,1718,54.5,217,1
L,301.4,310.3,1630,26.4,148,0
L,301.9,311.1,1503,46.5,94,0
L,299.1,310.4,1767,37.0,26,0
L,297.7,308.7,1524,49.8,24,0
L,299.6,309.7,1809,34.9,177,0
L,298.3,307.9,1651,28.6,118,0
H,297.4,307.5,1506,34.1,72,0
M,299.0,307.8,1767,46.7,177,0
H,298.1,307.2,1642,47.0,119,1
M,297.3,307.2,1509,33.7,4,0
M,302.0,312.3,1245,35.3,114,0
H,299.7,311.2,1606,42.9,174,0
L,299.4,308.3,1796,28.7,116,0
L,301.1,310.5,1685,38.6,147,0
L,298.3,310.8,1626,30.0,48,0
M,298.6,308.3,1577,38.1,166,1
L,302.0,312.4,1627,36.6,64,0
H,301.9,311.4,1654,35.8,248,0
H,299.1,310.9,1598,49.7,75,0
H,301.9,311.3,1669,45.1,141,0
M,303.4,314.7,1770,28.2,101,0
M,298.8,307.7,1641,50.1,4,0
L,299.7,311.2,1911,22.8,221,0
H,301.8,310.3,1491,40.8,45,0
M,302.4,312.1,1380,23.9,204,0
M,299.6,310.1,1222,40.2,222,0
L,299.1,309.0,1488,56.9,43,0
M,301.5,312.4,1734,46.8,202,1
L,300.2,309.3,1379,37.6,203,0
L,298.5,307.5,1713,43.4,135,0
L,299.1,309.8,1502,21.4,245,0
