porosity_pct,wall_thickness_mm,fill_time_s,melt_temp_c,pressure_bar,surface_ra_um,inspector_A,inspector_B,inspector_C,label_recorded,true_defect
1.28,5.11,2.73,710.8,103.7,2.08,0,0,1,0,0
1.14,5.47,2.37,706.4,85.7,2.84,1,0,0,0,0
0.58,6.69,2.16,709.9,92.9,3.9,0,0,0,0,0
0.58,7.04,2.36,705.9,88.6,3.5,0,0,0,0,0
0.55,5.59,2.39,712.8,116.6,3.85,1,1,1,1,1
4.74,6.0,3.16,715.5,89.9,3.1,0,1,0,0,0
3.02,4.89,2.31,745.1,98.7,3.61,1,1,1,1,1
1.4,6.02,2.69,693.6,96.5,3.01,0,0,0,0,0
0.77,5.43,1.86,693.5,105.4,2.98,0,0,0,0,0
5.74,6.17,2.9,733.3,117.1,2.89,0,1,1,1,0
0.85,7.22,2.43,712.7,89.5,2.79,0,1,0,0,0
0.12,6.43,2.09,705.2,96.4,2.3,0,0,0,0,0
4.83,5.94,2.46,726.4,87.8,2.8,1,1,1,1,1
6.58,5.94,1.01,728.7,103.8,1.97,1,1,1,1,1
1.52,5.61,2.71,704.1,82.8,4.01,0,0,0,0,0
2.4,5.29,1.95,714.6,73.5,1.99,0,0,0,0,0
2.51,5.83,2.1,715.5,103.1,2.65,0,0,0,0,0
2.17,6.57,2.23,705.1,94.6,3.86,0,0,0,0,0
1.74,5.29,2.28,737.1,94.5,2.9,1,0,0,1,0
0.54,5.22,2.42,725.9,79.8,3.51,1,0,1,1,1
7.37,6.31,2.79,720.7,100.7,3.29,1,1,1,1,1
0.75,5.67,2.77,714.2,106.3,3.23,0,0,0,0,0
3.31,5.6,2.35,710.5,86.0,3.73,0,0,0,0,0
2.03,4.94,1.81,734.2,91.8,2.35,1,0,0,0,0
1.3,5.0,2.17,710.1,73.1,3.13,1,0,0,1,0
4.82,5.91,2.15,681.5,100.1,2.65,1,0,0,0,0
1.11,5.83,1.97,722.8,95.7,2.94,0,0,0,0,0
0.98,4.38,1.35,723.7,101.2,3.28,0,0,0,0,0
2.28,6.22,2.73,739.9,81.7,5.01,0,0,0,0,0
0.96,5.92,2.92,716.0,86.2,4.04,0,0,0,0,0
5.1,6.22,3.05,710.9,97.9,4.44,1,1,1,1,1
2.92,6.06,1.57,727.8,86.3,2.99,0,0,0,0,0
1.53,7.41,1.0,722.5,81.0,1.03,0,0,1,0,0
2.12,5.79,2.36,727.3,84.8,4.08,0,0,1,0,0
1.9,7.67,2.82,724.8,113.2,3.38,1,0,1,1,1
2.54,5.8,2.93,717.8,109.1,2.22,0,0,0,0,0
2.26,7.29,3.0,710.1,108.5,2.39,0,0,0,0,0
1.58,5.04,3.7,731.8,100.0,3.7,0,1,0,0,0
2.74,5.5,2.46,718.4,96.2,1.59,0,0,0,0,0
0.83,7.25,2.4,713.4,130.0,3.35,0,0,0,0,0
2.03,5.44,2.63,729.4,90.2,3.65,0,1,1,1,0
1.6,6.11,3.2,705.9,80.0,3.32,0,0,0,0,0
1.45,5.76,2.59,723.1,101.5,3.19,0,0,0,0,0
1.13,7.12,2.34,718.7,104.2,1.42,0,0,0,0,0
1.28,7.02,1.89,686.8,97.8,2.98,0,0,0,0,0
0.52,6.25,1.57,721.2,81.9,4.05,0,0,1,0,0
1.5,5.31,3.24,705.0,84.7,4.99,0,0,0,0,0
1.52,5.33,3.04,708.6,111.9,3.27,0,0,0,0,0
1.81,5.8,1.94,696.4,100.3,3.66,0,0,0,0,0
6.19,6.13,2.9,717.1,90.6,1.82,1,0,1,1,1
0.93,6.5,1.4,698.3,74.4,3.91,1,0,0,1,0
4.92,4.68,1.52,700.9,101.6,3.81,1,0,0,0,0
2.04,6.44,2.12,721.6,101.7,3.25,0,0,0,0,0
2.33,6.11,2.27,686.7,99.0,3.67,1,1,1,1,1
2.07,5.9,2.3,724.5,117.9,2.6,0,0,0,0,0
4.55,6.04,2.47,698.4,108.0,3.56,0,0,0,0,0
0.95,5.6,2.21,726.7,92.0,1.7,0,0,0,0,0
0.87,5.41,1.87,691.0,119.2,3.85,0,0,0,0,0
3.94,5.43,2.93,687.3,97.2,1.8,0,0,0,0,0
2.51,6.06,2.48,705.1,86.1,3.78,1,1,1,1,1
1.82,6.08,2.44,726.0,96.1,5.34,1,1,1,1,1
2.72,4.91,2.37,696.6,101.3,3.38,0,1,1,1,1
4.04,6.21,2.2,727.6,96.1,3.64,0,0,0,0,0
6.39,6.26,3.32,728.9,103.6,2.21,0,0,1,0,0
2.34,5.94,2.96,701.2,77.7,3.77,0,0,0,0,0
0.57,6.48,2.02,712.6,88.8,2.7,0,0,0,0,0
2.88,6.8,1.9,704.9,83.2,3.47,0,0,0,0,0
1.73,5.69,1.79,719.5,111.6,3.36,1,1,1,1,1
2.73,7.15,2.21,696.4,86.3,1.66,0,0,0,0,0
3.56,6.37,1.95,728.0,86.8,3.48,0,0,0,0,0
2.66,4.12,1.14,717.1,95.6,4.31,0,0,0,0,0
1.66,6.58,3.07,691.6,110.4,3.06,0,0,0,0,0
1.49,4.99,2.88,711.4,81.3,5.22,0,0,0,0,0
4.03,8.5,2.88,725.4,75.8,2.11,0,0,0,0,0
1.98,5.76,2.09,704.0,99.2,3.34,0,0,0,0,0
1.94,6.37,1.62,706.9,87.3,2.64,0,0,1,0,0
2.34,5.54,2.57,705.8,125.1,3.73,0,0,0,0,0
0.66,6.76,2.75,700.1,84.8,3.5,0,0,0,0,0
1.14,5.99,2.49,722.5,110.1,2.93,0,0,0,0,0
2.79,6.26,2.78,708.8,121.6,3.05,0,1,0,0,0
2.08,5.75,1.19,688.4,76.1,1.24,0,0,0,0,0
3.49,6.08,2.45,709.7,95.6,3.86,0,0,0,0,0
2.81,5.8,1.74,686.0,97.5,1.73,0,0,1,1,0
2.07,6.87,3.01,686.9,85.4,3.29,0,0,0,0,0
2.44,4.67,2.74,720.9,77.4,5.83,1,0,1,0,1
4.23,4.93,3.53,711.7,88.9,2.36,0,0,0,0,0
4.23,6.68,1.93,710.6,99.8,4.2,0,0,1,0,0
0.58,5.47,2.27,691.1,105.2,3.66,0,0,0,0,0
4.02,5.21,2.41,718.1,111.0,3.36,1,0,1,1,0
1.7,6.89,2.4,707.8,69.9,2.97,1,1,1,1,1
3.75,6.28,1.35,760.0,81.4,3.49,0,1,0,0,0
0.65,6.6,3.08,717.9,97.0,3.69,0,0,0,0,0
3.34,5.9,2.49,714.8,85.3,3.22,0,0,0,0,0
3.1,6.37,2.28,699.4,94.1,3.49,0,0,0,0,0
5.89,6.43,2.17,707.6,97.7,1.69,0,0,1,1,0
3.66,5.86,1.74,686.9,79.2,2.83,0,0,0,0,0
1.97,7.54,2.15,710.0,98.5,4.66,0,0,0,0,0
1.73,5.99,1.77,707.7,93.8,2.68,0,0,0,0,0
4.85,6.01,2.34,703.8,86.9,1.78,0,0,0,0,0
1.87,5.54,2.21,704.7,91.3,2.66,0,0,0,0,0
6.7,5.64,2.71,693.2,130.0,2.37,1,1,0,1,1
0.53,5.34,3.25,700.9,91.8,2.11,0,0,0,0,0
0.27,6.27,2.8,693.5,99.2,2.57,0,0,0,0,0
2.53,4.91,2.12,714.6,102.9,4.41,1,0,0,0,1
0.47,4.88,2.1,704.0,98.0,3.19,0,0,0,0,0
0.64,7.68,1.6,709.5,102.3,1.52,0,0,0,0,0
1.31,5.72,3.46,732.0,116.5,3.25,1,1,1,1,1
1.33,5.59,2.71,709.6,97.2,1.86,0,0,0,0,0
9.11,6.05,1.88,728.4,100.8,3.44,1,1,1,1,1
1.27,6.74,2.77,717.1,71.3,2.45,0,0,0,0,0
8.54,6.94,1.94,734.7,101.3,3.03,1,1,1,1,1
4.23,6.85,2.55,698.9,80.9,1.05,0,1,0,0,0
3.76,6.14,2.65,727.2,80.1,3.67,1,1,0,1,0
0.75,4.73,2.98,724.2,95.3,3.88,1,1,1,1,1
1.36,5.78,2.33,701.9,78.0,2.22,0,0,1,0,0
1.15,5.86,2.37,712.5,79.0,3.54,0,0,0,0,0
1.27,6.26,2.28,697.6,107.5,1.0,0,0,0,0,0
2.63,5.99,2.85,694.9,108.6,1.35,0,0,0,0,0
0.62,5.79,2.4,707.8,100.6,3.14,0,0,0,0,0
0.88,4.29,1.66,698.9,125.6,2.81,1,1,1,1,1
1.33,4.86,3.0,721.5,71.4,4.23,1,1,1,1,1
0.38,5.87,2.6,724.1,116.1,2.44,1,0,1,1,1
4.52,6.4,2.19,718.2,91.3,4.19,1,0,1,1,1
0.18,5.43,1.98,688.2,110.1,4.13,0,0,1,1,0
1.59,6.69,1.26,734.2,60.6,3.39,0,0,0,0,0
1.32,7.05,3.65,703.2,113.0,2.61,0,0,0,0,0
0.17,5.9,2.25,695.2,79.4,4.48,0,1,0,0,0
3.62,6.34,2.48,713.5,116.6,2.55,0,0,0,0,0
1.53,6.21,2.0,723.6,79.3,4.46,0,0,1,1,0
1.3,5.82,2.74,710.8,79.9,3.8,0,0,0,0,0
1.31,5.18,2.52,706.0,66.9,4.19,0,0,0,0,0
3.78,7.34,2.52,691.9,89.4,2.84,0,0,0,0,0
7.02,7.24,1.92,730.9,97.5,2.94,0,0,0,0,0
2.2,6.36,2.58,690.1,96.7,5.23,1,1,1,1,1
2.04,7.95,2.57,695.3,88.4,3.12,0,0,0,0,0
1.54,6.44,2.93,725.5,87.6,4.46,0,0,0,0,0
0.49,6.36,1.82,715.1,110.6,2.6,0,0,0,0,0
1.2,6.85,2.48,700.2,77.3,1.97,0,0,0,0,0
4.44,5.56,2.24,727.2,98.4,1.59,1,1,0,1,1
2.99,6.17,2.42,699.9,95.6,3.02,1,1,1,1,1
1.28,7.61,2.24,712.1,96.2,3.08,0,0,1,0,0
4.03,6.82,2.49,692.1,97.0,3.84,0,0,0,0,0
2.55,5.98,3.17,690.4,103.5,1.88,0,0,1,1,0
1.37,7.24,2.72,730.8,117.7,2.58,0,0,0,0,0
1.16,4.74,2.45,716.7,109.5,2.27,0,0,1,0,0
0.69,6.67,2.44,684.6,110.7,3.25,0,0,0,0,0
0.75,4.0,2.87,705.5,94.6,2.95,0,0,0,0,0
1.47,6.62,2.09,689.4,109.0,3.08,0,0,0,0,0
0.9,5.81,2.15,724.0,75.7,3.18,0,0,0,0,0
2.15,5.6,2.5,688.8,88.5,1.79,0,0,0,0,0
2.98,6.19,2.44,693.9,73.0,3.65,0,0,0,0,0
2.99,6.62,1.94,700.1,95.1,4.2,0,0,0,0,0
2.13,6.04,1.93,717.3,105.8,2.83,0,0,0,0,0
1.4,4.31,2.08,714.8,88.4,2.85,0,0,1,1,0
4.84,5.71,2.6,702.0,114.4,2.97,0,1,0,0,0
2.22,6.47,2.03,688.3,82.6,3.82,0,0,0,0,0
2.88,7.21,2.28,723.7,94.1,3.23,0,0,0,0,0
2.32,6.79,1.95,727.3,103.9,4.13,0,0,0,0,0
4.51,6.39,2.88,702.7,92.5,3.25,0,0,0,0,0
1.44,6.18,2.45,710.8,89.4,2.58,0,0,0,0,0
0.6,6.91,2.8,723.2,92.5,4.33,0,0,0,0,0
0.24,7.51,2.43,736.3,96.1,2.83,0,0,0,0,0
5.15,5.96,1.68,730.8,86.8,4.6,0,0,1,0,0
0.77,6.24,2.93,716.4,111.4,3.46,0,0,0,0,0
0.98,5.59,2.34,719.1,98.6,4.5,0,0,0,0,0
1.79,6.05,2.55,705.0,113.0,4.4,0,0,0,0,0
4.03,6.25,2.7,680.7,94.5,2.54,0,0,0,0,0
1.12,7.07,2.57,708.8,93.5,2.64,0,0,0,0,0
1.23,7.57,3.09,711.3,113.6,2.01,0,0,0,0,0
3.24,7.8,2.21,737.2,87.1,2.7,0,0,0,0,0
2.28,6.37,2.07,707.2,98.5,4.7,0,0,0,0,0
1.49,6.3,1.79,698.5,109.1,3.63,0,0,0,0,0
2.43,5.71,2.71,685.3,96.8,4.17,0,0,0,0,0
1.57,4.68,2.06,700.5,130.0,2.78,0,0,0,0,0
1.15,5.57,2.29,713.1,118.7,5.37,1,0,1,1,1
1.85,5.47,2.31,722.1,103.1,4.22,0,0,1,1,0
4.79,5.09,2.08,704.2,103.6,3.64,0,1,1,1,0
1.15,5.52,1.79,724.7,95.9,4.33,0,0,0,0,0
0.64,5.75,2.78,700.4,82.5,2.09,0,0,0,0,0
2.95,6.27,2.67,701.0,110.3,3.98,0,0,0,0,0
2.01,6.72,2.42,716.6,96.9,4.1,0,0,0,0,0
4.64,7.07,1.99,702.1,90.5,3.86,1,1,0,0,1
8.16,5.73,2.88,719.8,90.7,1.43,1,1,1,1,1
0.79,5.16,2.28,686.8,73.5,3.07,0,0,0,0,0
0.72,7.26,1.56,728.6,91.2,3.12,0,0,0,0,0
2.24,6.56,2.02,721.6,80.7,3.85,0,1,0,0,0
1.92,6.01,2.59,713.9,96.4,2.93,0,0,0,0,0
2.05,8.0,2.82,690.3,90.8,2.81,1,1,0,1,0
0.94,7.18,1.93,689.5,86.0,2.56,0,0,0,0,0
2.2,4.77,2.41,719.7,114.1,4.29,0,0,0,0,0
2.43,5.55,3.21,702.9,94.9,4.12,0,0,0,0,0
1.1,6.91,2.18,697.1,120.2,2.81,0,0,0,0,0
0.11,7.56,3.06,726.6,94.1,3.96,0,0,0,0,0
0.41,6.29,2.47,704.2,90.9,3.22,0,0,0,0,0
1.52,6.99,2.78,700.1,97.8,3.31,0,0,0,0,0
2.78,5.39,2.1,707.2,112.9,3.44,0,1,0,1,0
2.66,4.28,2.57,728.7,93.0,4.56,0,0,0,0,0
2.62,6.87,2.59,707.7,109.3,2.84,0,0,0,0,0
1.79,5.98,2.08,729.1,103.2,1.98,0,1,0,0,0
2.61,6.47,2.79,706.6,90.3,2.08,1,1,1,1,1
2.13,4.33,1.79,721.3,103.2,1.77,0,0,1,0,0
2.54,6.41,2.32,696.3,92.5,2.61,0,0,0,0,0
0.95,5.69,2.92,696.3,85.9,3.96,0,0,0,0,0
2.38,6.95,1.84,707.2,84.3,3.13,1,1,1,1,1
1.77,6.87,2.38,685.7,96.2,3.55,1,0,0,1,0
0.66,5.54,2.38,704.3,84.4,3.41,0,0,0,0,0
4.7,6.53,3.79,722.8,95.6,3.07,0,1,0,0,0
1.23,5.96,2.3,707.4,113.0,3.55,0,0,1,0,0
1.57,5.97,2.24,719.5,81.6,2.34,0,0,0,0,0
3.22,6.72,2.42,707.9,91.0,1.89,0,1,0,0,0
1.66,5.41,2.49,707.0,92.7,3.94,1,1,1,1,1
1.01,6.04,2.77,713.7,122.1,4.06,1,1,1,1,1
1.24,6.36,3.2,710.2,127.3,1.75,0,0,0,0,0
1.16,6.48,3.04,719.0,105.0,2.58,0,0,1,1,0
5.3,6.54,2.36,697.5,94.4,2.75,1,1,1,1,1
4.92,6.24,2.33,739.5,97.9,2.14,0,1,0,0,0
3.31,5.37,2.63,697.5,71.8,1.7,0,0,0,0,0
1.85,5.71,2.19,718.4,90.3,4.0,0,0,0,0,0
1.22,5.44,1.95,726.0,94.8,3.46,0,0,0,0,0
1.26,7.31,1.49,688.6,82.6,4.25,0,0,0,0,0
3.17,4.96,1.36,708.4,64.7,4.56,0,0,0,0,0
2.13,5.59,2.25,721.6,81.3,2.89,0,0,0,0,0
0.9,6.04,2.4,700.8,89.5,2.25,0,0,0,0,0
3.65,4.95,3.26,728.0,95.4,2.71,1,1,1,1,1
2.65,6.18,2.34,694.6,97.6,3.97,0,0,0,0,0
2.67,5.46,2.28,700.2,110.5,2.42,1,1,1,1,1
1.83,4.73,1.92,727.1,96.1,4.09,0,0,1,1,0
1.11,6.66,1.6,708.5,111.8,4.44,0,0,0,0,0
1.79,6.64,2.3,715.0,73.1,4.67,0,0,0,0,0
1.79,6.41,3.43,694.5,110.5,4.01,0,1,1,1,1
1.92,6.17,1.77,724.9,71.4,3.0,0,1,0,1,0
2.09,6.19,1.82,716.2,82.1,3.8,0,0,0,0,0
3.61,6.7,2.35,705.6,83.2,4.01,1,1,1,1,1
1.1,4.51,1.99,722.6,67.1,4.71,1,0,1,0,1
2.55,6.2,2.3,717.5,90.2,4.51,1,1,1,1,1
2.74,6.5,2.29,725.5,120.0,1.25,0,0,0,0,0
2.92,5.97,2.81,714.7,100.5,2.39,0,0,0,0,0
1.31,5.44,2.77,734.0,79.7,3.98,0,1,0,0,0
1.72,5.63,2.13,719.4,86.5,4.65,0,0,0,0,0
6.36,6.4,1.86,709.8,97.8,2.43,0,0,0,0,0
2.19,6.41,2.11,717.1,91.7,3.78,0,0,0,0,0
8.81,6.19,2.64,711.0,87.2,2.42,1,1,1,1,1
2.97,6.44,2.03,725.3,107.3,6.14,1,1,1,1,1
1.01,3.95,2.67,711.9,97.2,2.76,0,0,1,0,0
1.81,6.15,2.88,735.5,85.5,2.76,0,0,0,0,0
0.3,7.5,1.94,709.6,85.8,3.06,0,0,0,0,0
1.34,6.78,2.24,731.3,102.1,2.81,0,1,1,1,0
0.54,5.73,2.63,694.9,88.1,1.9,0,0,1,0,0
4.0,4.65,1.77,711.3,100.6,4.6,0,0,1,0,0
3.09,6.27,3.1,722.1,100.7,3.12,1,0,1,0,0
2.95,5.49,2.03,732.3,85.0,2.69,0,1,1,1,0
1.3,5.8,1.18,698.4,93.0,1.79,1,0,1,1,1
1.45,5.57,3.82,696.4,84.8,2.93,0,1,0,1,0
4.7,6.35,2.73,706.6,104.0,2.47,0,0,0,0,0
6.61,4.54,2.68,713.3,99.9,4.58,0,0,0,0,0
3.34,5.66,2.07,715.4,90.4,3.44,0,0,1,1,0
2.81,5.82,2.93,701.1,87.5,3.72,0,0,0,0,0
1.71,6.26,2.26,719.1,88.1,5.36,1,1,1,1,1
0.94,6.14,2.17,718.5,115.2,2.83,0,0,0,0,0
2.75,7.1,2.76,740.3,88.3,2.44,1,1,1,1,1
0.3,4.53,1.91,697.9,78.5,5.12,0,0,0,0,0
3.41,5.37,3.18,710.2,96.7,2.67,1,0,0,0,1
2.01,5.7,3.12,715.0,91.9,2.98,0,0,0,0,0
3.98,5.48,1.79,674.9,81.2,3.36,0,0,0,0,0
4.96,6.07,2.26,721.5,97.5,1.94,1,1,1,1,1
2.57,6.02,2.51,702.3,101.1,3.61,0,0,0,0,0
6.17,5.69,2.63,713.6,91.2,2.62,0,0,0,0,0
7.35,5.96,3.1,695.9,92.7,2.91,1,1,1,1,1
7.32,5.71,2.43,711.2,101.9,2.65,0,0,1,1,0
0.52,6.64,1.93,727.1,100.9,3.52,1,1,1,1,1
2.65,5.92,2.77,711.7,88.8,2.04,0,1,0,0,0
1.7,4.66,2.57,697.5,83.5,3.85,0,0,0,0,0
1.37,5.19,2.13,703.5,101.8,3.47,0,0,0,0,0
0.76,5.22,2.59,726.3,86.9,2.77,0,0,0,0,0
1.19,6.53,2.69,698.4,111.0,3.71,0,0,0,0,0
1.47,6.77,2.21,712.4,103.9,4.42,0,0,0,0,0
2.21,6.28,2.89,705.5,74.8,1.9,0,0,0,0,0
3.11,3.79,2.87,689.1,104.9,3.02,0,0,1,0,0
1.57,6.07,2.23,704.5,75.1,3.48,1,1,1,1,1
2.58,4.35,3.12,738.7,91.5,1.73,1,0,0,0,0
1.74,5.17,2.07,724.6,98.1,3.59,1,1,1,1,1
2.95,5.56,1.98,687.9,103.2,2.63,0,0,0,0,0
1.01,6.35,2.32,714.1,102.1,3.65,0,0,0,0,0
2.82,4.26,1.62,696.4,115.3,2.02,0,0,0,0,0
2.38,6.35,2.52,713.2,89.4,3.51,0,0,0,0,0
3.94,4.5,2.83,719.4,109.0,3.47,0,0,0,0,0
2.42,5.29,2.21,718.8,106.6,4.52,0,0,1,1,0
1.42,5.81,3.22,683.7,94.4,3.12,0,0,0,0,0
3.24,4.31,2.02,703.5,117.1,2.4,0,0,0,0,0
1.9,5.22,1.42,701.1,74.2,2.36,0,0,0,0,0
1.63,5.76,2.77,691.6,86.6,2.77,0,0,0,0,0
2.85,5.93,1.86,692.0,85.0,3.0,0,0,1,0,0
1.0,5.46,2.1,707.2,93.0,2.23,0,0,0,0,0
0.55,5.11,2.48,697.0,64.0,2.01,0,0,0,0,0
0.79,5.64,3.41,691.0,82.5,3.66,0,0,0,0,0
1.18,5.27,2.35,711.8,90.4,3.76,0,0,0,0,0
1.17,5.58,1.97,696.9,89.3,2.09,0,0,0,0,0
1.05,7.43,1.62,683.3,77.3,4.01,0,0,0,0,0
0.45,7.73,1.42,718.1,93.3,3.76,1,1,1,1,1
1.08,6.34,2.68,709.9,91.7,1.64,0,0,0,0,0
0.43,6.62,2.67,709.6,108.4,2.76,0,0,0,0,0
2.59,6.04,1.84,744.7,93.1,4.03,0,0,0,0,0
0.55,5.82,2.35,701.5,73.5,3.76,0,0,0,0,0
2.67,6.07,2.52,710.7,112.4,1.41,0,0,0,0,0
4.34,5.19,2.09,711.9,92.7,1.94,0,0,0,0,0
1.15,5.74,1.8,702.4,109.7,2.0,1,1,1,1,1
1.94,6.95,1.24,708.8,97.6,4.03,0,0,0,0,0
6.27,6.25,2.37,711.3,83.0,3.74,1,1,1,1,1
1.39,6.74,2.29,715.0,108.8,1.0,0,0,0,0,0
4.82,6.0,2.78,682.8,86.7,2.44,1,0,0,0,0
1.07,5.54,1.68,714.4,101.7,3.48,0,0,0,0,0
3.5,5.94,2.3,723.1,84.4,4.67,0,0,1,1,0
1.37,5.34,2.68,717.5,87.1,3.28,1,1,1,1,1
2.8,4.93,1.82,712.7,96.9,4.38,0,0,0,0,0
0.62,5.48,3.1,700.8,77.0,1.11,0,0,0,0,0
1.86,6.69,2.5,717.5,91.1,3.31,0,0,0,0,0
2.01,5.05,2.12,686.5,70.9,1.46,0,1,0,0,0
3.63,5.93,1.82,700.7,84.8,4.65,0,0,0,0,0
2.98,4.7,1.87,725.6,99.3,3.09,0,0,0,0,0
5.13,4.83,2.89,732.7,89.0,4.24,1,1,1,1,1
3.98,3.64,2.44,710.4,82.4,1.75,0,0,0,0,0
2.78,5.97,2.55,715.7,98.1,4.14,0,0,1,1,0
1.25,5.55,1.39,712.7,99.2,3.04,0,0,0,0,0
1.96,5.61,2.03,731.9,94.3,3.02,0,0,0,0,0
2.68,7.11,2.52,749.5,99.3,2.95,0,0,1,0,0
0.11,7.34,2.49,731.1,83.5,3.59,0,0,0,0,0
0.33,6.99,2.2,692.8,106.9,3.17,1,1,1,1,1
1.16,4.94,1.96,706.2,84.8,2.6,0,0,0,0,0
0.2,5.87,1.75,709.8,85.1,2.32,0,0,0,0,0
2.05,4.2,1.52,733.7,82.8,2.45,1,1,1,1,1
3.64,5.5,3.03,694.1,82.5,4.74,0,0,0,0,0
0.45,6.89,3.05,678.3,102.0,3.04,0,0,0,0,0
0.13,6.17,2.11,705.8,86.4,3.47,0,0,0,0,0
2.46,6.37,2.17,730.0,86.0,4.36,0,1,0,0,0
2.16,5.37,1.38,702.9,92.3,2.01,0,0,0,0,0
1.86,5.27,2.72,706.4,76.0,2.18,0,0,0,0,0
3.39,5.89,2.81,691.8,88.0,3.62,0,0,0,0,0
1.36,5.22,2.47,714.7,110.7,3.31,0,0,1,0,0
1.38,7.21,2.26,722.0,93.2,3.82,0,0,0,0,0
0.79,4.73,2.61,681.3,88.6,2.8,0,0,0,0,0
1.87,6.33,2.3,721.3,82.3,3.14,1,0,1,1,1
4.92,5.63,2.71,719.5,99.3,2.16,1,1,1,1,1
2.88,6.68,3.01,710.3,123.1,3.38,0,0,0,0,0
4.95,6.33,3.22,687.5,83.4,3.71,0,0,1,1,0
2.14,6.61,2.2,698.8,88.1,4.6,0,0,0,0,0
1.41,5.45,2.4,683.2,84.8,3.11,0,0,0,0,0
1.57,6.11,1.78,693.0,94.1,2.45,0,0,0,0,0
1.74,6.02,2.8,727.5,123.8,2.69,0,0,0,0,0
3.75,6.27,2.56,705.5,88.3,3.15,0,0,0,0,0
0.42,5.85,2.83,693.5,112.1,4.49,0,0,0,0,0
1.36,6.18,1.96,735.3,99.8,4.18,1,0,0,0,0
3.11,5.6,2.72,722.7,91.3,3.05,1,1,1,1,1
4.52,7.39,2.36,681.2,106.2,4.11,1,1,1,1,1
0.69,6.32,2.15,685.4,90.2,2.12,0,0,0,0,0
5.65,5.44,2.2,711.6,130.0,1.88,1,0,1,1,1
2.93,4.55,1.83,703.2,93.6,3.63,0,0,0,0,0
3.54,6.34,1.9,734.1,107.6,4.22,0,1,0,1,0
0.14,5.53,2.72,705.9,82.1,3.37,0,0,0,0,0
0.67,7.15,2.32,715.8,95.3,2.87,0,0,0,0,0
4.31,6.99,1.58,726.9,68.8,3.33,0,0,0,0,0
4.32,7.18,1.71,701.1,109.0,2.14,0,0,0,0,0
1.37,5.38,2.51,709.1,112.8,2.95,0,0,0,0,0
0.28,5.12,2.53,722.2,81.5,4.07,0,0,0,0,0
3.21,5.3,2.84,733.8,95.6,1.16,0,0,1,0,0
1.2,5.65,3.31,670.5,97.1,1.38,0,0,0,0,0
0.95,6.5,2.46,707.9,98.1,3.06,0,0,1,0,0
2.35,7.67,3.14,703.1,95.5,2.71,0,0,0,0,0
0.3,5.72,2.61,716.3,110.2,4.59,0,0,0,0,0
4.09,6.64,1.1,730.0,85.9,3.66,1,0,1,1,1
3.04,6.52,2.03,730.7,93.9,2.21,0,0,1,1,0
1.62,5.67,2.65,702.8,85.2,2.71,0,0,0,0,0
1.32,6.21,2.03,741.8,86.9,2.75,1,0,0,0,0
3.95,6.64,1.63,715.1,103.8,3.46,0,0,0,0,0
3.4,6.2,1.0,691.5,80.2,3.65,0,0,0,0,0
2.42,5.68,3.24,739.0,115.0,5.45,0,0,0,0,0
2.74,5.76,1.46,727.4,114.1,3.43,1,0,0,0,0
1.23,7.19,2.92,715.7,100.2,3.77,0,0,0,0,0
3.34,5.87,2.37,701.1,90.5,2.92,0,0,0,0,0
5.66,6.48,2.61,732.0,95.2,3.66,0,0,0,0,0
2.42,7.17,2.91,697.1,94.1,3.49,0,0,0,0,0
0.51,5.96,2.42,714.5,116.4,2.25,0,0,1,1,0
5.54,5.28,3.29,706.1,108.5,2.21,0,0,1,0,0
1.9,6.08,2.62,727.2,98.9,1.14,0,0,0,0,0
1.98,6.97,1.57,727.5,109.9,2.69,0,0,0,0,0
2.71,4.88,2.97,707.9,109.7,1.82,0,0,0,0,0
0.48,7.43,2.17,706.8,104.7,3.7,0,0,0,0,0
0.58,5.21,1.97,698.5,118.8,4.69,0,0,0,0,0
0.83,5.32,2.7,718.3,92.6,4.59,1,1,1,1,1
0.93,8.02,2.49,699.3,98.7,2.78,0,0,0,0,0
4.66,7.1,2.62,706.4,97.7,2.06,0,0,0,0,0
1.28,6.71,2.48,738.2,109.2,3.39,0,0,0,0,0
4.86,5.4,2.24,677.6,102.4,5.17,0,0,0,0,0
3.39,5.11,2.24,747.8,101.5,4.07,1,1,1,1,1
0.85,6.07,3.46,689.1,91.1,2.88,0,1,0,1,0
3.35,5.93,2.71,721.3,90.9,5.06,0,1,1,1,0
2.22,6.66,2.55,686.9,100.8,4.92,0,0,1,1,0
0.23,6.17,2.17,734.3,95.3,1.18,0,1,1,1,0
1.61,6.34,2.05,722.6,92.2,3.46,1,0,0,1,0
5.12,5.34,1.63,690.4,83.9,2.81,0,0,0,0,0
2.85,6.59,2.81,717.2,96.8,2.88,0,0,1,0,0
0.52,4.98,2.35,728.9,98.0,3.51,0,0,0,0,0
1.79,6.02,2.1,707.0,113.6,3.18,0,0,0,0,0
2.72,6.7,2.75,713.6,84.6,3.54,1,1,0,1,0
0.57,5.76,2.73,706.1,97.9,4.11,0,0,0,0,0
5.14,6.2,2.68,714.1,92.6,3.85,0,0,1,1,0
2.48,5.9,2.1,722.0,89.5,3.74,0,0,1,0,0
1.89,6.03,2.32,701.4,101.5,2.7,0,0,0,0,0
4.14,5.73,2.3,703.8,100.9,3.25,0,0,0,0,0
0.37,6.1,2.81,728.2,98.8,2.79,0,0,0,0,0
1.43,6.39,1.99,709.9,93.6,2.54,0,0,1,1,0
1.7,5.76,2.76,700.7,107.0,3.38,0,0,0,0,0
2.07,5.98,2.17,711.6,87.8,3.37,0,0,0,0,0
0.75,5.56,1.29,745.0,92.4,3.03,0,0,0,0,0
5.24,4.37,3.15,742.8,92.7,3.4,1,0,1,1,1
1.21,6.08,1.89,691.4,102.1,3.22,0,0,0,0,0
4.45,6.84,1.95,715.0,87.1,2.39,1,0,1,0,0
0.75,6.63,2.22,716.7,91.6,3.35,1,1,1,1,1
1.57,6.24,1.96,708.5,102.6,2.41,1,0,0,0,0
0.42,7.65,2.77,716.6,91.2,4.52,0,0,0,0,0
3.27,6.9,3.45,736.2,94.6,3.23,0,1,1,0,0
1.71,6.42,3.11,702.9,93.8,1.12,0,0,0,0,0
5.37,7.3,2.1,714.3,94.8,3.06,1,0,1,1,1
0.62,4.92,2.25,667.0,96.9,2.24,0,0,0,0,0
1.72,6.29,2.97,732.2,99.1,2.84,0,0,0,0,0
1.77,6.23,2.25,723.5,79.2,4.66,0,0,1,0,0
1.14,4.8,2.03,708.6,102.7,3.06,0,0,0,0,0
4.81,5.25,1.8,709.4,84.3,4.44,1,0,1,1,1
2.73,5.91,1.71,704.9,93.1,3.85,0,0,0,0,0
1.88,6.65,1.14,729.4,94.7,3.47,0,0,0,0,0
1.63,6.21,2.87,698.5,92.5,3.0,0,0,0,0,0
2.24,6.66,2.69,717.2,90.8,1.55,0,0,1,1,0
1.74,5.22,2.18,725.6,115.2,2.82,0,0,0,0,0
3.53,5.09,2.02,706.7,78.3,3.42,0,0,0,0,0
2.44,6.87,2.56,709.0,92.0,2.83,0,0,0,0,0
1.27,5.34,2.38,732.3,105.2,2.6,1,0,0,1,0
3.68,5.54,2.1,710.9,103.8,3.29,0,0,0,0,0
1.04,5.88,2.31,706.3,94.9,2.92,0,0,0,0,0
1.27,6.76,2.42,689.4,89.7,2.85,1,1,1,1,1
1.54,6.01,2.05,700.0,99.3,2.95,0,0,0,0,0
4.95,5.08,2.87,706.6,108.7,2.4,1,1,1,1,1
1.27,6.75,2.4,711.2,86.0,4.99,0,0,0,0,0
1.62,5.3,2.52,712.4,87.9,3.52,0,0,0,0,0
2.88,5.68,1.98,679.4,99.5,2.15,0,0,0,0,0
2.27,6.26,2.34,723.3,94.9,4.17,1,1,0,1,1
2.34,7.16,2.46,686.8,93.2,3.87,0,0,0,0,0
1.34,5.63,2.67,703.3,103.2,4.0,0,0,0,0,0
1.27,6.06,1.48,715.2,110.9,4.18,0,0,1,0,0
1.73,5.22,2.87,731.2,87.0,3.82,0,0,0,0,0
0.21,6.47,2.36,724.2,105.9,3.61,0,1,0,0,0
1.36,5.72,2.93,708.9,104.5,4.97,1,1,1,1,1
1.63,7.25,2.67,674.1,107.4,3.83,0,0,0,0,0
3.26,5.43,2.85,704.7,102.9,1.41,0,0,0,0,0
1.79,6.78,2.79,721.9,89.6,2.59,0,0,0,0,0
2.09,6.22,2.43,696.6,105.4,3.19,1,0,0,0,0
0.38,5.99,2.33,709.5,99.1,1.72,0,0,0,0,0
0.47,5.99,2.19,682.8,97.8,3.29,0,0,0,0,0
5.73,7.83,2.46,706.8,98.1,3.54,1,1,1,1,1
4.17,7.08,1.93,701.4,90.7,1.77,0,0,0,0,0
1.23,5.15,2.36,702.3,91.2,2.44,0,0,0,0,0
0.5,6.13,1.43,689.5,91.4,1.25,0,0,0,0,0
1.01,5.84,2.16,720.1,104.5,3.21,0,0,0,0,0
0.62,6.18,2.03,661.3,95.5,4.9,0,0,0,0,0
1.3,5.79,2.37,716.8,91.2,2.7,1,1,1,1,1
1.61,5.97,2.68,724.7,93.7,2.83,0,0,0,0,0
2.29,7.14,2.23,706.1,96.3,3.17,0,0,0,0,0
2.13,5.45,2.33,738.0,95.4,2.91,1,1,1,1,1
3.13,5.18,2.95,714.8,103.2,3.51,0,0,0,0,0
0.33,5.11,2.18,698.5,74.1,3.53,0,0,0,0,0
1.36,5.82,1.4,728.7,87.5,2.43,0,0,0,0,0
1.84,5.44,2.06,723.8,83.8,1.73,0,0,0,0,0
4.24,6.61,3.13,715.3,105.7,3.38,0,0,0,0,0
2.57,4.9,1.82,712.9,98.9,3.99,0,0,0,0,0
3.32,6.88,2.08,717.4,105.0,3.33,0,0,0,0,0
2.71,6.76,2.62,711.4,103.6,2.4,0,0,0,0,0
0.38,6.73,2.53,735.0,113.6,3.19,0,0,0,0,0
1.69,6.8,2.05,706.5,88.9,3.23,0,0,0,0,0
2.33,5.2,1.73,701.7,95.6,3.82,0,0,0,0,0
0.4,6.99,2.63,735.8,70.2,2.44,0,0,0,0,0
1.65,6.51,2.22,690.1,111.1,3.62,0,0,0,0,0
1.77,4.88,2.31,723.7,88.8,4.16,1,1,1,1,1
7.83,6.72,1.7,700.9,115.1,4.35,0,0,1,0,0
3.72,5.78,2.53,696.1,104.5,4.04,1,1,1,1,1
0.52,6.28,2.34,701.8,85.4,2.84,0,0,0,0,0
1.71,6.91,2.2,710.4,92.0,2.28,0,0,0,0,0
3.3,7.12,2.74,747.5,90.9,1.73,1,1,1,1,1
0.83,5.69,2.54,720.0,109.7,1.35,0,0,0,0,0
5.17,4.31,1.95,676.5,97.3,2.79,1,1,1,1,1
2.0,5.61,2.88,680.1,93.6,2.76,0,1,0,1,0
2.87,5.34,2.44,744.1,76.2,3.1,0,0,0,0,0
0.83,5.13,2.74,726.8,89.1,3.08,0,0,0,0,0
2.14,4.96,2.26,737.2,89.7,3.52,0,1,0,0,0
0.86,5.65,2.79,697.2,100.5,2.63,0,0,0,0,0
0.6,7.11,1.63,718.2,95.4,3.29,0,0,0,0,0
1.27,7.27,1.65,706.7,111.0,2.88,1,1,1,1,1
5.04,6.35,2.67,705.7,92.5,4.93,1,1,0,1,1
3.72,6.2,3.2,724.2,82.7,2.59,0,0,0,0,0
0.27,8.45,3.15,731.8,87.7,3.28,0,0,1,0,0
0.28,6.63,2.57,730.7,91.7,3.5,1,1,1,1,1
4.75,6.7,2.21,724.8,98.4,4.07,1,1,0,0,1
3.02,5.06,2.59,712.7,85.5,4.07,1,1,1,1,1
0.5,6.15,2.66,721.8,87.1,3.19,0,1,0,0,0
2.92,7.91,2.45,738.1,94.2,2.08,0,0,0,0,0
2.2,6.04,3.18,707.0,102.9,2.75,0,1,0,0,0
2.17,6.94,2.12,719.5,100.9,1.0,0,0,1,0,0
3.34,6.18,2.27,725.9,119.0,3.65,1,0,0,1,0
3.19,5.43,2.2,729.6,95.6,3.05,0,0,1,0,0
3.02,5.46,2.05,702.0,108.6,3.48,0,0,0,0,0
3.43,5.95,1.97,713.8,101.7,1.75,0,0,0,0,0
0.28,5.36,1.22,737.6,79.2,3.76,0,0,0,0,0
6.72,5.25,1.99,689.5,94.6,2.61,1,1,1,1,1
0.37,5.0,2.66,702.4,84.3,2.99,0,0,0,0,0
0.78,5.12,3.03,738.5,99.2,1.88,0,0,1,1,0
0.72,7.95,1.45,714.2,102.7,3.74,0,0,0,0,0
5.85,5.68,1.91,710.9,79.9,4.32,1,1,0,0,1
3.83,5.48,1.98,714.2,81.1,2.38,1,1,1,1,1
1.44,5.61,2.77,708.0,92.4,5.33,1,0,1,1,1
1.55,4.94,2.09,716.4,101.7,2.36,0,0,0,0,0
0.45,6.38,2.82,708.9,77.7,3.1,0,1,0,0,0
3.5,3.81,2.4,690.4,91.0,3.04,0,0,0,0,0
4.72,6.23,2.01,704.5,76.3,3.12,0,0,0,0,0
3.07,6.18,2.48,699.4,105.5,2.46,0,0,0,0,0
0.34,7.15,2.66,711.5,94.3,1.79,0,0,0,0,0
1.94,5.12,2.14,704.7,86.9,3.7,0,0,1,0,0
2.81,5.02,2.22,695.1,75.5,3.54,0,0,0,0,0
2.45,5.32,2.6,714.5,87.9,2.66,0,0,0,0,0
1.37,7.47,1.96,709.6,99.4,2.45,0,0,0,0,0
1.49,5.09,3.29,725.4,82.7,4.08,0,0,1,1,0
1.74,6.55,2.94,706.1,74.4,2.25,0,0,0,0,0
1.89,6.26,2.9,700.9,89.8,3.3,0,0,0,0,0
3.01,7.13,2.42,697.8,85.2,3.89,0,0,0,0,0
2.75,4.99,1.98,720.5,123.3,2.63,0,0,0,0,0
5.25,6.07,1.95,678.8,114.0,2.87,1,1,0,1,1
3.12,5.96,3.29,727.6,113.5,2.74,0,0,1,1,0
1.28,7.15,2.01,704.7,78.0,3.75,0,0,0,0,0
4.57,6.84,1.61,697.8,78.4,3.38,0,0,0,0,0
2.39,6.09,2.43,707.2,102.2,4.47,0,0,0,0,0
2.03,7.1,1.7,715.5,100.6,5.26,0,0,0,0,0
2.78,5.62,2.31,734.4,92.9,3.02,0,1,1,0,0
0.96,4.98,2.39,723.8,102.6,3.63,0,0,0,0,0
2.37,4.6,1.89,706.0,90.6,3.7,1,1,1,1,1
1.01,7.27,3.16,726.0,103.1,3.08,0,0,0,0,0
1.99,6.23,1.88,695.2,88.7,2.77,0,0,0,0,0
3.77,6.27,2.58,708.1,97.1,4.01,1,1,1,1,1
1.74,5.76,2.58,723.0,91.8,2.37,0,0,0,0,0
0.49,7.3,3.12,688.2,116.7,4.85,0,0,0,0,0
3.32,6.37,2.95,708.1,74.2,2.8,0,1,0,0,0
2.85,6.01,1.98,722.0,104.1,3.79,0,0,1,0,0
2.7,6.3,2.34,701.2,85.0,2.97,0,0,0,0,0
0.61,5.88,3.21,712.4,92.2,2.89,0,0,0,0,0
3.25,6.94,2.44,707.6,86.9,3.04,0,0,0,0,0
0.71,7.2,1.87,713.5,107.0,2.86,0,0,0,0,0
1.11,5.37,1.71,713.2,118.4,3.23,0,0,0,0,0
2.8,5.58,3.2,679.6,85.3,3.1,0,0,0,0,0
1.56,6.21,1.69,695.6,115.8,3.81,0,0,0,0,0
0.52,6.44,3.02,737.5,93.3,3.79,0,0,0,0,0
2.32,5.25,2.21,689.8,104.3,5.27,0,0,0,0,0
0.8,5.98,1.85,729.3,90.1,2.38,0,0,0,0,0
3.33,4.68,1.94,700.7,103.0,2.99,0,1,1,1,1
3.58,6.71,3.27,713.4,109.7,2.89,0,0,0,0,0
1.52,5.34,3.06,737.4,78.3,2.58,0,0,0,0,0
1.89,5.71,2.24,711.9,80.5,3.84,0,1,0,0,0
2.35,4.94,2.84,722.2,100.8,3.16,0,0,0,0,0
1.51,6.86,2.48,718.0,89.6,5.54,0,0,0,0,0
2.08,5.27,3.33,689.1,99.4,3.61,0,0,0,0,0
0.78,4.95,2.82,691.5,90.3,4.27,0,0,0,0,0
1.34,7.5,3.38,710.4,92.2,4.46,0,0,0,0,0
2.96,6.73,3.37,712.7,94.1,3.88,0,0,0,0,0
2.91,5.37,3.11,694.4,74.4,2.28,0,0,0,0,0
1.79,4.77,2.07,712.5,100.8,3.23,0,0,0,0,0
7.23,5.54,3.2,727.6,100.6,3.81,1,1,1,1,1
2.09,6.28,2.99,695.2,100.5,3.25,0,0,0,0,0
0.84,6.1,2.6,693.2,98.8,2.43,0,0,0,0,0
2.11,6.01,2.64,702.1,105.6,2.81,0,0,0,0,0
1.63,6.13,2.15,726.7,68.4,2.47,1,1,1,1,1
3.47,5.61,2.35,714.1,119.3,3.88,0,0,0,0,0
0.26,5.95,2.8,729.9,72.4,3.79,0,0,1,1,0
0.52,6.6,3.54,709.2,80.0,3.69,0,0,0,0,0
9.31,4.39,2.57,698.5,96.0,4.64,1,1,1,1,1
3.4,6.77,1.59,735.0,93.3,1.46,0,1,0,1,0
2.24,6.34,2.63,722.3,94.8,2.87,1,1,1,1,1
2.61,6.08,2.89,714.8,100.5,2.93,0,0,0,0,0
2.16,5.82,2.93,682.4,84.0,3.52,0,0,0,0,0
3.04,6.21,2.19,703.0,87.7,4.22,0,1,0,0,0
0.33,6.93,2.7,712.7,127.1,2.26,0,0,0,0,0
5.24,5.95,1.54,703.3,97.8,3.26,1,1,1,1,1
2.77,5.03,2.23,724.8,95.5,2.79,0,0,0,0,0
1.15,6.03,1.93,714.2,93.3,4.3,0,0,0,0,0
2.72,7.17,2.84,714.2,86.5,2.95,0,1,0,0,0
1.4,6.73,2.04,721.2,101.1,2.55,0,0,0,0,0
1.05,4.84,2.01,717.3,100.6,2.67,0,0,0,0,0
3.56,7.36,1.66,687.9,78.5,3.25,0,0,0,0,0
1.16,5.48,2.34,739.8,125.8,3.03,1,1,1,1,1
3.41,6.42,2.64,732.4,95.0,3.37,0,0,0,0,0
0.07,6.21,2.32,691.2,74.5,2.46,0,0,0,0,0
3.18,6.07,2.16,711.0,90.5,3.51,0,0,0,0,0
2.77,6.81,2.72,720.6,90.1,3.23,0,0,0,0,0
3.77,5.8,2.04,724.8,83.8,3.06,1,0,1,1,1
1.78,6.61,2.55,696.0,95.0,4.75,0,0,0,0,0
2.17,4.9,2.72,703.2,85.0,2.54,0,0,0,0,0
1.75,5.51,3.05,697.6,100.5,3.95,0,0,1,1,0
1.47,6.75,2.27,732.6,85.2,2.94,0,0,0,0,0
3.37,5.8,2.17,713.4,108.2,2.16,0,0,0,0,0
3.17,5.92,2.45,712.1,94.2,3.67,0,0,0,0,0
2.86,5.85,1.72,702.1,87.6,4.92,0,0,0,0,0
1.06,8.08,2.52,716.8,89.7,3.17,0,0,0,0,0
2.51,5.61,3.4,699.0,93.6,2.35,1,0,0,0,0
0.13,6.8,2.66,703.1,109.1,1.47,0,0,0,0,0
3.98,7.4,3.29,719.7,93.5,3.06,1,1,0,0,1
2.34,5.51,2.08,692.8,102.2,2.91,0,0,0,0,0
0.81,6.33,2.52,700.3,99.4,1.8,1,0,0,0,0
1.64,5.27,2.47,718.5,96.2,3.04,0,0,0,0,0
2.62,5.34,2.19,718.6,116.5,2.71,0,0,0,0,0
1.13,5.98,2.52,700.2,101.0,1.04,0,0,0,0,0
4.24,5.35,2.42,722.0,85.5,3.54,0,0,0,0,0
2.46,5.51,2.39,723.2,107.8,3.77,1,0,0,0,0
2.52,6.06,2.37,725.6,105.5,2.99,0,0,0,0,0
3.68,6.04,3.26,696.5,104.4,3.16,0,1,0,1,0
0.53,7.37,2.47,685.1,120.8,1.79,0,0,0,0,0
3.92,5.27,1.95,703.0,94.7,3.66,0,0,1,0,0
2.18,5.09,2.11,706.2,91.4,3.77,0,0,0,0,0
0.55,5.26,3.07,721.9,90.3,3.52,0,0,0,0,0
3.83,5.76,2.03,734.9,82.8,2.84,1,0,1,0,1
2.22,6.1,3.07,685.5,87.8,6.08,0,0,0,0,0
5.63,6.26,2.51,718.9,93.8,2.99,1,1,1,1,0
4.24,6.47,3.14,703.5,122.1,2.69,0,0,0,0,0
0.9,7.05,2.51,719.0,96.5,1.84,0,0,0,0,0
3.97,5.7,1.76,713.1,104.4,2.97,1,1,1,1,1
4.65,5.39,1.86,691.3,97.4,3.74,0,0,0,0,0
1.8,5.33,1.7,714.1,89.8,3.73,0,0,0,0,0
3.65,6.58,2.25,720.0,86.2,2.15,1,1,1,1,1
2.3,4.78,1.93,681.3,108.2,3.77,0,0,0,0,0
5.47,6.25,2.16,703.0,110.8,2.69,0,0,0,0,0
2.46,7.12,2.85,702.9,94.0,3.64,0,1,0,0,0
5.62,5.81,2.62,720.3,80.6,2.41,0,0,1,0,0
2.39,4.97,2.67,708.0,104.0,4.11,0,1,0,0,0
0.65,4.59,2.36,699.8,95.7,2.56,0,0,0,0,0
1.73,6.07,2.36,701.5,87.2,3.2,0,0,1,0,0
3.16,6.94,3.87,691.7,99.3,1.98,1,1,1,1,1
1.0,6.55,2.53,694.9,111.5,2.19,0,0,0,0,0
0.35,4.68,2.07,720.4,95.7,4.78,0,0,0,0,0
2.9,6.01,3.3,698.1,110.9,2.68,0,0,0,0,0
1.69,5.31,1.82,696.9,89.4,2.22,0,0,0,0,0
1.57,6.47,2.42,716.3,85.2,1.97,0,0,0,0,0
1.6,5.42,2.78,729.8,91.0,3.37,0,0,1,0,0
0.58,6.41,1.6,718.9,84.8,3.29,0,0,1,1,0
0.61,6.66,2.76,718.8,95.5,4.26,0,0,0,0,0
3.26,6.11,3.19,702.5,70.0,3.26,0,0,0,0,0
1.03,5.67,2.27,712.3,60.0,2.75,1,0,1,1,0
3.43,7.78,3.23,680.0,99.3,3.31,0,0,0,0,0
0.56,5.37,2.41,691.9,107.6,5.41,0,0,0,0,0
2.57,5.78,2.53,691.3,80.7,3.6,0,0,0,0,0
1.52,5.27,2.83,698.8,108.2,3.5,0,0,0,0,0
0.84,5.7,1.39,721.6,79.2,3.21,0,0,1,1,0
1.92,5.61,2.13,700.6,91.6,2.25,0,0,0,0,0
1.26,6.33,1.68,708.2,85.7,3.56,0,0,1,1,0
3.27,6.15,2.33,710.8,76.7,3.84,0,0,0,0,0
0.47,5.62,1.51,733.2,106.3,3.67,0,0,0,0,0
0.1,8.08,2.61,706.9,90.9,2.59,0,0,0,0,0
0.94,5.75,2.34,713.5,103.9,2.86,0,0,0,0,0
6.53,5.6,1.63,724.5,102.4,4.5,1,0,0,1,1
1.44,6.51,2.11,697.5,92.9,2.09,0,0,0,0,0
3.04,7.66,2.54,724.3,103.3,4.28,0,0,0,0,0
0.64,4.7,1.84,681.4,94.7,2.3,0,0,0,0,0
2.43,5.61,2.57,727.0,84.4,2.27,0,0,1,0,0
1.09,6.38,2.16,684.8,122.0,4.84,0,0,0,0,0
4.01,6.54,1.81,714.4,81.6,3.5,1,0,0,0,1
1.09,6.09,1.23,704.0,84.4,2.13,0,0,1,0,0
5.25,5.05,3.02,702.1,96.0,2.53,0,0,0,0,0
1.39,6.31,1.36,724.8,93.8,3.91,1,1,1,1,1
1.0,5.4,2.34,724.7,83.2,3.69,0,0,0,0,0
0.69,4.82,2.73,690.2,94.7,2.84,1,1,1,1,1
2.85,6.54,2.34,706.7,107.0,3.88,0,0,0,0,0
2.58,6.91,1.32,718.1,93.6,3.65,0,0,0,0,0
2.04,7.08,2.68,719.0,109.0,3.78,0,0,0,0,0
2.06,7.34,2.14,719.3,105.1,3.16,1,1,1,1,1
4.17,6.0,2.83,725.0,95.5,3.52,0,0,0,0,0
0.85,5.89,1.29,717.3,102.5,2.02,0,0,1,1,0
3.27,5.59,2.37,699.8,110.3,3.11,0,0,1,1,0
4.11,5.68,2.03,680.3,94.3,3.69,0,0,0,0,0
1.37,4.71,1.94,697.2,107.7,2.65,1,1,1,1,1
4.99,5.3,2.72,717.5,93.2,3.39,1,0,0,0,0
1.74,4.98,2.2,724.1,91.5,3.48,1,0,0,0,0
2.03,4.52,2.33,704.2,98.7,2.82,1,1,1,1,1
5.09,6.62,2.9,712.2,95.8,3.84,1,1,1,1,1
1.1,5.84,2.61,718.7,90.1,3.21,0,0,0,0,0
2.63,4.41,2.41,697.4,103.9,2.99,0,0,0,0,0
2.13,5.82,2.54,716.0,115.4,2.62,0,1,0,1,0
2.74,5.67,2.2,717.4,99.5,2.92,0,0,0,0,0
2.48,5.51,1.62,692.0,107.3,4.35,0,0,0,0,0
1.18,6.07,2.58,715.0,99.6,2.0,0,0,0,0,0
3.8,5.44,2.03,705.1,94.5,2.67,0,0,0,0,0
0.73,6.26,2.45,709.9,81.2,3.18,1,1,1,1,1
1.37,4.9,2.31,692.5,105.1,2.61,0,0,0,0,0
4.13,7.02,2.11,703.4,94.8,1.0,0,0,0,0,0
1.6,6.78,2.24,675.2,89.4,3.27,0,0,0,0,0
1.54,5.26,2.16,707.2,87.9,3.45,0,0,0,0,0
1.11,6.12,2.91,725.2,100.6,3.85,1,1,1,1,1
3.24,6.59,3.15,679.9,91.6,4.16,0,0,1,1,0
2.38,6.63,2.96,704.9,102.1,1.95,0,0,0,0,0
0.76,6.37,2.19,680.7,81.2,3.31,0,0,0,0,0
1.78,4.5,2.64,720.6,83.3,2.54,1,1,1,1,1
5.02,6.21,2.63,698.0,103.9,3.17,0,0,0,0,0
2.93,5.58,2.52,730.4,96.3,4.08,1,0,0,1,0
4.32,6.14,2.48,693.3,101.5,2.72,0,0,0,0,0
2.18,6.37,1.53,701.1,90.5,5.43,0,0,0,0,0
2.23,5.96,2.64,724.0,83.2,3.33,1,1,1,1,1
4.32,6.76,3.12,718.6,99.2,4.22,0,0,1,1,0
3.22,6.48,1.74,708.7,79.6,1.78,0,0,0,0,0
2.4,6.44,2.45,694.3,79.3,2.1,0,0,0,0,0
8.44,5.44,2.93,703.9,97.6,3.59,0,1,1,1,0
2.3,5.4,2.56,702.0,93.3,3.73,0,0,0,0,0
2.73,4.82,3.32,715.4,103.9,3.5,1,1,1,1,1
4.44,7.27,2.16,699.1,75.0,2.49,1,1,1,1,1
1.74,4.56,2.97,721.7,82.8,3.44,1,1,1,1,0
0.86,4.88,2.09,720.7,81.5,3.26,0,0,0,0,0
2.4,6.93,2.65,708.6,87.0,3.22,1,1,1,1,1
2.95,6.14,2.63,700.0,96.5,2.72,0,0,0,0,0
0.81,7.37,1.87,708.0,79.4,3.58,0,0,0,0,0
2.23,7.42,2.43,721.8,99.6,3.31,0,0,1,0,0
1.23,5.57,3.01,683.6,95.8,3.28,0,0,0,0,0
3.72,6.61,2.71,702.6,85.4,3.52,0,0,0,0,0
3.96,6.71,2.58,743.3,91.2,2.26,0,0,1,0,0
2.67,5.26,1.49,710.7,78.5,3.15,0,0,0,0,0
1.19,4.98,2.44,716.5,97.8,3.63,0,0,0,0,0
0.71,6.27,2.72,709.6,95.2,3.13,0,0,0,0,0
0.96,5.78,2.64,704.2,97.2,4.42,0,0,0,0,0
2.4,5.37,2.05,699.9,60.1,3.32,0,0,0,0,0
0.63,5.92,2.52,717.1,95.8,2.23,0,0,0,0,0
1.68,7.16,1.59,693.9,96.4,4.09,0,0,0,0,0
1.19,5.07,1.59,708.4,81.7,1.33,0,0,0,0,0
3.19,5.34,1.49,697.5,96.1,3.44,0,1,0,0,0
0.27,5.28,2.84,701.4,95.9,4.42,0,0,0,0,0
2.9,7.74,2.05,706.9,95.1,1.67,0,0,0,0,0
2.83,6.48,2.77,723.1,102.3,2.06,0,0,0,0,0
1.26,5.88,3.46,719.2,101.1,4.25,0,0,0,0,0
5.31,6.33,2.16,713.5,109.9,4.45,0,0,0,0,0
2.93,6.25,2.36,698.2,75.7,4.11,0,0,0,0,0
3.14,6.62,3.11,708.0,90.9,2.29,0,0,0,0,0
2.14,6.29,1.77,712.3,76.8,2.81,0,0,0,0,0
0.94,6.29,1.8,729.3,103.7,2.74,1,1,1,1,1
1.43,7.02,3.08,725.8,90.5,3.39,0,0,0,0,0
1.7,5.14,2.52,737.3,123.2,2.91,1,1,1,1,1
2.42,4.69,2.51,710.8,83.3,3.18,0,0,0,0,0
0.76,6.34,2.46,722.3,86.7,1.45,1,1,1,1,1
4.54,6.23,2.25,714.2,69.8,3.27,0,0,1,1,0
2.33,6.73,1.9,694.9,108.5,3.59,0,0,1,0,0
2.58,6.24,2.38,705.5,80.2,2.68,0,0,1,0,0
0.59,6.63,2.0,703.5,79.1,2.41,0,0,0,0,0
0.43,6.64,3.49,705.9,107.8,2.68,1,1,1,1,1
6.85,7.42,3.0,722.4,109.1,3.49,1,1,1,1,1
1.69,7.18,2.78,698.3,89.1,1.95,0,0,0,0,0
0.3,8.25,2.58,719.5,98.9,3.61,0,0,0,0,0
3.42,7.16,2.47,700.5,97.6,3.75,0,1,0,1,0
0.43,7.1,2.55,679.8,80.9,2.73,0,0,0,0,0
2.31,5.22,3.1,736.6,82.6,3.54,0,0,0,0,0
2.46,6.16,2.28,711.2,102.0,3.52,0,0,0,0,0
2.83,6.65,3.38,734.9,94.2,3.65,0,1,0,0,0
1.73,5.11,2.36,700.2,109.5,3.87,0,0,0,0,0
5.62,4.82,3.33,730.7,113.3,1.77,1,1,1,1,1
1.35,6.02,1.98,731.2,68.5,4.8,0,0,0,0,0
2.42,7.58,2.29,705.4,84.2,4.16,0,0,0,0,0
1.32,5.71,2.25,712.8,98.0,3.19,0,0,0,0,0
2.74,6.26,2.19,717.4,68.2,4.39,1,0,0,1,0
1.86,6.76,1.91,698.9,112.3,4.21,0,1,0,0,0
6.65,6.49,3.47,725.2,81.9,5.77,0,0,0,0,0
2.85,5.96,1.12,712.3,88.4,2.11,0,1,0,0,0
1.32,5.45,2.24,693.9,85.5,2.73,0,0,1,0,0
2.67,5.66,2.38,709.8,79.7,4.15,0,0,0,0,0
1.24,5.85,2.27,685.5,112.0,3.26,0,0,0,0,0
1.46,6.58,3.63,697.3,93.7,4.33,0,0,0,0,0
1.22,4.85,2.32,720.2,62.2,3.69,0,0,0,0,0
0.28,5.17,2.95,708.6,98.7,4.18,0,0,0,0,0
1.44,6.99,2.03,713.2,108.8,3.38,0,0,1,1,0
2.06,6.0,1.62,728.1,81.3,3.08,0,0,0,0,0
2.13,5.81,2.58,709.4,94.0,1.26,0,0,0,0,0
3.24,6.05,3.04,707.1,101.3,2.25,1,0,0,0,0
2.94,5.99,2.19,699.5,96.2,2.12,1,1,0,0,1
3.24,5.67,1.45,725.9,89.1,3.06,0,1,0,0,0
1.13,5.66,2.83,730.4,86.7,4.09,0,0,0,0,0
3.49,6.0,2.18,712.0,102.2,3.34,0,0,0,0,0
1.49,6.62,2.62,693.2,82.5,2.38,0,0,0,0,0
1.97,5.48,2.5,685.4,81.1,3.14,1,0,0,0,0
4.4,6.25,2.4,709.2,106.5,4.24,1,0,1,1,1
6.76,5.23,2.97,704.2,112.5,4.68,1,0,1,1,1
0.52,6.11,2.67,706.2,82.2,2.51,0,0,0,0,0
4.3,6.32,3.11,687.5,116.6,3.23,1,1,0,1,1
0.75,5.89,2.67,708.8,91.7,2.8,0,0,1,0,0
1.27,6.33,1.75,721.5,84.3,3.45,0,0,0,0,0
3.79,5.53,2.04,718.3,97.3,3.1,0,0,0,0,0
2.79,5.85,2.21,674.1,80.6,4.44,0,0,0,0,0
2.42,4.95,2.43,675.4,73.6,3.06,0,0,0,0,0
0.16,6.45,1.81,735.6,105.4,1.69,0,0,0,0,0
5.62,6.65,2.82,693.2,104.9,4.32,0,0,0,0,0
1.56,6.73,2.09,709.6,86.6,3.0,0,1,0,1,0
1.04,5.63,2.32,707.9,121.8,2.36,0,0,0,0,0
0.56,6.08,2.29,715.8,91.8,4.2,0,0,0,0,0
0.7,5.75,3.45,727.0,118.3,4.43,0,0,0,0,0
2.28,5.28,2.47,713.3,71.9,2.5,0,0,0,0,0
1.09,6.17,2.91,690.5,96.2,2.66,0,0,0,0,0
4.03,5.16,2.39,713.8,91.0,2.07,0,1,0,1,0
3.73,5.2,2.17,693.4,97.9,2.63,0,0,0,0,0
2.22,6.56,2.94,701.7,118.3,1.71,0,0,0,0,0
1.58,6.07,1.72,691.3,82.3,4.01,0,0,0,0,0
1.27,6.38,2.03,733.3,97.3,2.43,0,0,0,0,0
1.95,5.7,2.37,741.1,94.8,3.52,0,0,0,0,0
1.21,5.95,2.37,723.5,107.6,3.08,0,0,0,0,0
1.45,7.27,2.68,686.5,112.5,3.9,0,0,0,0,0
3.31,7.48,3.12,713.5,92.4,4.7,1,0,1,1,1
1.66,6.02,1.84,717.0,98.8,2.86,0,0,1,1,0
2.94,6.3,2.27,715.1,98.7,1.99,0,0,0,0,0
3.48,6.84,2.71,707.4,98.3,4.11,0,0,0,0,0
1.44,6.31,2.04,733.9,121.4,3.17,0,0,0,0,0
4.53,6.11,2.09,725.8,86.6,4.19,1,1,1,1,1
0.3,7.05,2.46,722.3,119.6,5.85,0,0,0,0,0
0.85,5.84,1.85,725.5,110.9,3.21,0,0,0,0,0
0.46,5.16,1.72,696.8,78.9,2.75,0,0,0,0,0
2.23,5.3,1.11,675.1,108.9,3.75,0,0,0,0,0
0.82,6.07,2.77,671.4,101.1,4.19,0,0,0,0,0
2.57,6.13,2.81,733.2,102.0,1.92,0,1,1,1,0
1.46,5.03,1.76,720.6,96.2,2.07,0,0,0,0,0
1.19,5.03,2.74,719.8,99.6,3.69,1,0,1,1,1
0.99,5.31,2.09,743.7,89.8,3.93,1,1,0,0,1
0.72,4.01,2.23,721.3,109.2,4.52,0,0,0,0,0
0.42,4.53,2.9,717.2,89.1,3.85,0,0,0,0,0
1.64,6.84,2.74,703.2,94.8,2.16,0,0,0,0,0
2.59,6.01,1.99,700.7,106.5,4.08,0,0,1,0,0
5.4,5.55,2.86,717.1,109.7,4.26,0,0,0,0,0
0.17,6.05,2.09,704.4,70.3,2.92,0,0,0,0,0
2.29,6.37,2.61,692.4,96.9,2.74,0,0,0,0,0
0.74,7.09,2.89,705.1,100.3,3.8,0,0,0,0,0
0.66,6.48,2.97,698.3,85.2,2.33,0,0,0,0,0
0.49,5.06,2.47,730.2,89.6,2.65,0,0,0,0,0
4.16,5.81,2.7,711.1,100.2,4.79,0,0,1,0,0
1.37,6.56,2.56,710.7,79.5,3.19,0,0,0,0,0
4.09,5.71,2.26,720.6,117.1,3.65,1,1,0,0,1
1.49,5.39,2.37,665.9,103.4,2.98,0,0,0,0,0
4.11,6.22,2.27,710.6,100.9,3.0,0,0,0,0,0
3.13,6.74,2.97,707.3,93.2,3.24,0,0,0,0,0
0.8,5.67,2.97,702.3,98.4,3.54,0,0,0,0,0
1.52,5.81,1.44,688.9,95.1,3.86,0,0,0,0,0
0.13,5.31,1.61,702.4,96.4,2.66,0,0,1,0,0
1.75,5.02,3.36,715.5,104.7,4.07,0,0,0,0,0
0.34,6.12,3.06,712.8,81.8,3.13,0,0,0,0,0
2.18,7.42,1.41,704.0,112.0,3.27,0,0,0,0,0
2.55,4.96,2.81,688.0,84.2,4.45,0,0,0,0,0
0.99,6.49,3.27,709.8,99.7,2.01,0,0,0,0,0
0.1,5.84,2.44,685.2,105.9,3.18,0,0,0,0,0
1.03,5.83,1.87,721.3,94.7,3.56,1,1,1,1,1
1.31,5.55,3.26,725.6,104.4,3.01,0,0,0,0,0
0.55,5.29,2.73,715.7,67.9,1.76,0,0,0,0,0
3.83,5.58,2.8,717.8,94.1,3.88,1,1,1,1,1
0.96,5.75,2.21,694.4,108.7,4.85,0,0,0,0,0
1.89,6.45,3.03,704.9,103.0,2.79,0,0,0,0,0
8.69,5.61,2.0,722.4,66.5,3.63,1,1,1,1,1
1.44,7.99,2.68,713.9,68.8,3.85,0,0,0,0,0
4.35,5.99,1.68,696.9,92.6,2.9,1,1,0,0,1
1.51,6.82,1.13,705.9,94.4,3.89,1,1,1,1,1
1.54,5.56,2.72,721.9,88.8,3.63,1,1,1,1,1
1.31,6.77,2.24,713.5,107.9,3.42,0,0,0,0,0
1.68,5.33,2.45,718.2,100.1,2.69,0,0,0,0,0
0.59,6.99,2.52,702.2,78.1,2.46,0,0,0,0,0
1.71,5.29,1.83,750.4,105.7,2.36,0,0,0,0,0
1.1,6.15,2.26,701.6,103.8,2.82,0,0,0,0,0
1.97,5.87,2.57,709.0,85.3,5.19,0,0,0,0,0
3.67,6.56,2.26,692.3,92.7,2.95,0,0,0,0,0
2.23,7.61,2.75,666.4,77.9,3.32,0,0,0,0,0
0.31,5.23,2.17,689.2,117.9,3.86,0,0,0,0,0
4.32,6.48,2.74,703.4,97.3,1.64,0,0,0,0,0
0.61,6.25,2.19,720.7,98.3,2.05,0,0,0,0,0
1.55,7.21,2.71,695.4,108.0,2.34,0,0,0,0,0
1.6,6.24,2.69,745.4,82.1,2.78,1,1,1,1,1
4.74,6.48,1.26,724.5,105.0,5.08,1,1,1,1,1
3.37,6.5,2.11,702.9,91.4,4.89,0,0,0,0,0
3.55,5.31,3.14,693.5,88.8,2.92,0,1,0,0,0
1.48,6.67,2.38,719.7,88.4,3.45,1,1,1,1,1
1.38,5.2,2.21,712.6,84.2,2.81,0,0,0,0,0
2.33,6.13,1.58,679.8,111.8,3.34,0,0,0,0,0
1.81,6.79,2.24,728.1,89.6,2.42,0,0,0,0,0
4.43,6.38,2.88,726.6,107.8,4.3,1,1,1,1,0
6.92,6.12,3.11,709.8,101.8,3.64,0,0,0,0,0
0.83,6.34,3.39,673.6,91.5,3.2,1,1,1,1,1
3.82,4.77,2.18,679.6,109.3,4.11,0,0,0,0,0
2.15,5.55,1.79,701.3,108.7,4.08,0,0,0,0,0
2.72,5.71,1.67,724.6,107.0,3.1,0,0,0,0,0
1.35,5.23,2.8,696.3,88.0,2.91,0,0,0,0,0
1.24,5.64,2.32,695.8,109.5,4.2,1,0,0,0,0
0.86,7.16,2.65,689.2,82.1,4.43,0,0,0,0,0
1.44,5.08,2.72,736.4,87.3,3.87,1,1,1,1,1
0.32,5.67,2.29,729.8,120.0,4.91,1,0,0,0,0
2.17,5.67,2.54,719.9,91.9,2.87,0,0,1,1,0
0.11,6.29,3.23,700.8,91.3,3.92,0,0,0,0,0
1.01,5.74,1.69,748.6,100.8,4.01,1,1,1,1,1
0.64,5.24,2.48,719.8,87.8,3.71,0,0,1,0,0
1.34,6.57,3.07,711.7,76.3,3.13,0,0,0,0,0
1.76,5.25,1.86,676.9,114.6,5.73,0,0,0,0,0
1.36,6.26,2.62,691.3,106.0,2.53,0,0,0,0,0
1.41,7.09,2.57,707.3,115.6,2.29,0,0,0,0,0
3.51,6.18,2.39,710.4,99.5,3.64,0,0,1,1,0
3.08,4.67,1.53,689.5,105.1,3.82,0,0,0,0,0
1.37,6.5,2.15,689.7,100.8,2.99,0,0,0,0,0
1.97,5.77,2.81,700.6,98.8,4.07,0,0,1,0,0
1.07,6.1,2.6,733.5,92.8,1.84,0,0,0,0,0
2.95,7.24,1.89,711.9,111.7,5.29,1,0,1,0,0
0.86,5.15,2.38,716.4,86.8,2.61,0,0,0,0,0
1.55,4.99,3.0,734.6,95.1,2.24,0,0,0,0,0
0.9,5.96,2.11,734.8,112.0,2.64,0,0,0,0,0
1.72,5.76,2.99,689.9,83.8,2.58,0,0,1,1,0
3.25,5.58,2.49,723.7,107.7,3.91,0,0,0,0,0
2.48,6.51,2.14,725.6,78.8,4.22,1,1,0,0,1
1.06,5.51,2.6,712.4,91.1,2.95,0,0,0,0,0
2.73,5.25,2.57,699.1,93.6,3.56,0,0,0,0,0
1.33,5.23,2.33,706.7,100.8,3.37,0,0,0,0,0
0.81,5.91,2.76,708.4,104.6,2.92,0,0,0,0,0
0.78,5.2,2.61,724.0,88.3,3.64,0,0,0,0,0
3.25,5.81,2.87,713.2,91.3,2.88,0,0,0,0,0
0.87,7.74,2.8,732.2,95.0,5.91,0,0,0,0,0
1.85,5.84,3.29,714.6,88.4,4.23,0,0,0,0,0
1.67,5.52,3.32,709.6,99.0,4.09,0,0,0,0,0
1.88,5.58,2.57,704.9,80.5,3.49,0,0,0,0,0
0.06,6.05,2.03,695.6,121.0,4.94,0,0,0,0,0
0.11,6.19,2.17,709.8,94.1,3.75,0,0,1,0,0
6.22,5.53,2.02,722.6,105.5,3.25,0,1,0,0,0
2.67,4.65,1.95,711.0,104.7,3.97,0,0,1,1,0
0.8,4.78,2.26,707.6,92.9,4.65,0,0,0,0,0
4.31,6.46,1.86,733.2,99.1,3.21,1,1,0,1,1
1.57,7.55,1.53,715.5,109.3,4.22,0,0,0,0,0
6.49,5.2,2.73,704.4,93.2,4.2,1,1,0,1,1
8.21,6.06,2.15,710.7,106.1,1.29,1,1,1,1,1
1.03,8.11,2.26,716.0,85.6,3.77,0,0,0,0,0
1.75,6.21,1.78,692.0,82.7,3.28,0,0,0,0,0
0.99,8.1,2.4,691.3,113.6,1.41,0,0,0,0,0
3.81,6.18,3.01,703.9,99.9,2.23,1,1,1,1,1
2.4,6.22,2.56,699.7,102.9,3.61,0,1,1,1,1
5.97,6.18,2.16,728.6,67.2,3.41,0,1,0,1,0
1.2,5.14,2.04,714.8,92.0,3.52,0,0,0,0,0
1.93,4.27,3.13,719.6,93.7,2.37,0,0,0,0,0
1.86,4.85,3.42,692.7,68.3,2.89,0,0,0,0,0
1.48,6.1,2.65,719.1,96.3,1.96,0,0,0,0,0
0.93,5.82,2.4,705.9,95.0,3.27,0,0,0,0,0
1.66,5.04,2.92,710.2,108.8,5.14,0,0,0,0,0
3.68,6.35,1.7,721.0,84.1,2.64,1,1,1,1,1
3.63,6.31,2.7,714.0,91.4,3.55,0,0,0,0,0
3.2,6.55,2.49,708.7,113.2,3.54,0,1,0,0,0
2.82,5.65,1.91,718.1,102.2,4.57,1,1,1,1,1
4.34,6.06,2.15,699.5,106.7,3.38,0,1,0,0,0
2.28,6.26,2.45,714.7,93.7,3.05,0,0,0,0,0
1.45,7.27,2.5,698.3,90.3,3.17,0,0,0,0,0
1.27,5.28,2.4,723.4,93.4,3.99,1,1,1,1,1
0.68,6.9,1.45,690.6,98.9,3.72,0,0,0,0,0
2.6,5.95,2.85,684.6,111.3,3.49,0,0,0,0,0
0.51,4.96,1.79,696.5,92.3,2.65,0,0,0,0,0
1.97,6.75,2.81,683.0,77.8,3.99,0,0,0,0,0
0.73,6.48,2.57,708.5,92.7,2.39,0,0,0,0,0
1.39,4.87,3.61,707.2,108.7,2.97,0,0,0,0,0
2.9,7.0,2.85,722.9,92.4,4.2,0,0,1,0,0
1.6,6.99,2.03,710.0,75.8,3.99,0,0,0,0,0
1.52,6.41,3.95,701.3,90.2,4.08,0,0,0,0,0
0.74,5.96,1.42,711.5,97.3,2.99,0,0,0,0,0
0.65,5.71,2.8,712.7,83.4,2.28,0,0,0,0,0
1.13,5.59,2.63,725.3,108.8,1.0,0,0,0,0,0
3.75,5.97,1.78,699.9,102.7,4.15,0,0,0,0,0
3.77,5.38,2.69,698.0,87.6,1.87,0,0,0,0,0
2.98,5.72,2.58,693.8,84.5,3.13,0,0,0,0,0
0.31,4.81,1.7,687.6,89.6,1.85,0,0,0,0,0
2.26,5.05,2.4,704.8,108.0,2.17,0,0,0,0,0
0.87,6.8,3.14,732.0,99.3,3.95,0,1,0,1,0
2.64,6.83,2.69,719.3,91.4,2.57,0,0,1,0,0
3.36,4.9,2.09,716.8,96.4,3.53,0,0,0,0,0
2.23,6.13,2.18,687.5,104.5,3.08,0,1,0,0,0
2.49,4.7,2.56,687.3,98.0,3.04,0,0,0,0,0
2.29,5.48,2.4,682.1,100.9,3.33,1,1,1,1,1
2.15,6.31,1.55,694.8,78.8,3.31,0,0,0,0,0
0.26,5.55,3.2,717.4,96.7,3.12,0,0,0,0,0
1.75,6.99,2.77,724.1,100.8,2.8,0,0,0,0,0
0.34,3.5,2.62,695.1,107.9,2.83,0,0,1,1,0
3.53,5.26,3.35,696.4,88.8,3.48,0,0,0,0,0
2.78,6.48,2.44,710.9,83.9,3.09,0,0,0,0,0
2.65,5.96,2.72,723.2,78.8,3.9,0,0,0,0,0
1.26,7.38,2.53,735.4,108.0,2.58,0,0,0,0,0
1.27,6.57,1.83,682.0,94.9,1.52,0,0,0,0,0
1.26,6.87,2.22,713.2,99.8,3.02,0,0,0,0,0
2.25,5.74,2.32,739.5,94.6,2.64,0,0,0,0,0
2.04,6.62,1.65,724.4,91.9,4.58,0,0,0,0,0
3.19,5.77,2.71,730.7,101.8,3.54,0,0,1,0,0
3.72,6.02,2.36,716.9,89.5,3.05,1,1,1,1,1
5.45,6.47,2.17,733.9,90.2,2.89,1,1,1,1,1
2.31,7.88,2.1,704.5,108.1,4.29,0,0,1,1,0
1.0,7.12,2.79,705.0,112.5,3.8,0,0,1,0,0
2.28,6.35,1.94,718.3,79.5,5.33,0,0,0,0,0
1.1,5.55,2.49,694.8,98.2,2.82,0,0,0,0,0
2.65,6.12,2.13,709.3,106.9,3.71,0,0,0,0,0
0.75,7.26,3.28,715.7,80.0,3.33,0,0,0,0,0
0.25,6.04,2.26,708.0,95.8,3.55,0,0,0,0,0
3.96,7.01,3.02,735.0,99.3,3.75,1,1,1,1,1
1.39,6.06,2.93,703.7,110.4,3.83,0,0,0,0,0
2.18,4.92,2.75,711.5,109.2,4.52,1,1,1,1,1
1.39,4.12,2.8,720.5,111.6,3.26,0,0,0,0,0
0.99,5.49,2.34,708.4,91.9,2.34,0,0,0,0,0
2.11,5.69,2.9,734.5,93.0,3.91,0,0,0,0,0
3.16,5.92,3.38,733.2,97.8,1.92,0,0,0,0,0
1.49,6.19,2.75,711.8,85.2,3.19,0,0,0,0,0
0.44,6.21,2.3,717.7,102.4,3.52,0,0,0,0,0
3.3,4.61,2.46,712.4,90.7,3.39,0,0,0,0,0
1.95,6.22,2.83,710.9,102.5,4.27,1,1,0,1,1
3.84,6.3,2.89,714.1,103.6,4.75,0,1,0,0,0
1.21,5.85,2.06,716.8,67.3,3.15,0,1,0,0,0
0.59,6.39,1.98,710.7,108.9,2.13,0,0,0,0,0
2.25,5.25,1.63,699.3,110.0,2.88,0,0,0,0,0
1.38,5.61,1.76,719.8,126.0,3.37,0,0,0,0,0
1.88,5.27,2.53,727.5,97.4,2.74,0,0,0,0,0
2.07,5.49,2.17,700.5,93.8,3.99,0,0,0,0,0
1.27,6.28,2.78,714.1,93.5,3.95,0,0,0,0,0
0.85,7.38,2.17,702.6,98.1,4.51,0,0,0,0,0
0.5,5.14,2.87,677.0,90.6,4.19,0,0,0,0,0
1.25,5.91,2.57,688.5,106.6,2.88,0,1,0,0,0
0.34,5.1,2.72,720.0,114.3,4.21,0,0,0,0,0
1.08,6.02,2.35,702.3,95.4,3.67,0,0,1,0,0
2.74,6.25,3.09,697.4,99.0,3.18,1,0,0,0,0
1.76,6.11,2.43,682.6,99.4,3.54,0,0,0,0,0
1.22,5.32,2.07,697.3,86.3,3.68,0,0,0,0,0
1.3,5.67,2.19,678.3,102.8,3.63,0,0,0,0,0
7.18,6.34,2.24,722.4,101.0,3.58,1,1,1,1,1
3.25,6.79,2.1,686.6,101.9,3.16,0,0,0,0,0
2.83,5.05,2.52,737.6,92.8,4.01,0,0,0,0,0
8.63,6.03,2.28,707.0,86.0,2.09,0,0,0,0,0
1.67,5.61,2.39,719.1,93.2,4.05,1,0,0,1,0
2.2,7.03,2.1,720.6,92.5,2.48,0,0,1,0,0
4.19,5.5,1.39,705.5,97.1,2.49,0,1,0,0,0
1.18,5.39,2.5,698.3,109.5,2.6,0,0,0,0,0
2.11,5.73,2.84,714.2,101.0,4.49,0,0,0,0,0
4.93,7.06,2.98,706.9,108.7,3.88,0,1,0,1,0
0.9,5.77,1.41,704.8,89.5,2.69,0,0,0,0,0
0.5,5.75,1.67,716.9,102.7,2.49,0,0,0,0,0
4.1,5.51,2.67,726.1,83.8,3.72,1,0,1,1,1
1.24,6.38,2.14,731.6,90.8,3.52,0,0,1,1,0
1.14,6.9,2.51,708.6,84.1,3.57,0,0,0,0,0
2.65,5.51,2.33,682.3,93.0,3.86,0,0,0,0,0
4.32,6.21,2.54,708.6,98.0,2.93,1,0,0,0,0
0.91,6.9,2.51,722.7,107.4,3.41,0,0,0,0,0
3.29,6.75,2.6,702.0,86.1,3.31,1,1,1,1,1
2.29,6.12,2.71,705.9,99.5,3.18,0,0,0,0,0
2.92,6.57,2.51,722.4,98.7,2.01,1,1,0,1,1
4.87,4.85,3.14,691.7,82.2,4.32,0,0,1,0,0
3.14,5.21,1.85,711.6,87.8,3.98,0,0,0,0,0
2.43,5.31,1.78,721.4,99.7,3.46,0,0,1,1,0
3.47,6.45,2.04,733.0,88.7,2.97,1,0,0,0,0
1.65,6.5,2.37,728.0,64.5,2.25,0,0,0,0,0
0.31,6.01,2.97,733.8,90.1,3.91,0,1,0,0,0
0.73,6.03,2.9,683.3,99.4,3.58,0,0,0,0,0
3.31,4.71,2.23,754.1,99.9,2.85,0,0,0,0,0
3.67,5.64,2.04,716.5,101.5,2.91,0,0,0,0,0
4.53,4.86,3.11,723.7,104.4,1.37,1,1,1,1,1
1.54,7.31,3.31,698.1,86.3,5.32,0,0,0,0,0
2.43,7.13,2.95,715.6,107.5,2.41,1,0,0,1,0
3.18,5.57,2.57,716.9,94.0,3.01,0,0,0,0,0
1.92,5.9,2.51,715.2,108.2,1.75,0,0,0,0,0
3.0,7.83,2.26,703.3,115.6,4.66,0,0,0,0,0
1.55,4.09,3.08,726.5,103.3,2.02,0,0,0,0,0
0.44,5.47,2.03,704.4,112.0,3.05,0,0,0,0,0
2.84,6.02,2.8,703.0,82.0,3.33,0,0,1,0,0
3.29,6.07,2.82,699.7,107.7,3.2,0,0,0,0,0
2.4,6.04,2.73,696.3,97.4,3.75,0,0,0,0,0
2.74,7.74,2.54,727.1,89.1,2.56,0,0,0,0,0
0.24,5.58,2.92,696.1,97.5,3.14,0,0,0,0,0
1.64,7.32,1.69,704.5,92.9,3.81,0,0,0,0,0
2.87,5.66,2.04,711.6,107.0,3.82,0,0,0,0,0
4.53,6.04,2.84,735.9,69.8,3.05,0,0,1,1,0
3.52,6.04,2.92,719.5,96.4,2.44,1,1,1,1,1
0.14,6.69,2.78,738.7,82.2,2.85,0,0,0,0,0
1.38,5.43,2.62,710.3,88.5,3.44,1,0,0,1,0
5.84,5.28,2.77,726.3,94.1,2.46,1,1,1,1,1
0.49,5.13,2.29,739.8,98.4,3.25,0,0,0,0,0
4.51,7.57,2.6,722.5,101.9,3.44,1,1,1,1,1
1.36,5.67,1.45,704.5,99.9,3.32,1,1,1,1,1
5.1,6.14,2.65,741.7,110.8,4.61,1,0,1,0,1
0.47,7.35,2.77,723.2,94.4,2.99,1,1,1,1,0
1.69,7.08,3.12,718.9,98.8,4.07,1,0,0,0,0
1.88,7.02,2.94,710.7,76.4,2.43,0,0,0,0,0
4.22,6.68,3.12,696.7,100.7,1.47,1,1,1,1,1
0.31,6.02,3.13,717.7,105.9,4.76,0,0,0,0,0
2.78,6.12,2.58,720.2,98.3,3.59,0,0,0,0,0
2.63,6.15,2.93,712.0,94.9,2.89,0,0,0,0,0
2.19,7.25,2.68,690.5,74.8,3.54,0,0,0,0,0
5.34,6.91,1.88,708.0,94.8,2.59,1,1,1,1,1
2.06,6.51,2.66,725.7,119.6,1.29,0,0,0,0,0
0.5,4.83,3.18,718.7,93.3,4.02,0,0,1,0,0
0.5,5.96,3.19,673.3,97.0,4.27,0,0,0,0,0
6.23,6.06,2.95,722.4,102.1,2.18,1,0,1,0,0
2.01,5.1,2.41,725.5,101.8,3.6,0,0,0,0,0
2.29,5.3,2.58,736.6,102.9,4.01,1,1,1,1,1
1.6,5.59,2.18,690.2,95.5,3.33,0,0,1,0,0
1.97,6.05,2.23,723.1,94.9,3.1,0,0,0,0,0
2.93,5.49,2.17,693.9,99.6,2.77,0,1,0,0,0
0.63,6.28,2.82,682.6,101.6,3.6,0,0,0,0,0
0.6,6.16,2.55,722.1,74.2,3.34,0,0,0,0,0
3.2,5.97,2.24,722.7,94.7,2.83,0,0,1,1,0
0.98,5.37,2.29,720.2,91.7,3.87,0,0,0,0,0
1.52,5.29,2.0,731.2,94.5,3.4,1,1,0,0,1
4.07,4.61,2.49,708.9,89.1,4.15,1,0,0,0,1
0.88,6.44,1.8,742.2,92.0,3.28,0,0,1,1,0
2.58,5.71,2.4,731.6,102.1,1.86,0,0,0,0,0
3.44,6.41,1.97,679.6,96.3,3.33,0,0,0,0,0
0.48,6.44,2.35,715.4,85.0,2.2,0,0,0,0,0
1.31,5.36,3.17,721.5,108.3,2.57,0,0,0,0,0
3.4,5.38,2.36,694.1,114.8,2.48,1,1,1,1,1
3.11,5.99,2.25,709.9,73.2,3.06,0,0,0,0,0
3.78,6.2,2.4,706.1,96.0,3.09,0,0,0,0,0
1.64,4.64,2.97,694.4,90.2,3.36,0,0,0,0,0
2.22,5.72,2.5,706.3,94.3,3.72,1,1,1,1,1
1.34,6.36,1.53,691.8,94.7,1.85,0,0,0,0,0
2.37,6.87,2.05,697.6,112.0,3.48,0,0,0,0,0
2.98,5.11,2.15,751.5,82.2,2.89,1,0,1,1,0
3.22,5.87,1.72,724.3,83.1,4.88,0,0,0,0,0
0.33,3.85,2.84,717.1,102.5,3.61,1,1,1,1,1
1.38,4.87,2.66,724.1,115.8,4.62,0,1,0,0,0
3.87,5.48,2.87,680.3,101.6,1.21,0,0,0,0,0
7.01,6.6,1.47,703.9,108.4,3.37,1,1,1,1,1
2.16,6.14,2.89,727.4,94.5,3.43,0,0,1,0,0
1.0,6.86,2.31,707.1,96.2,5.65,1,1,0,0,0
1.68,5.4,2.1,707.4,106.9,3.66,0,0,0,0,0
1.75,6.4,2.62,699.1,84.0,1.69,1,1,0,1,1
1.73,8.16,1.46,697.2,75.3,3.6,0,0,0,0,0
1.49,6.43,2.84,691.1,88.8,2.69,0,0,0,0,0
3.04,5.16,2.61,731.7,83.7,2.27,0,0,0,0,0
1.67,5.1,2.23,682.5,99.3,1.45,0,0,0,0,0
2.5,6.48,2.55,701.7,78.7,2.06,0,0,0,0,0
1.02,6.31,1.78,708.1,92.7,4.88,0,0,0,0,0
2.83,6.95,2.2,747.5,82.7,3.06,1,0,1,1,1
2.2,5.28,2.9,718.0,111.3,3.77,0,0,0,0,0
5.18,4.55,2.69,705.9,91.1,2.86,0,0,0,0,0
4.16,5.57,2.55,709.0,114.4,3.42,0,0,0,0,0
3.94,5.43,1.9,760.0,113.6,2.16,0,0,0,0,0
1.78,5.29,2.12,702.9,105.7,1.69,0,1,0,0,0
0.68,6.16,2.29,688.4,116.6,2.59,0,0,0,0,0
2.57,6.03,1.75,697.1,99.3,4.27,0,1,0,0,0
0.82,7.05,2.63,707.4,99.4,5.36,0,0,0,0,0
0.45,5.49,2.23,714.2,79.1,1.77,0,0,0,0,0
2.69,6.3,2.46,704.2,94.3,3.55,0,0,0,0,0
1.54,6.08,1.77,707.2,99.6,1.3,0,0,0,0,0
1.39,7.09,2.35,707.5,91.0,4.44,0,0,0,0,0
5.7,5.88,2.25,738.7,99.6,2.83,1,0,0,1,1
1.45,6.47,2.33,710.5,95.5,4.37,0,0,1,1,0
1.34,5.94,1.51,735.6,78.5,3.21,0,0,0,0,0
1.05,6.01,2.55,684.3,89.7,2.12,0,0,0,0,0
1.4,6.59,2.59,724.9,105.3,2.88,0,0,0,0,0
0.63,6.56,2.07,697.3,91.4,2.89,0,0,0,0,0
1.21,6.31,2.02,697.4,99.1,3.06,0,0,0,0,0
1.04,5.8,1.81,724.7,102.6,3.09,0,0,0,0,0
2.46,6.37,2.78,710.3,111.4,4.21,1,0,0,0,0
4.46,5.54,1.97,725.3,90.6,4.95,1,0,0,0,0
0.99,6.37,1.78,701.3,95.0,4.21,0,0,0,0,0
1.69,6.25,2.32,715.1,86.7,3.74,0,0,0,0,0
0.11,6.79,2.74,716.1,105.6,3.7,0,0,0,0,0
0.35,5.42,3.0,698.4,82.0,3.46,1,1,1,1,1
0.61,6.98,2.67,707.9,82.0,2.65,0,0,0,0,0
3.49,7.98,2.22,715.5,96.2,3.76,0,0,0,0,0
1.32,6.48,2.57,713.5,100.3,4.57,1,0,0,0,0
1.65,6.75,2.86,700.0,99.5,3.95,0,0,0,0,0
1.55,5.78,2.05,730.6,95.8,3.67,0,0,0,0,0
0.96,8.24,3.59,697.3,83.1,2.81,0,0,0,0,0
0.45,4.93,3.13,713.9,107.6,2.48,0,0,0,0,0
2.18,4.5,1.88,696.8,112.7,4.71,0,0,1,0,0
1.26,6.3,1.94,705.9,95.6,2.14,0,0,0,0,0
0.96,5.41,2.22,703.3,84.9,2.09,0,0,0,0,0
4.03,6.05,2.49,692.4,106.6,2.93,0,0,0,0,0
4.4,5.6,2.91,706.6,94.1,2.53,0,0,0,0,0
1.08,5.28,2.22,719.5,108.0,3.22,0,0,0,0,0
1.57,5.89,2.75,706.2,113.2,4.24,0,0,0,0,0
5.16,6.18,2.24,732.6,94.9,3.95,0,0,0,0,0
4.57,4.9,2.51,713.4,107.0,1.83,0,0,1,0,0
3.36,5.93,2.7,703.3,93.2,3.65,0,0,0,0,0
1.55,5.07,2.77,706.8,102.4,4.25,0,0,0,0,0
1.32,5.28,3.5,711.3,116.5,1.94,0,1,0,1,0
3.47,5.98,3.28,690.1,94.1,3.34,0,0,0,0,0
4.0,6.65,3.33,702.6,82.0,1.85,0,1,0,0,0
2.44,6.98,2.72,684.7,113.1,2.78,0,0,0,0,0
0.79,6.35,1.78,717.7,86.9,3.61,0,0,0,0,0
1.22,6.35,1.94,709.8,92.4,3.99,0,0,0,0,0
3.89,4.73,3.22,697.3,84.2,2.8,0,0,0,0,0
6.38,5.62,3.33,681.8,96.8,3.03,1,1,0,0,1
1.91,5.36,2.49,714.5,80.6,2.73,1,1,1,1,1
0.98,7.43,2.72,687.1,93.5,2.0,0,0,0,0,0
0.65,5.5,2.33,728.6,116.8,4.04,0,0,0,0,0
3.56,5.05,2.81,715.1,111.4,4.44,0,0,0,0,0
0.63,4.76,2.24,719.5,107.4,2.85,0,0,0,0,0
1.08,5.09,2.6,728.3,99.4,2.93,0,1,0,0,0
0.27,5.26,2.32,683.7,71.7,4.02,0,0,0,0,0
2.3,5.1,2.26,713.0,90.6,2.04,0,1,1,1,0
1.08,7.34,1.98,714.0,78.7,1.01,0,0,0,0,0
0.58,5.72,1.66,710.0,98.4,4.23,0,0,0,0,0
4.68,5.91,2.37,694.5,87.9,3.96,0,0,0,0,0
0.67,5.63,2.57,728.0,99.2,4.13,0,1,0,0,0
0.92,5.37,1.88,722.9,96.5,4.22,0,0,0,0,0
4.82,6.01,1.75,717.4,80.7,3.95,1,0,0,0,1
4.18,6.15,2.07,704.8,98.2,1.69,0,0,1,0,0
1.97,5.54,2.39,706.8,108.2,4.58,1,0,1,1,1
0.76,5.5,2.06,752.8,102.2,2.42,0,0,0,0,0
1.03,5.54,2.34,694.7,105.6,2.91,0,0,0,0,0
0.55,6.07,1.59,697.6,86.1,2.74,0,0,0,0,0
0.67,6.79,1.38,702.4,83.5,2.83,0,0,1,1,0
4.32,8.0,2.28,692.1,102.8,1.99,0,0,0,0,0
3.92,5.29,1.98,736.1,86.4,2.41,1,1,1,1,1
2.21,6.28,2.28,708.9,100.5,2.34,0,0,1,1,0
0.21,5.91,2.46,672.9,93.8,2.5,0,0,0,0,0
1.11,4.84,2.9,704.7,83.3,2.86,0,0,0,0,0
0.97,5.17,3.32,694.8,109.5,2.56,0,1,0,1,0
6.77,5.66,2.43,710.9,86.0,2.25,1,0,0,0,1
2.32,5.22,2.07,701.9,105.3,1.97,0,0,0,0,0
1.86,6.42,2.82,692.1,110.7,3.56,0,0,0,0,0
3.34,6.56,2.0,702.1,99.9,2.22,0,0,0,0,0
3.88,6.08,1.34,712.3,110.0,3.25,0,0,0,0,0
1.28,7.21,1.47,681.9,92.6,2.99,0,0,0,0,0
2.45,5.72,2.26,717.6,92.9,2.67,0,0,1,0,0
1.57,6.9,1.28,691.0,126.3,3.1,0,0,0,0,0
2.7,4.75,2.6,712.3,89.5,2.43,0,0,0,0,0
0.36,6.01,2.71,700.4,114.3,3.55,0,0,0,0,0
1.76,6.47,2.28,734.4,94.1,4.63,0,0,0,0,0
2.85,6.25,3.02,685.3,105.7,4.12,0,0,0,0,0
1.76,5.93,2.22,700.2,105.2,2.05,0,0,0,0,0
2.01,5.56,2.55,692.4,98.4,3.87,0,0,0,0,0
1.06,5.72,2.31,713.2,106.5,3.31,0,0,0,0,0
6.17,6.27,2.15,728.3,121.7,3.6,0,0,1,0,0
0.66,4.44,2.95,707.7,101.7,3.98,0,0,0,0,0
1.29,4.9,1.74,712.6,98.4,3.36,0,0,1,1,1
4.75,7.66,2.88,703.5,89.0,2.8,0,0,0,0,0
0.69,5.08,2.3,701.5,72.6,4.27,0,0,0,0,0
2.97,6.86,2.5,734.4,74.7,4.49,0,0,1,0,0
2.18,6.4,2.64,694.7,99.5,1.84,0,0,0,0,0
1.49,6.13,2.38,713.3,111.0,3.31,0,1,0,0,0
1.18,6.31,2.49,713.0,116.9,2.6,0,0,0,0,0
4.7,6.56,2.12,711.0,102.5,1.75,0,0,0,0,0
0.2,6.4,2.32,710.6,93.9,5.45,0,0,0,0,0
3.31,6.2,2.98,733.5,101.6,3.87,1,1,1,1,1
0.72,6.57,2.46,745.6,85.2,3.04,0,0,0,0,0
4.82,5.71,1.47,727.6,101.6,3.56,0,0,1,1,0
6.23,6.31,2.53,713.4,100.8,2.63,0,0,0,0,0
2.27,6.34,2.47,738.9,93.5,3.02,1,0,0,0,0
3.02,5.58,1.24,731.5,122.4,2.28,0,0,0,0,0
1.76,5.83,2.65,728.8,94.4,3.03,0,0,0,0,0
3.24,4.85,2.19,711.5,101.6,4.24,0,1,0,1,0
0.68,5.62,2.26,719.6,116.2,2.48,0,0,0,0,0
0.57,6.89,2.31,714.5,109.0,3.03,0,0,0,0,0
1.25,5.67,2.51,711.2,101.0,3.83,1,1,0,0,0
2.8,5.41,2.47,709.5,90.9,4.21,0,0,0,0,0
3.11,5.67,2.78,705.3,89.2,3.28,0,0,0,0,0
0.72,5.96,2.18,711.6,93.5,2.99,0,0,0,0,0
2.79,5.21,1.6,711.7,90.2,2.28,0,0,1,0,0
3.82,6.5,1.64,688.6,78.8,3.2,0,0,0,0,0
1.08,5.8,3.44,724.1,93.0,1.73,0,0,0,0,0
1.2,8.08,2.75,708.4,95.3,1.0,0,0,0,0,0
1.26,6.3,3.12,708.3,96.0,4.36,1,1,1,1,1
1.05,4.56,2.11,695.3,100.6,4.52,0,0,0,0,0
0.2,5.53,3.08,738.9,102.6,3.33,0,0,0,0,0
0.98,7.61,3.06,692.0,88.1,3.15,0,0,0,0,0
3.61,6.08,1.72,706.0,89.5,3.47,0,0,1,0,0
0.69,6.38,2.07,712.3,95.3,2.59,0,0,0,0,0
1.14,6.23,2.87,715.7,96.1,2.91,0,0,0,0,0
4.69,6.13,2.58,707.9,97.6,2.95,1,1,1,1,1
2.76,6.7,2.58,686.4,108.2,2.67,1,0,1,0,1
0.93,7.03,2.31,724.6,109.3,2.67,0,0,0,0,0
2.0,7.12,2.96,734.9,92.5,4.16,0,0,0,0,0
0.66,5.65,2.13,696.2,103.5,3.34,0,0,0,0,0
3.15,6.4,1.99,700.9,90.2,4.5,1,1,1,1,1
0.91,5.66,2.83,725.5,84.8,4.12,0,0,0,0,0
0.61,7.36,3.13,696.2,111.2,2.07,0,0,0,0,0
2.02,6.3,2.32,715.9,73.9,2.96,0,0,0,0,0
1.99,4.98,3.24,724.7,102.6,1.52,1,0,0,1,0
2.38,4.66,2.31,715.5,72.5,3.86,0,0,0,0,0
1.49,6.57,3.2,738.7,91.3,3.9,1,1,1,1,1
0.78,5.1,1.99,702.6,102.0,2.34,0,0,0,0,0
0.26,5.53,2.49,709.3,99.6,3.1,0,0,0,0,0
1.38,5.63,3.15,708.0,96.8,4.1,0,0,0,0,0
0.86,6.05,2.34,748.1,96.7,3.86,0,0,0,0,0
2.61,6.55,2.25,690.8,101.5,2.5,1,0,0,0,0
2.53,5.91,3.18,729.7,85.9,2.29,0,0,0,0,0
4.21,5.18,2.61,720.0,106.1,3.49,0,0,0,0,0
2.99,6.05,2.32,741.1,102.6,2.42,1,1,1,1,1
0.27,5.77,2.41,708.2,101.6,2.73,0,1,0,0,0
0.92,6.68,3.18,703.9,80.7,3.91,0,0,0,0,0
1.56,7.63,2.93,740.0,99.2,4.58,0,0,0,0,0
0.83,6.97,2.09,716.6,74.1,3.14,0,0,0,0,0
0.69,5.28,2.08,718.6,82.0,2.06,0,0,1,0,0
3.62,5.6,2.97,696.0,89.0,4.04,0,0,0,0,0
0.46,5.0,2.39,723.7,88.8,4.26,1,1,1,1,1
5.57,7.23,2.27,702.7,95.9,3.6,0,0,1,0,0
2.77,6.32,2.67,715.2,96.2,3.15,1,0,0,0,0
7.19,5.45,2.23,706.4,95.0,2.5,0,0,1,0,0
4.0,5.73,2.92,710.7,85.2,2.99,0,0,0,0,0
1.6,6.08,2.39,709.4,103.8,2.86,0,0,1,1,0
1.24,6.51,2.7,728.7,99.6,2.2,0,0,0,0,0
0.82,6.26,2.05,707.1,73.2,4.78,0,0,0,0,0
1.36,5.05,2.76,730.6,106.7,3.48,0,0,0,0,0
0.65,5.5,2.11,686.0,97.7,3.19,0,0,0,0,0
3.29,6.42,3.18,726.6,84.7,4.34,1,1,1,1,1
4.86,5.65,2.92,702.5,97.8,1.84,0,0,1,0,0
0.88,5.33,2.58,710.6,109.1,4.22,0,0,0,0,0
2.97,4.51,2.23,731.8,76.2,4.63,1,1,1,1,1
1.93,6.07,2.15,707.1,106.2,2.85,0,0,0,0,0
1.05,4.93,2.65,711.8,98.7,2.77,0,0,0,0,0
1.12,6.4,1.22,733.0,107.6,2.95,0,0,0,0,0
1.07,5.92,2.76,711.1,72.8,3.78,0,0,0,0,0
3.49,5.62,2.81,715.4,89.2,3.08,0,0,0,0,0
2.99,6.39,2.09,704.8,72.5,3.81,0,0,0,0,0
2.51,6.47,1.9,680.9,89.9,4.09,0,0,0,0,0
0.87,7.1,1.08,696.5,99.4,1.0,0,0,0,0,0
2.15,6.55,2.65,712.6,95.1,1.79,0,0,0,0,0
2.01,7.13,2.54,720.8,101.4,2.59,0,0,0,0,0
2.56,7.94,2.28,689.8,127.2,2.58,1,1,1,1,1
3.01,6.92,2.08,687.7,98.8,1.0,0,0,0,0,0
3.43,4.79,1.67,714.8,91.4,3.37,1,0,1,1,1
1.96,6.36,2.04,716.3,95.5,3.68,0,0,0,0,0
0.57,5.46,1.73,710.1,114.9,3.28,0,0,0,0,0
0.85,4.19,1.86,710.9,96.7,3.9,0,0,0,0,0
3.76,5.28,2.14,707.2,91.7,3.03,0,0,0,0,0
1.92,5.16,3.53,713.4,62.3,2.98,0,0,0,0,0
0.57,7.19,2.45,724.2,91.0,2.43,0,0,0,0,0
3.94,6.68,2.74,723.2,81.5,1.94,0,0,0,0,0
1.01,7.34,1.47,691.5,101.4,2.29,0,0,1,0,0
3.98,6.35,2.61,697.8,98.0,4.42,0,0,1,1,0
2.09,6.96,2.76,706.8,97.5,3.73,0,1,0,0,0
2.11,7.01,3.13,699.8,94.0,2.12,0,0,0,0,0
2.72,5.56,2.43,734.7,96.5,1.9,0,0,0,0,0
1.57,4.86,1.7,722.3,66.9,3.29,0,0,0,0,0
0.7,6.34,2.14,707.1,97.1,4.15,0,0,0,0,0
12.0,5.65,2.49,716.0,106.0,1.67,1,0,1,1,1
0.42,5.18,2.68,755.0,94.2,1.98,0,0,1,0,0
1.76,6.21,2.53,736.8,99.0,3.3,0,1,0,0,0
1.62,4.42,3.5,695.3,84.7,3.48,0,0,0,0,0
2.72,7.87,1.51,722.6,91.4,1.75,0,0,0,0,0
3.2,5.94,1.95,704.2,103.4,3.77,0,0,0,0,0
0.31,5.53,2.17,699.8,64.2,3.85,0,0,0,0,0
2.83,5.72,2.07,720.5,115.6,1.25,1,1,1,1,1
1.16,4.8,3.31,706.3,100.7,2.84,0,0,0,0,0
4.94,5.07,2.26,700.4,116.6,3.76,0,1,0,0,0
1.23,6.99,3.16,706.4,91.6,2.72,0,1,0,1,0
0.58,4.62,2.4,724.0,107.8,3.54,0,0,1,0,0
2.1,4.15,2.15,707.1,98.1,3.19,1,0,0,0,0
8.04,6.56,2.39,714.2,109.4,2.96,1,1,1,1,1
2.32,6.6,2.26,740.4,108.9,1.88,0,1,0,1,0
6.18,5.62,2.24,707.2,106.5,3.31,0,1,0,0,0
3.14,6.56,2.0,691.1,94.4,3.92,0,0,0,0,0
0.73,4.82,2.95,726.2,103.3,2.91,0,0,1,0,0
0.58,5.64,1.78,733.8,89.4,2.58,0,0,0,0,0
3.61,5.16,1.71,725.0,115.5,4.72,1,1,1,1,1
1.71,6.65,2.55,716.5,114.6,2.16,1,1,1,1,1
1.56,5.92,2.32,708.4,111.0,3.39,0,0,1,0,0
2.38,5.16,3.35,703.9,85.6,4.13,0,0,1,1,0
3.92,5.86,2.73,709.6,91.6,3.45,0,1,0,1,0
3.05,6.06,2.55,706.1,92.4,3.92,1,0,1,0,0
4.85,6.07,2.41,728.0,95.9,1.0,0,0,1,1,0
4.33,6.29,2.28,700.7,109.8,2.52,1,1,1,1,1
4.34,5.71,2.62,698.8,97.0,4.2,0,0,0,0,0
1.43,6.4,2.55,736.9,102.0,2.26,1,1,1,1,1
2.38,5.51,2.55,695.4,97.1,1.56,0,0,0,0,0
0.58,5.24,1.47,716.0,95.7,3.4,0,0,0,0,0
3.55,7.44,2.3,701.8,101.4,3.28,0,1,0,1,0
3.5,5.03,2.39,698.2,88.3,3.21,0,0,0,0,0
2.37,6.24,1.69,724.3,91.4,3.25,0,0,0,0,0
2.77,6.94,2.81,714.1,90.6,2.47,0,0,0,0,0
1.24,5.22,2.88,728.5,80.8,1.91,0,0,0,0,0
3.4,5.26,1.92,669.7,102.2,2.64,0,0,0,0,0
1.85,6.73,2.08,678.2,96.4,3.94,0,0,0,0,0
0.92,7.46,2.49,681.3,85.8,4.32,0,0,0,0,0
0.95,7.09,1.84,709.3,93.3,4.95,1,0,0,0,0
1.71,7.05,3.41,713.4,75.6,2.85,0,0,0,0,0
6.32,6.31,2.72,704.8,86.7,3.82,0,1,1,1,0
4.06,4.94,3.3,715.3,109.7,3.86,1,0,1,1,1
2.39,5.57,2.26,717.1,90.3,3.25,0,0,1,0,0
3.31,5.58,3.16,696.9,90.6,4.24,1,1,1,1,1
2.9,4.61,1.93,714.2,88.0,3.48,0,1,0,0,0
1.32,4.76,2.8,710.8,89.9,3.03,0,0,0,0,0
1.23,5.0,2.67,736.0,95.3,3.01,0,0,1,1,0
4.15,7.78,2.64,683.5,102.8,4.02,0,0,0,0,0
1.48,6.87,2.47,725.9,105.9,4.83,0,0,0,0,0
4.32,6.58,2.13,701.3,92.4,1.0,0,0,0,0,0
3.53,6.26,2.3,702.9,108.7,2.33,0,0,0,0,0
0.96,6.84,2.02,722.2,98.9,4.27,0,0,0,0,0
2.98,6.31,1.76,706.2,103.5,3.71,0,0,0,0,0
0.14,5.69,2.45,718.6,72.0,3.43,1,0,0,1,0
2.92,6.84,2.02,701.9,105.8,3.22,1,0,0,0,0
1.31,5.71,2.88,692.4,88.3,1.84,0,0,0,0,0
4.12,5.52,2.35,710.5,88.9,1.0,0,0,1,0,0
0.16,5.14,3.01,675.8,101.5,3.68,0,0,0,0,0
3.28,6.32,1.36,676.0,89.2,2.51,0,1,0,0,0
1.22,6.16,3.35,701.9,130.0,2.88,0,1,0,0,0
3.05,4.32,1.82,698.2,91.1,3.7,0,1,0,0,0
0.48,7.04,2.8,725.9,80.8,2.7,0,0,0,0,0
2.35,4.43,1.93,725.2,105.7,4.36,0,0,0,0,0
2.02,6.32,1.0,708.7,94.5,3.04,1,1,1,1,1
6.23,7.66,2.79,695.4,93.6,4.59,0,1,0,0,0
2.01,6.06,2.55,715.9,69.3,3.32,0,0,0,0,0
0.64,5.56,3.07,683.3,93.3,4.38,0,0,0,0,0
3.31,4.75,2.56,694.0,103.6,5.58,0,0,0,0,0
0.85,6.1,2.04,747.1,90.3,3.74,0,0,0,0,0
1.71,5.81,1.46,684.6,98.4,3.94,0,0,0,0,0
0.12,7.04,3.25,724.8,82.0,2.08,0,0,0,0,0
1.15,6.82,1.67,723.0,92.8,3.35,0,0,0,0,0
1.19,6.35,2.28,718.0,122.8,2.55,0,0,0,0,0
0.89,5.49,2.17,683.8,94.8,4.77,0,0,0,0,0
7.1,5.12,2.5,712.8,99.2,3.68,0,0,0,0,0
0.61,5.58,1.71,710.1,92.3,4.41,1,1,1,1,1
0.91,5.8,1.85,719.5,85.3,2.12,0,0,0,0,0
0.76,6.93,2.33,686.6,94.9,3.52,0,0,0,0,0
1.59,5.47,2.63,708.6,106.8,3.91,0,0,0,0,0
2.96,7.06,3.59,693.8,98.4,2.79,0,0,1,0,0
1.17,5.54,2.12,713.8,110.8,1.64,1,1,1,1,1
1.87,5.06,1.63,716.6,85.7,1.7,0,0,0,0,0
1.3,6.53,3.26,674.4,92.1,4.15,0,0,0,0,0
2.56,6.61,1.45,680.4,90.9,3.95,0,0,0,0,0
0.33,6.5,2.72,705.4,104.7,2.48,0,0,0,0,0
2.57,4.95,2.11,709.8,104.6,3.88,0,0,1,1,0
1.58,6.25,3.55,709.7,98.8,2.17,1,1,1,1,1
3.44,6.4,1.98,719.4,75.4,2.57,0,0,0,0,0
2.9,5.3,2.18,701.5,108.4,2.91,0,0,0,0,0
2.0,4.42,3.13,688.1,102.2,2.16,0,0,0,0,0
0.53,6.5,2.27,704.6,95.6,3.46,0,0,0,0,0
3.9,5.46,2.1,740.2,113.8,4.48,1,1,1,1,1
0.91,6.01,1.58,714.2,81.2,3.29,0,0,0,0,0
0.62,7.02,2.84,722.0,106.7,2.56,0,0,0,0,0
1.19,5.81,2.81,714.3,90.6,3.87,0,0,0,0,0
1.23,6.12,1.55,683.3,111.9,1.61,0,0,0,0,0
0.7,5.98,3.0,721.9,117.1,2.6,0,0,0,0,0
3.45,6.57,3.24,719.5,111.8,3.65,0,0,0,0,0
1.21,5.06,1.87,703.8,76.9,2.44,0,0,0,0,0
0.9,4.96,2.93,720.5,86.0,3.66,0,0,0,0,0
0.6,6.25,2.73,726.0,95.9,3.38,0,1,0,0,0
5.77,3.9,3.14,725.3,92.2,2.7,1,1,1,1,1
0.31,7.13,2.86,717.2,101.2,3.96,0,0,0,0,0
1.74,5.59,2.41,715.8,83.4,3.16,0,0,0,0,0
3.84,4.77,1.75,725.9,77.7,4.01,1,0,1,1,0
2.0,4.52,1.97,725.6,91.4,2.15,1,0,1,1,0
3.17,6.11,3.27,719.1,101.4,1.88,1,1,1,1,1
4.77,5.43,1.96,708.2,93.1,4.95,0,0,0,0,0
1.46,6.37,2.56,702.7,113.9,2.4,0,0,0,0,0
5.61,5.49,2.18,718.1,114.4,2.28,0,0,1,1,0
2.03,6.78,2.57,721.9,80.8,4.09,0,1,1,0,0
0.42,5.53,2.29,717.2,103.7,2.76,0,1,0,1,0
0.96,6.49,2.58,721.7,78.2,2.7,0,0,0,0,0
1.38,5.49,2.95,712.4,109.5,4.32,0,0,0,0,0
0.55,8.25,2.65,716.4,103.9,3.97,1,0,0,1,0
3.1,6.1,2.1,720.8,118.2,3.35,0,0,0,0,0
3.39,5.69,2.78,705.4,99.2,3.77,0,0,0,0,0
1.68,4.53,2.79,722.2,77.3,2.38,0,0,0,0,0
1.39,6.32,2.26,722.6,95.5,3.01,0,0,0,0,0
1.06,5.62,2.81,701.4,65.2,3.25,0,0,0,0,0
1.37,5.09,3.71,696.7,98.5,5.09,0,0,0,0,0
2.53,6.97,2.42,716.8,94.0,1.91,0,0,0,0,0
0.58,7.39,2.33,731.7,106.7,3.23,0,0,0,0,0
0.88,6.22,3.16,722.4,89.9,3.32,0,0,0,0,0
1.46,5.81,2.7,701.7,91.3,2.03,1,1,1,1,1
2.44,4.19,2.9,704.4,103.7,4.17,0,0,0,0,0
1.07,5.58,1.9,717.1,89.0,2.38,0,0,0,0,0
1.31,6.62,1.56,725.4,100.5,3.76,0,0,0,0,0
4.1,5.96,2.59,726.2,90.8,2.51,0,0,0,0,0
1.72,6.29,1.85,687.7,71.2,2.71,0,0,0,0,0
0.24,6.17,1.59,715.7,90.6,1.57,0,0,0,0,0
2.59,4.92,2.31,704.8,82.7,4.19,0,0,0,0,0
8.1,5.42,1.99,676.8,90.7,2.59,0,0,0,0,0
6.08,5.66,2.09,704.0,79.7,2.33,1,1,0,0,1
3.98,6.4,1.96,712.2,88.1,4.66,0,0,0,0,0
1.22,5.71,2.3,697.9,87.5,2.98,0,0,0,0,0
4.14,6.87,1.81,696.6,104.0,2.9,0,0,1,1,0
2.59,7.22,1.76,743.3,100.5,3.14,1,1,1,1,1
1.43,5.43,2.9,701.6,105.3,4.6,0,0,0,0,0
0.78,7.41,1.08,712.8,99.4,4.46,0,0,0,0,0
1.73,7.33,2.64,730.0,104.9,1.98,1,1,0,1,1
1.07,5.81,2.83,702.2,88.2,3.54,0,0,0,0,0
3.69,7.17,1.98,723.7,94.2,3.81,1,1,0,1,1
2.82,5.94,1.84,718.0,95.8,3.59,0,0,0,0,0
1.89,5.68,3.0,702.1,88.6,3.95,0,0,0,0,0
1.73,7.19,3.04,695.4,96.9,3.39,0,1,0,0,0
3.42,5.99,3.44,683.1,98.8,2.98,0,0,0,0,0
0.44,4.39,3.05,713.0,75.2,2.05,0,0,0,0,0
0.75,6.61,1.76,713.8,92.4,2.89,0,0,0,0,0
0.35,5.99,2.84,702.2,95.4,4.83,0,0,0,0,0
3.09,5.15,1.22,700.2,93.3,3.94,0,0,0,0,0
1.24,5.96,2.02,690.2,100.8,3.59,0,0,0,0,0
2.42,5.99,1.86,740.9,87.0,1.79,0,0,0,0,0
1.59,4.62,2.17,706.9,104.1,5.24,1,1,1,1,1
0.58,6.29,2.29,713.3,93.0,2.92,0,0,0,0,0
5.06,6.41,2.48,704.0,98.8,3.39,0,1,0,0,0
4.69,5.47,3.45,686.3,113.1,3.5,0,0,0,0,0
3.15,5.67,2.82,702.4,93.6,3.11,0,0,0,0,0
2.76,6.13,2.55,697.3,76.0,3.78,0,0,0,0,0
1.45,6.56,2.37,708.5,88.8,2.21,0,0,0,0,0
3.01,6.06,2.03,718.4,85.7,3.61,1,0,0,0,0
2.86,6.86,2.86,714.0,93.6,3.46,0,0,0,0,0
3.16,4.54,1.63,708.0,78.6,3.35,0,0,0,0,0
0.3,5.89,3.05,726.9,87.5,3.11,0,0,0,0,0
1.03,4.83,1.94,710.4,116.7,4.01,1,1,1,1,1
2.41,6.4,2.44,731.8,107.6,2.54,0,0,0,0,0
2.08,4.1,1.52,725.3,103.7,4.4,1,1,1,1,1
0.78,6.05,2.07,725.9,105.4,4.6,0,0,1,0,0
2.43,7.02,2.13,708.3,80.4,3.94,0,1,1,0,1
2.98,6.13,2.68,711.6,122.1,4.66,0,0,0,0,0
1.33,6.25,3.32,725.7,75.7,2.47,0,0,0,0,0
2.14,6.23,1.55,703.3,88.0,2.11,0,0,0,0,0
0.55,6.08,2.73,729.0,102.9,4.21,0,1,1,1,0
0.92,5.96,3.01,687.8,88.1,2.59,0,0,0,0,0
7.77,6.1,1.86,671.0,84.0,1.5,0,1,0,0,0
3.37,6.22,2.43,731.1,100.2,3.85,0,1,1,0,1
2.0,6.03,2.97,690.8,90.8,2.7,0,0,0,0,0
1.64,6.33,1.91,694.7,88.5,2.98,0,0,0,0,0
2.87,6.71,3.25,731.7,96.1,2.48,0,0,1,1,0
1.48,6.45,1.88,712.0,91.6,4.51,0,0,0,0,0
0.7,6.07,2.9,701.3,87.2,3.37,0,0,0,0,0
2.37,5.47,2.79,742.8,79.7,3.62,1,1,1,1,1
0.42,6.01,3.1,672.7,94.9,3.77,0,0,0,0,0
3.08,6.53,2.33,707.7,74.2,1.77,1,0,0,0,0
1.55,6.62,1.41,699.3,93.9,3.52,0,0,0,0,0
0.56,7.52,3.13,690.6,87.0,2.82,0,0,0,0,0
5.99,5.53,1.29,727.2,87.6,2.61,1,1,1,1,1
1.41,5.71,2.95,698.0,86.5,1.44,0,0,0,0,0
1.18,5.43,2.8,731.5,107.2,2.31,0,0,0,0,0
0.79,7.43,2.24,715.0,95.3,3.06,0,0,0,0,0
0.27,5.17,3.01,711.9,97.1,3.0,0,0,0,0,0
1.72,6.23,1.99,727.8,85.0,2.87,1,1,1,1,1
2.15,5.93,2.39,714.1,94.2,3.77,0,0,0,0,0
4.28,5.78,2.2,705.5,92.6,3.95,0,0,1,0,0
4.21,6.28,2.04,700.9,97.6,1.75,1,1,1,1,1
3.13,6.47,2.38,713.4,86.8,3.81,0,0,0,0,0
4.65,7.07,2.13,742.9,90.0,2.71,1,1,0,0,1
3.26,6.0,2.7,715.3,93.8,2.69,0,0,0,0,0
0.92,7.58,1.68,709.3,70.9,3.24,0,0,0,0,0
1.47,5.28,1.91,700.4,107.0,3.23,0,0,0,0,0
0.25,6.59,3.0,718.0,83.6,3.58,1,0,0,0,0
1.53,6.82,2.85,681.5,94.3,1.34,0,0,0,0,0
2.43,8.12,2.55,718.0,106.1,2.81,0,0,0,0,0
2.82,4.91,2.47,718.5,119.3,4.12,0,0,1,0,0
2.99,6.78,2.49,710.1,109.4,3.67,0,0,0,0,0
1.77,7.02,2.25,703.7,86.2,2.99,0,0,0,0,0
4.62,3.98,2.17,710.3,90.3,3.08,0,0,1,0,0
1.56,6.17,2.64,722.6,85.0,2.85,0,0,1,1,0
0.62,5.53,3.1,702.3,72.7,3.25,0,0,0,0,0
0.22,6.56,2.33,701.3,82.9,3.06,0,0,0,0,0
4.89,5.32,2.55,715.7,88.8,3.26,0,1,0,0,0
0.7,5.22,2.62,729.0,115.1,3.89,0,0,0,0,0
5.29,5.99,1.72,718.3,80.2,1.36,0,0,0,0,0
3.18,5.63,2.56,709.1,114.3,3.41,1,0,0,1,0
0.84,4.35,2.24,706.8,71.7,2.55,0,0,0,0,0
0.51,6.69,2.29,713.4,93.1,2.69,0,0,0,0,0
0.67,5.43,2.48,710.0,70.8,4.11,1,1,0,1,1
0.23,5.04,1.7,706.8,98.4,2.44,0,0,0,0,0
4.31,5.77,2.89,701.7,123.4,4.64,0,0,0,0,0
2.6,6.59,2.05,732.9,91.7,2.98,1,0,0,1,0
1.21,5.2,3.03,700.1,89.2,3.39,0,0,0,0,0
2.34,6.59,3.17,746.2,95.5,1.54,1,1,1,1,1
1.81,6.93,2.27,713.8,82.8,3.74,0,0,0,0,0
0.12,6.02,2.06,730.9,108.5,2.72,0,0,0,0,0
0.3,6.39,1.8,701.1,86.2,3.71,0,0,0,0,0
1.58,6.86,2.42,716.7,87.7,4.45,1,1,1,1,1
0.13,5.68,2.12,744.1,118.9,2.96,0,0,0,0,0
1.1,5.75,2.54,712.5,89.8,3.48,0,0,0,0,0
1.78,6.61,2.94,693.4,104.3,3.36,1,1,1,1,1
1.51,5.18,2.38,692.1,101.7,3.85,0,0,0,0,0
2.27,6.0,2.1,708.8,81.4,1.78,0,0,0,0,0
2.55,6.19,2.02,706.4,119.3,4.35,0,0,0,0,0
0.8,6.42,2.78,709.2,89.5,3.47,1,0,0,0,0
1.45,5.2,1.92,717.3,122.4,2.55,0,0,0,0,0
2.25,6.59,2.17,712.5,113.4,3.17,0,0,0,0,0
0.26,6.28,2.67,711.4,100.4,3.94,0,0,0,0,0
0.85,5.12,3.26,698.3,80.5,4.64,0,0,0,0,0
0.29,5.74,2.65,714.5,101.2,3.81,0,0,0,0,0
1.7,6.04,1.45,720.8,86.9,4.49,0,0,0,0,0
1.77,6.42,2.55,718.1,91.0,2.61,0,0,0,0,0
0.42,6.06,2.24,704.2,61.6,2.1,0,0,0,0,0
1.61,6.2,2.23,687.2,108.5,1.81,0,0,1,1,0
2.45,5.1,2.17,703.2,95.6,5.18,0,0,0,0,0
0.89,5.85,2.13,708.1,80.2,5.53,0,0,0,0,0
1.68,5.95,2.03,730.7,69.2,2.8,0,0,0,0,0
1.4,6.15,2.6,692.8,83.6,3.92,0,0,0,0,0
1.31,7.18,2.69,703.9,100.7,2.93,0,1,0,0,0
0.39,6.48,2.78,720.0,95.6,3.42,0,0,0,0,0
0.33,6.6,2.57,691.6,98.5,3.99,0,0,0,0,0
2.32,6.07,2.38,715.7,79.3,3.67,0,0,0,0,0
1.85,6.82,2.34,708.7,89.6,1.73,0,0,1,0,0
1.25,5.02,3.22,716.1,87.0,2.95,0,0,0,0,0
1.85,5.81,2.35,703.1,82.2,1.97,0,0,0,0,0
2.83,7.39,2.4,718.1,104.8,4.18,0,0,0,0,0
2.39,5.51,2.52,689.6,91.0,2.12,0,0,0,0,0
2.65,5.54,2.61,735.5,86.6,2.14,1,0,1,1,1
1.35,6.74,1.9,738.5,91.3,3.01,0,0,1,1,0
5.08,5.57,1.72,703.6,115.6,2.78,1,0,1,0,0
1.3,5.0,3.15,686.3,109.9,3.32,0,0,0,0,0
1.6,5.24,1.76,675.7,88.6,2.48,0,0,0,0,0
1.61,5.56,2.78,718.2,97.2,2.7,0,1,0,0,0
3.66,6.06,2.28,716.1,84.0,3.83,0,0,0,0,0
0.88,7.6,2.46,707.0,100.6,2.49,1,1,1,1,1
0.78,6.52,1.93,708.9,98.9,1.69,0,0,0,0,0
1.83,5.97,2.43,729.2,96.7,3.25,1,1,1,1,1
2.01,5.06,2.29,712.4,81.2,2.62,1,1,1,1,1
3.97,5.27,2.03,720.0,101.4,3.0,1,1,1,1,1
5.4,7.04,2.11,712.6,90.8,3.75,0,0,0,0,0
2.2,6.69,1.97,718.5,86.6,3.9,0,0,1,0,0
3.24,5.06,3.09,683.4,81.9,2.2,0,0,0,0,0
3.05,5.87,2.42,704.5,83.4,2.72,1,0,0,1,0
4.5,5.06,2.04,724.7,94.1,5.35,1,1,1,1,1
0.6,4.69,1.82,708.2,78.5,3.35,0,0,1,0,0
0.91,5.69,2.44,722.4,87.7,2.09,0,0,0,0,0
2.07,4.23,2.29,687.6,98.4,5.31,0,0,1,1,0
1.28,5.93,1.89,689.7,116.0,2.93,0,0,0,0,0
1.42,5.7,2.43,700.2,94.6,3.18,0,0,0,0,0
4.64,7.08,1.84,692.6,87.7,2.17,0,0,1,1,0
5.06,7.09,2.76,724.5,90.3,2.66,1,0,0,0,1
4.98,5.11,2.64,707.3,105.8,1.52,0,0,1,1,0
4.59,4.53,2.57,708.6,86.1,3.81,0,1,1,1,0
1.96,6.5,2.86,720.8,84.5,4.56,0,0,0,0,0
0.13,5.68,1.91,690.2,90.9,2.84,0,0,0,0,0
1.98,6.1,1.73,706.2,89.5,3.01,0,0,0,0,0
3.65,6.18,2.02,726.7,91.7,3.22,0,1,0,0,0
2.83,5.45,2.08,702.2,100.5,3.35,1,1,1,1,1
1.98,5.61,2.76,702.7,90.5,3.85,0,0,0,0,0
1.59,5.83,2.95,730.6,87.9,3.82,0,0,1,1,0
1.48,7.66,2.12,711.4,88.4,3.51,0,0,0,0,0
4.24,7.31,2.05,733.9,120.1,2.39,1,0,0,0,1
1.26,5.75,2.2,717.0,95.8,2.44,0,0,1,0,0
2.36,5.59,2.35,685.9,111.3,3.63,0,0,0,0,0
0.64,6.34,2.39,732.4,96.4,2.9,1,0,0,0,0
1.84,5.41,2.72,720.7,109.4,3.73,0,0,0,0,0
3.85,4.77,1.7,700.6,80.1,2.18,0,0,0,0,0
2.41,7.18,1.93,705.0,93.7,4.15,0,0,0,0,0
1.16,5.34,2.57,695.0,96.2,3.73,0,0,0,0,0
1.91,5.17,2.11,712.3,112.7,4.11,1,1,1,1,1
2.51,7.55,1.77,713.4,90.2,2.56,0,0,1,0,0
2.01,5.84,1.98,701.2,105.3,3.77,0,0,0,0,0
1.12,5.74,2.27,716.9,97.3,3.62,1,1,1,1,1
1.44,6.38,2.34,701.0,94.9,1.89,0,0,0,0,0
0.62,6.86,3.24,703.2,98.0,3.25,1,1,1,1,1
0.98,6.49,1.05,718.6,99.6,1.87,1,1,1,1,1
2.03,5.38,2.9,704.5,75.8,3.08,0,0,0,0,0
2.9,6.58,2.56,705.4,92.1,4.04,1,0,0,1,0
2.37,6.4,1.91,703.5,97.8,2.98,0,0,0,0,0
0.81,5.19,3.01,710.6,101.6,1.52,0,0,0,0,0
0.41,6.49,2.94,701.9,89.4,2.25,0,0,0,0,0
4.24,6.11,2.5,698.5,81.9,4.57,0,0,0,0,0
1.34,5.97,1.89,705.1,97.6,1.0,0,0,0,0,0
1.53,6.66,3.44,718.0,115.1,3.52,0,0,1,0,0
2.24,6.44,2.63,716.3,94.5,2.97,0,0,0,0,0
1.69,5.75,2.6,707.5,113.6,4.21,0,0,0,0,0
0.41,6.47,1.99,733.7,98.5,2.78,0,0,0,0,0
2.1,6.69,2.0,727.7,94.9,2.78,0,0,0,0,0
4.4,6.99,1.99,729.5,117.2,3.85,1,1,0,1,1
1.21,5.01,2.33,706.2,99.6,3.95,1,0,0,1,0
0.45,4.76,1.71,701.4,94.3,2.99,0,0,0,0,0
1.11,6.88,2.45,727.3,94.0,2.45,0,0,0,0,0
1.29,5.54,2.93,708.2,93.4,3.25,0,0,0,0,0
2.47,5.38,1.98,730.6,95.0,2.94,0,0,1,0,0
0.92,6.35,2.93,702.9,101.7,4.61,0,0,0,0,0
3.04,5.07,1.41,681.2,105.1,2.99,1,1,0,1,1
2.68,4.53,2.79,694.3,81.1,2.48,0,0,1,1,0
1.52,6.87,2.46,721.5,94.4,3.49,0,1,0,0,0
0.67,4.64,2.34,689.7,104.0,4.51,1,1,0,1,0
0.52,7.15,2.55,697.8,91.6,3.01,0,0,0,0,0
4.28,6.21,2.22,726.9,104.4,4.18,0,0,1,0,0
1.23,5.88,2.84,706.9,101.9,3.98,0,0,0,0,0
2.45,7.42,1.89,688.0,98.6,2.87,0,0,0,0,0
2.31,6.27,3.05,703.7,91.4,4.08,1,0,0,0,0
0.57,5.53,2.9,688.6,74.7,1.24,0,0,1,1,0
2.27,5.27,2.72,693.8,94.0,3.55,0,0,0,0,0
0.97,5.85,2.16,713.5,96.0,3.15,0,0,0,0,0
1.3,7.25,1.45,692.7,95.4,4.46,0,0,0,0,0
1.37,5.78,2.35,700.2,101.2,3.08,0,0,0,0,0
1.11,5.04,1.95,710.1,92.0,2.99,0,0,0,0,0
6.44,5.4,2.14,740.8,109.4,2.71,1,1,1,1,1
0.84,6.25,2.7,758.4,75.6,3.66,0,0,1,0,0
2.79,5.46,2.47,684.2,107.7,3.94,0,0,0,0,0
3.93,5.92,3.21,724.9,100.4,4.81,1,0,1,0,1
1.4,5.42,2.17,723.5,71.8,2.48,0,1,0,0,0
0.43,6.56,3.31,726.5,100.9,2.92,0,0,1,0,0
5.82,6.62,2.9,719.0,95.4,3.61,1,0,1,1,1
4.02,7.25,1.65,726.4,97.0,4.5,0,1,0,0,0
6.47,7.73,2.81,704.0,83.3,2.84,0,1,0,0,0
1.42,4.84,2.82,722.1,99.8,3.44,0,0,1,1,0
2.0,7.9,2.68,696.0,89.6,3.27,0,0,0,0,0
0.26,5.82,2.21,715.3,106.4,5.05,0,0,0,0,0
6.28,6.57,3.55,708.8,110.6,2.97,0,1,0,1,0
1.91,4.78,2.87,725.2,86.5,3.17,1,1,1,1,1
5.57,4.15,1.8,712.4,91.6,2.87,1,1,1,1,1
1.8,6.0,2.97,705.9,83.3,2.04,0,0,0,0,0
4.72,5.51,2.24,721.1,82.5,4.15,1,1,1,1,1
1.09,6.14,2.29,731.7,77.6,3.51,0,0,0,0,0
1.77,5.89,2.32,713.5,81.4,1.34,1,0,0,0,0
2.72,5.34,2.97,702.9,100.8,4.3,0,0,0,0,0
0.42,5.48,2.47,702.7,86.8,2.21,0,0,0,0,0
1.61,4.16,2.87,712.8,79.5,2.92,1,0,1,0,1
3.63,5.94,2.43,737.7,92.1,3.0,0,0,0,0,0
2.43,7.17,2.35,726.3,89.1,3.55,0,0,0,0,0
4.46,6.95,2.94,709.8,110.9,3.59,1,0,1,0,1
1.42,6.34,2.12,712.9,93.4,3.94,0,0,1,0,0
1.4,4.62,1.72,732.0,115.0,4.73,1,1,0,1,1
4.73,7.02,2.25,693.3,76.3,4.07,0,0,0,0,0
1.54,5.71,2.13,703.2,91.1,2.53,0,0,0,0,0
0.94,5.13,3.05,713.4,106.9,2.18,0,0,0,0,0
2.94,6.5,3.29,727.1,103.0,1.55,0,0,0,0,0
1.36,5.34,2.73,693.1,95.2,2.53,0,0,0,0,0
7.04,5.15,2.27,708.7,104.0,4.13,0,0,1,0,0
4.04,7.89,3.01,702.5,100.4,3.37,1,1,1,1,1
2.33,7.97,1.96,686.2,78.7,3.71,0,0,0,0,0
1.83,6.76,2.19,690.0,126.8,2.13,0,0,0,0,0
3.73,5.08,2.74,713.7,79.5,2.47,1,1,1,1,1
2.99,5.0,3.27,699.1,87.7,4.32,0,0,1,0,1
2.1,5.42,1.77,706.5,85.7,4.63,1,1,1,1,1
1.71,5.31,2.75,736.3,83.7,2.4,1,1,1,1,1
2.57,5.64,2.89,701.7,87.3,2.86,0,0,0,0,0
1.97,6.19,3.04,689.7,84.5,4.09,0,0,0,0,0
3.6,4.78,2.42,721.9,63.7,3.33,1,1,1,1,1
1.46,5.73,2.3,700.1,95.4,2.95,0,0,0,0,0
2.7,5.64,2.55,719.1,103.3,2.92,0,0,0,0,0
3.31,5.45,2.37,677.2,90.1,3.64,0,1,0,0,0
0.76,5.58,3.3,704.6,92.5,1.42,0,0,0,0,0
0.62,6.95,2.38,698.2,103.7,3.14,0,0,0,0,0
0.3,8.05,2.1,707.5,100.2,3.97,0,0,0,0,0
0.16,6.32,2.24,720.8,109.2,5.45,0,0,0,0,0
1.58,4.5,2.58,699.6,104.0,4.09,0,0,0,0,0
1.2,6.08,2.38,717.2,85.2,4.13,0,0,0,0,0
2.36,5.99,2.51,714.5,103.7,5.62,1,0,1,1,1
4.01,7.3,2.6,684.7,89.0,3.36,0,0,0,0,0
1.24,7.2,2.48,711.1,112.2,1.94,0,0,0,0,0
2.17,6.06,3.21,723.5,105.7,2.66,0,0,0,0,0
0.23,5.56,2.01,710.2,104.1,2.22,0,0,0,0,0
1.66,6.24,2.87,691.6,96.4,3.28,0,0,0,0,0
1.61,4.94,1.83,738.7,96.4,2.96,0,0,0,0,0
0.99,6.02,1.97,688.5,82.7,4.52,0,0,0,0,0
1.57,5.54,2.72,735.5,111.6,1.89,1,1,0,1,1
2.24,5.8,2.71,711.7,94.1,3.19,0,0,1,1,0
7.0,5.73,2.23,720.1,91.1,1.74,1,1,0,1,1
0.67,5.21,2.55,708.6,82.2,2.79,0,0,0,0,0
0.78,4.41,2.93,734.0,90.9,3.96,0,0,0,0,0
1.74,4.61,1.67,704.7,100.0,3.88,0,0,0,0,0
2.18,5.06,2.57,723.5,83.1,2.31,0,0,0,0,0
1.18,6.61,2.24,678.8,111.7,5.3,0,0,0,0,0
0.97,5.35,1.78,703.9,84.7,2.22,0,0,0,0,0
1.13,7.1,2.12,722.8,107.4,3.12,0,0,0,0,0
1.79,6.73,2.07,674.6,102.8,3.61,0,1,0,0,0
6.39,7.35,1.76,698.8,103.9,3.48,0,0,0,0,0
2.9,5.28,2.01,692.9,86.9,3.78,0,0,0,0,0
3.03,5.88,2.6,718.0,89.2,3.15,0,0,1,0,0
0.59,5.88,2.15,731.3,93.5,4.65,0,0,0,0,0
2.16,5.36,2.7,706.1,98.1,3.39,0,0,0,0,0
1.27,5.91,3.02,717.8,86.8,4.34,0,0,0,0,0
0.28,3.5,1.76,713.4,98.9,3.45,0,0,1,1,0
0.58,6.1,2.13,690.2,105.8,3.38,0,0,0,0,0
2.82,5.65,3.1,729.9,93.1,2.5,1,1,1,1,1
2.09,6.97,3.65,717.3,89.8,3.03,0,0,0,0,0
2.67,6.15,2.33,703.2,88.3,2.29,0,0,1,0,0
1.21,5.79,2.39,703.2,101.5,3.47,0,0,0,0,0
0.65,3.97,2.86,674.9,101.8,3.04,0,0,0,0,0
2.63,6.98,2.1,704.5,112.2,4.17,0,0,0,0,0
1.67,6.58,2.6,719.8,98.0,3.62,0,0,0,0,0
3.89,6.42,3.03,722.0,91.7,3.23,0,1,0,0,0
1.19,5.61,2.26,703.3,88.2,2.69,1,1,1,1,1
0.94,6.01,2.7,693.0,109.7,3.09,1,1,1,1,1
0.24,5.02,2.13,743.3,92.2,1.6,0,1,0,1,0
4.36,5.77,1.47,696.4,107.7,3.56,0,0,0,0,0
0.45,7.18,2.91,737.2,96.4,2.72,0,0,0,0,0
1.48,6.5,2.49,722.2,64.5,3.69,0,0,1,0,0
1.92,6.31,2.27,695.2,83.5,2.77,0,0,1,1,0
3.39,4.91,1.62,698.7,103.3,4.4,0,1,0,1,0
1.04,5.73,2.26,694.8,94.9,3.9,0,0,0,0,0
1.1,7.13,2.74,700.8,88.7,2.34,1,0,0,0,0
3.14,6.0,1.85,695.0,85.7,2.98,0,0,0,0,0
1.28,5.9,2.22,709.6,90.7,2.22,0,0,0,0,0
5.08,6.92,2.06,726.1,128.6,3.69,1,0,0,0,0
1.46,5.7,2.5,719.8,93.7,3.79,0,0,0,0,0
1.4,6.54,2.24,703.9,90.5,2.65,1,0,0,0,0
2.57,5.79,2.41,754.9,90.8,1.83,1,1,1,1,1
2.44,6.53,2.38,715.2,107.4,4.53,0,0,0,0,0
0.17,7.24,2.53,716.9,90.6,3.76,0,0,1,1,0
2.85,7.08,2.38,698.2,101.9,4.03,1,1,1,1,1
5.5,4.82,2.93,711.3,97.1,1.57,0,0,0,0,0
0.1,5.62,2.4,699.0,96.1,3.41,1,1,1,1,1
0.68,4.26,1.06,701.8,85.8,2.4,0,0,0,0,0
0.62,4.77,1.92,699.7,100.2,4.35,1,0,0,0,0
1.09,4.95,3.02,695.1,99.6,2.24,0,0,1,0,0
2.72,6.33,2.05,715.7,101.1,2.74,0,0,1,1,0
1.63,7.97,2.74,714.6,85.2,1.88,0,0,1,0,0
3.39,6.4,1.77,739.1,85.4,3.53,0,0,0,0,0
4.39,4.58,2.09,726.6,109.2,2.68,1,1,1,1,1
3.42,5.4,1.95,685.1,95.8,2.73,0,0,1,0,0
2.04,6.63,2.02,694.5,92.2,3.22,0,0,0,0,0
2.72,5.44,2.07,710.5,93.5,2.89,1,1,1,1,1
4.51,7.49,2.39,699.8,91.6,3.59,0,1,1,1,0
0.36,5.9,3.31,711.8,78.6,5.17,0,0,0,0,0
0.79,5.57,2.93,710.8,126.6,3.07,0,0,0,0,0
0.22,5.99,2.17,706.7,95.3,3.1,0,0,1,1,0
2.82,8.07,2.41,689.7,97.8,1.18,0,0,0,0,0
0.92,5.08,3.15,715.4,120.6,2.11,0,0,0,0,0
2.68,6.96,1.55,716.6,103.8,3.75,1,1,1,1,1
2.97,6.69,2.27,706.7,87.0,1.85,0,0,0,0,0
2.2,6.61,2.73,704.0,102.2,3.34,0,0,1,0,0
0.93,5.98,3.09,693.2,78.5,2.89,0,0,0,0,0
0.74,5.75,2.06,726.6,99.4,4.18,1,1,1,1,1
1.33,4.75,1.85,703.5,107.5,2.49,0,0,0,0,0
0.44,5.57,2.36,713.0,72.9,3.84,1,1,1,1,1
1.36,5.83,2.29,721.9,100.1,1.0,0,1,0,0,0
1.48,6.75,2.28,713.4,78.6,5.48,0,0,0,0,0
2.19,5.68,2.08,702.5,76.8,2.61,0,0,1,1,0
3.19,6.74,2.05,713.8,114.9,2.47,0,0,0,0,0
3.02,5.04,2.17,741.7,84.3,2.72,1,1,1,1,1
1.3,7.48,1.9,733.9,76.6,2.71,0,0,0,0,0
1.69,5.75,2.81,700.6,107.0,4.14,0,0,0,0,0
0.59,5.31,2.68,692.1,105.8,3.6,0,0,0,0,0
10.89,5.76,2.23,685.4,78.9,1.45,1,1,0,1,1
2.27,7.63,2.36,715.9,75.2,2.26,0,0,1,0,0
3.44,6.01,3.13,724.0,93.8,3.8,0,0,0,0,1
1.08,6.26,2.81,729.6,88.9,3.45,1,1,1,1,1
0.73,7.28,3.33,698.1,87.7,2.8,0,0,0,0,0
5.16,5.46,2.87,742.3,88.0,2.76,1,1,1,1,1
0.31,6.49,2.1,723.8,102.7,2.61,0,0,0,0,0
1.69,6.52,1.84,718.7,72.4,3.84,0,0,0,0,0
1.8,5.58,1.66,725.6,97.8,2.17,0,0,0,0,0
2.2,6.63,2.1,725.8,96.0,4.85,1,1,1,1,1
3.54,4.64,2.45,709.8,99.5,2.13,0,0,0,0,0
2.2,5.27,3.18,700.0,78.3,2.39,0,0,0,0,0
2.17,5.37,2.27,722.0,81.8,3.38,0,0,0,0,0
5.9,5.22,1.61,738.3,91.2,3.54,1,1,1,1,1
3.07,4.3,1.97,721.8,71.9,2.31,1,0,1,1,1
0.61,6.12,2.56,734.0,93.2,3.75,0,0,0,0,0
2.82,6.34,2.99,712.8,91.7,3.25,0,0,0,0,0
2.98,5.44,2.33,695.2,80.5,2.77,0,0,0,0,0
1.38,5.37,2.3,719.6,90.2,3.32,0,0,0,0,0
0.18,7.65,2.52,705.3,90.0,1.83,0,0,0,0,0
1.13,6.28,3.07,723.0,121.5,3.33,0,0,0,0,0
3.84,6.07,3.35,700.7,104.9,2.16,0,0,1,1,0
0.42,6.68,2.2,708.0,80.9,2.3,1,1,0,1,1
0.8,4.65,2.27,691.1,85.9,3.48,1,0,0,0,0
1.0,5.69,2.37,680.5,94.9,3.19,0,0,0,0,0
1.28,5.78,2.56,686.0,95.3,3.63,0,1,0,0,0
2.06,5.38,2.59,713.7,83.2,2.78,0,0,0,0,0
2.47,6.81,1.8,712.1,109.0,2.76,0,0,0,0,0
2.14,5.29,1.82,712.4,99.0,1.99,0,0,1,0,0
2.23,6.69,2.73,711.2,98.4,4.16,0,0,1,0,0
2.02,4.98,2.5,710.6,101.6,1.81,0,0,0,0,0
3.49,6.14,2.36,685.2,110.7,4.16,1,1,1,1,1
0.92,7.16,2.09,713.5,117.2,2.38,0,0,0,0,0
2.36,6.45,2.3,719.8,91.6,2.04,0,0,0,0,0
1.39,6.78,2.56,675.1,80.3,2.91,0,0,0,0,0
3.14,6.31,1.95,715.4,87.7,2.44,1,1,1,1,1
0.86,6.46,2.57,736.7,94.3,4.29,0,0,0,0,0
9.07,5.33,2.77,720.1,86.3,3.78,1,0,1,1,1
0.95,5.26,1.87,737.5,94.7,2.34,1,0,0,0,0
2.33,5.34,2.61,702.9,85.5,3.04,0,0,1,0,0
0.55,6.61,1.98,704.0,86.0,2.95,0,0,0,0,0
1.49,5.89,2.2,688.0,85.4,3.57,0,0,0,0,0
3.04,6.0,1.38,727.0,89.8,1.73,1,0,0,0,0
1.27,5.63,3.14,709.7,107.1,2.4,0,1,0,0,0
1.61,6.78,2.26,714.9,112.4,3.4,0,1,0,0,0
1.41,6.03,1.86,702.4,90.8,3.43,0,0,0,0,0
2.66,5.36,3.04,706.1,105.1,2.33,0,0,0,0,0
0.25,6.13,1.84,692.1,99.0,2.16,0,0,0,0,0
1.28,4.71,2.38,708.4,86.6,3.81,1,1,1,1,1
2.29,5.77,1.78,723.1,110.5,3.05,0,0,0,0,0
1.11,6.42,1.98,713.8,92.4,1.88,0,0,0,0,0
1.65,6.66,2.85,705.1,110.0,3.23,0,0,0,0,0
2.41,5.87,2.07,707.2,89.4,4.96,0,0,0,0,0
7.22,5.67,2.3,712.5,118.8,3.88,1,1,0,0,1
4.02,4.95,1.44,721.0,93.9,2.72,0,0,0,0,0
2.23,5.86,2.33,716.3,99.1,4.66,0,1,1,0,0
1.73,6.36,2.15,701.9,104.6,3.67,0,1,0,0,0
1.8,6.46,1.77,721.3,104.5,3.55,0,0,0,0,0
0.72,6.52,3.26,695.9,77.3,3.09,0,0,0,0,0
2.72,5.27,2.86,694.6,84.0,4.01,0,1,1,1,0
3.15,6.38,2.06,701.5,99.9,1.7,1,1,1,1,1
0.79,6.06,2.37,703.8,71.0,4.06,0,0,0,0,0
0.98,7.77,2.42,686.0,99.2,1.73,0,0,0,0,0
1.12,5.07,1.97,713.3,116.3,2.93,0,0,0,0,0
7.19,6.35,2.3,724.3,88.1,3.09,1,1,1,1,1
2.03,6.14,2.51,699.8,95.5,4.46,0,0,0,0,0
1.08,5.77,2.46,696.0,93.1,4.42,0,0,0,0,0
2.96,8.08,2.77,699.1,111.4,3.34,0,0,0,0,0
3.04,7.35,2.71,721.6,87.9,3.21,1,0,0,0,0
0.8,5.03,2.74,715.8,97.7,4.58,0,0,0,0,0
3.17,6.86,1.63,703.7,107.7,3.64,1,1,1,1,1
3.17,5.18,2.41,719.3,105.8,2.53,0,0,0,0,0
6.63,6.39,3.0,714.7,84.5,3.97,1,1,1,1,1
3.38,6.28,1.78,690.2,79.5,3.07,0,0,1,0,0
1.89,5.71,2.24,707.3,106.6,2.54,0,0,0,0,0
10.83,4.09,1.42,673.3,69.4,2.47,1,1,0,0,1
1.38,5.31,3.02,699.2,111.2,4.46,0,0,0,0,0
1.01,4.76,2.54,690.1,93.3,2.66,0,0,0,0,0
0.64,6.99,2.55,739.2,103.3,3.34,0,0,0,0,0
2.06,6.24,2.47,684.6,102.0,3.76,0,0,0,0,0
3.68,6.94,2.75,699.8,104.8,2.13,0,1,0,0,0
3.26,6.23,2.44,711.8,96.7,4.24,0,0,1,1,0
2.68,5.38,2.74,720.2,87.0,3.76,1,1,1,1,1
1.31,6.66,2.88,724.5,90.5,2.2,0,0,0,0,0
2.84,5.63,2.07,703.0,60.0,3.02,0,0,0,0,0
1.36,5.73,1.65,706.3,95.7,4.31,0,0,0,0,0
1.23,6.49,2.18,715.9,100.8,3.53,0,0,0,0,0
3.2,6.0,2.82,709.5,101.4,1.05,0,0,1,0,0
1.59,5.91,2.62,707.1,98.2,3.23,0,0,0,0,0
0.87,4.5,2.19,709.3,86.7,3.74,0,0,0,0,0
1.97,6.56,2.28,704.0,110.8,2.29,0,0,0,0,0
0.75,5.06,2.73,729.6,105.7,2.94,0,0,0,0,0
1.73,6.08,2.32,699.2,119.8,2.74,0,0,0,0,0
4.57,6.06,2.67,681.2,75.5,4.35,0,0,0,0,0
7.21,5.21,3.02,693.6,75.4,3.36,0,1,1,1,0
6.76,5.63,1.66,709.4,103.3,4.44,0,0,1,0,0
1.73,6.05,2.33,678.5,85.8,1.47,0,0,0,0,0
1.7,6.29,1.81,719.6,95.0,2.91,0,0,0,0,0
5.16,4.88,3.13,711.3,101.3,2.65,0,1,1,1,0
4.17,5.44,2.23,713.8,94.9,1.87,1,1,1,1,1
2.89,6.8,1.84,703.2,95.3,3.71,0,0,0,0,0
1.68,5.97,1.92,692.7,100.0,3.54,0,0,0,0,0
1.1,5.24,2.41,719.1,97.7,2.08,0,0,0,0,0
0.58,6.41,1.79,696.1,76.3,4.17,0,0,0,0,0
2.11,6.32,1.75,715.8,87.6,2.65,0,0,0,0,0
1.69,6.53,2.63,703.6,81.9,2.26,0,0,0,0,0
0.89,6.48,3.46,723.2,95.8,3.77,0,0,0,0,0
3.08,6.18,2.48,722.2,92.5,4.0,0,0,0,0,0
1.51,4.69,3.68,698.6,101.8,4.28,1,1,0,0,1
1.2,6.06,1.94,723.5,104.2,2.78,0,0,0,0,0
0.48,6.49,1.79,679.9,97.6,2.71,0,0,0,0,0
3.27,6.73,2.41,708.2,89.4,1.92,0,1,0,0,0
0.51,6.76,1.51,700.5,87.8,3.68,1,0,0,0,0
1.81,8.5,2.68,724.6,107.6,3.8,0,0,0,0,0
0.73,6.52,3.05,671.1,100.5,2.46,0,0,0,0,0
2.24,5.76,2.45,714.0,92.4,3.88,0,0,0,0,0
0.83,4.4,1.72,733.1,95.1,2.7,0,0,0,0,0
4.01,5.75,2.56,723.6,83.0,2.72,0,0,0,0,0
0.76,5.4,2.29,691.9,101.9,2.48,0,0,0,0,0
0.71,5.39,1.46,719.6,119.8,2.31,0,0,0,0,0
5.7,5.27,2.48,687.2,81.7,3.05,0,0,0,0,0
1.04,6.85,2.93,701.0,66.5,3.94,0,0,0,0,0
1.22,5.81,1.84,688.2,92.6,1.62,0,0,0,0,0
1.57,6.87,1.93,706.0,89.9,4.05,1,0,1,1,1
7.37,6.33,2.28,715.8,103.0,2.62,0,0,0,0,0
0.42,5.28,3.1,681.7,90.0,3.34,0,1,0,0,0
2.54,4.88,3.05,705.0,98.4,1.73,0,0,0,0,0
1.64,7.01,2.04,715.9,83.5,2.07,1,1,1,1,1
1.09,5.37,2.79,700.0,98.1,1.31,0,0,0,0,0
0.63,7.79,1.43,709.7,95.6,3.52,0,1,0,0,0
3.58,6.28,2.39,691.9,78.2,2.43,0,0,0,0,0
4.38,6.35,1.98,697.2,103.5,2.31,0,0,0,0,0
1.11,5.25,2.46,699.6,95.3,4.02,0,0,0,0,0
0.5,6.57,2.55,733.9,105.3,4.96,0,0,0,0,0
1.2,4.99,2.6,723.6,88.9,4.56,0,0,0,0,0
1.65,7.42,3.38,702.8,111.7,2.88,0,0,0,0,0
5.16,6.11,2.3,699.9,104.2,3.02,0,0,0,0,0
0.38,4.31,2.73,705.7,102.2,4.18,1,0,0,0,0
3.22,5.04,1.8,679.4,91.8,2.86,0,0,0,0,0
1.4,7.24,1.78,724.0,81.6,3.38,0,0,0,0,0
1.87,5.08,2.42,698.0,108.6,3.98,0,0,0,0,0
2.84,5.06,2.56,703.8,71.5,4.11,1,1,1,1,1
2.26,6.77,2.34,703.2,121.5,4.08,1,1,1,1,1
1.38,5.33,2.32,705.5,104.1,3.59,0,0,0,0,0
2.6,5.32,1.33,710.5,81.8,2.76,0,0,0,0,0
1.34,3.71,2.99,682.1,88.5,1.81,0,0,0,0,0
1.49,5.5,3.2,721.0,110.9,3.04,0,0,1,1,0
1.08,5.57,2.8,715.3,92.0,2.98,0,0,0,0,0
1.3,5.95,2.22,706.4,93.8,4.59,0,0,0,0,0
2.9,5.16,3.27,679.7,100.0,3.79,0,0,0,0,0
0.8,5.3,3.16,696.5,96.3,3.73,0,0,0,0,0
4.38,6.58,2.48,698.3,91.9,2.35,0,0,0,0,0
3.54,5.49,2.02,686.8,75.5,2.57,0,0,0,0,0
0.85,5.66,2.45,730.5,99.6,2.07,0,0,0,0,0
0.62,6.42,3.7,714.5,112.1,4.62,0,0,0,0,0
3.37,7.52,2.75,711.7,110.3,3.51,0,0,0,0,0
8.26,6.75,2.22,703.9,86.0,4.39,1,1,1,1,1
3.54,6.29,2.39,676.0,92.8,3.38,0,0,0,0,0
3.87,4.9,1.89,706.4,80.6,4.58,1,1,1,1,1
1.71,6.38,3.16,665.4,82.3,2.67,0,0,0,0,0
1.17,6.67,2.22,702.5,78.9,1.78,0,1,0,0,0
3.62,6.59,2.15,715.9,110.5,2.82,0,0,0,0,0
1.5,7.27,2.6,702.5,70.3,3.29,0,0,0,0,0
2.43,4.45,1.23,687.1,90.5,4.24,0,0,0,0,0
4.42,5.9,1.89,702.6,86.6,2.47,0,0,0,0,0
1.71,4.91,3.4,696.3,89.4,2.64,0,0,0,0,0
1.54,6.33,2.7,734.7,82.1,4.18,0,0,0,0,0
7.54,7.87,3.01,706.6,93.9,3.61,0,1,1,1,0
1.33,5.7,2.7,686.5,96.2,2.52,0,0,0,0,0
2.0,6.64,2.51,721.1,82.7,5.15,0,0,0,0,0
3.99,5.93,2.41,698.6,94.4,3.61,0,0,0,0,0
0.75,6.7,2.77,722.8,104.4,2.51,1,1,1,1,1
1.0,6.13,1.74,728.0,101.2,2.97,1,1,1,1,1
1.79,6.62,1.94,692.9,103.5,3.26,0,0,0,0,0
2.88,6.47,2.61,716.2,119.8,2.97,0,0,0,0,0
1.2,6.83,2.33,726.0,82.1,1.95,0,0,0,0,0
0.47,5.99,2.72,715.4,99.3,1.47,0,0,0,0,0
2.7,5.58,1.39,699.7,96.9,1.33,1,1,0,1,1
2.5,5.91,2.88,695.2,95.0,3.14,0,0,0,0,0
2.33,6.71,1.28,691.9,97.4,1.49,0,0,0,0,0
2.87,6.5,1.99,719.6,82.1,3.55,0,0,0,0,0
1.69,5.76,1.63,720.4,81.6,4.61,1,1,1,1,1
1.13,5.36,2.25,707.9,100.5,2.19,0,0,0,0,0
0.5,4.1,2.62,726.9,99.9,4.76,0,0,0,0,0
3.61,6.34,2.25,720.8,94.4,3.95,1,1,1,1,1
3.26,6.68,2.07,710.1,76.6,3.1,0,0,0,0,0
0.81,7.4,3.07,706.2,115.9,3.45,0,0,0,0,0
0.76,6.04,1.97,687.9,100.0,3.33,0,0,0,0,0
2.69,5.77,3.06,700.1,90.9,2.29,0,0,0,0,0
1.65,6.32,2.69,714.7,98.2,2.66,0,0,0,0,0
1.41,6.63,2.55,722.8,83.3,3.1,0,0,0,0,0
2.76,4.72,1.59,717.8,103.8,1.59,0,0,0,0,0
1.56,5.92,2.26,699.7,105.9,2.39,0,0,0,0,0
0.7,4.83,1.56,719.4,86.9,1.89,0,0,0,0,0
0.6,4.68,2.74,715.9,103.7,1.5,0,0,0,0,0
1.25,5.81,2.48,709.6,98.1,2.81,0,0,1,1,0
2.43,4.71,2.03,739.5,82.2,3.16,0,0,1,1,0
3.13,5.38,1.83,702.5,99.6,2.91,0,0,0,0,0
0.77,5.56,1.78,697.5,100.8,3.98,0,0,0,0,0
1.78,5.94,1.8,706.5,92.4,4.32,0,0,0,0,0
1.07,6.68,2.34,723.9,100.6,3.69,0,0,0,0,0
1.67,3.68,2.6,692.3,88.5,3.42,0,0,1,0,0
1.29,6.44,1.58,704.8,97.0,3.0,0,0,0,0,0
1.96,5.09,2.21,716.5,87.3,3.83,0,0,0,0,0
1.73,5.1,1.64,729.9,97.7,1.0,0,0,0,0,0
2.72,5.72,2.84,707.5,103.6,4.24,0,0,0,0,0
4.28,5.24,1.76,701.2,81.7,4.1,0,0,0,0,0
4.14,5.87,1.58,711.0,101.9,3.37,1,1,1,1,1
2.51,6.46,1.84,727.4,107.9,1.93,1,1,1,1,1
1.11,4.81,1.64,700.1,80.0,2.52,0,0,1,1,0
2.1,5.13,2.89,692.8,81.6,4.74,0,0,1,1,0
1.7,5.7,1.84,723.7,79.3,4.28,0,0,0,0,0
1.55,7.79,2.68,724.2,80.0,3.84,0,0,0,0,0
4.34,6.97,2.93,660.0,80.6,3.16,0,0,0,0,0
4.1,6.69,2.16,724.1,89.3,1.37,1,0,1,0,1
2.08,5.93,2.92,727.2,84.5,1.8,0,0,0,0,0
2.29,6.1,2.77,699.7,107.4,3.47,0,0,1,0,0
1.11,5.16,2.62,709.2,126.8,3.73,0,0,0,0,0
0.39,7.03,2.98,714.6,84.6,4.42,0,0,1,1,0
2.21,5.57,2.95,718.3,129.9,3.21,0,0,1,0,0
2.18,5.78,2.68,718.0,87.7,4.63,0,0,0,0,0
2.43,7.39,2.18,699.3,81.9,2.89,0,0,0,0,0
2.45,6.62,2.25,729.6,97.3,3.17,0,0,0,0,0
2.58,5.23,2.97,719.9,109.6,2.91,0,0,0,0,0
1.43,4.7,2.99,687.6,97.8,2.47,0,0,0,0,0
1.15,6.63,3.34,711.0,111.1,3.52,0,1,0,0,0
1.48,6.42,1.77,695.1,93.2,2.71,0,0,0,0,0
0.78,5.93,2.41,700.4,101.3,2.54,0,0,0,0,0
2.12,5.68,2.03,720.6,85.1,2.68,0,0,1,0,0
1.44,4.14,2.25,708.2,76.7,4.32,0,0,0,0,0
1.4,7.61,3.15,697.7,95.9,1.4,1,1,0,1,1
5.4,6.36,3.06,668.9,98.9,3.7,0,0,0,0,0
0.56,6.15,1.29,710.1,102.5,4.42,0,0,0,0,0
1.31,5.8,2.11,720.0,84.3,3.13,0,0,0,0,0
0.53,6.63,2.65,696.8,79.6,3.68,0,0,0,0,0
2.23,5.75,2.93,712.0,106.6,1.9,0,0,0,0,0
3.0,6.72,2.74,724.9,101.9,2.55,1,0,1,0,1
1.27,5.72,2.43,711.6,107.5,3.73,0,1,0,1,0
3.21,6.2,2.57,715.6,84.3,1.57,0,1,0,0,0
5.69,4.75,1.81,730.6,86.2,2.96,1,1,1,1,1
0.94,5.94,2.69,738.4,100.7,4.36,0,0,0,0,0
1.97,6.85,2.75,725.3,90.8,1.71,0,0,0,0,0
1.58,5.78,1.81,667.9,93.5,1.15,0,0,0,0,0
2.25,5.58,3.03,723.4,88.0,3.81,0,0,0,0,0
0.82,5.54,2.34,698.8,78.7,1.9,0,0,0,0,0
0.41,6.68,1.7,715.5,81.4,3.36,0,0,0,0,0
0.51,6.09,1.17,711.8,86.6,3.77,0,1,0,0,0
3.1,7.21,2.34,704.3,92.8,3.79,0,0,0,0,0
4.43,6.15,1.73,681.9,63.8,2.9,1,1,1,1,1
4.98,7.01,1.89,696.1,120.5,3.85,0,0,1,1,0
4.19,6.37,1.86,707.4,90.1,3.86,0,1,1,1,0
1.17,4.79,1.91,709.4,104.1,3.59,1,1,0,0,1
0.85,6.5,1.99,731.5,90.1,3.88,0,0,0,0,0
0.8,6.17,2.7,710.6,96.2,2.58,0,0,0,0,0
1.89,7.66,2.69,731.3,93.5,3.6,0,0,0,0,0
3.1,6.92,2.64,687.3,86.5,1.13,0,0,0,0,0
0.58,6.22,2.8,717.7,82.0,3.57,0,0,0,0,0
1.66,5.18,2.34,691.6,98.2,3.25,0,0,0,0,0
1.19,6.34,2.73,713.6,86.9,4.05,0,0,0,0,0
1.88,6.11,2.2,711.1,99.2,3.51,0,0,0,0,0
3.17,6.23,2.69,732.8,103.6,3.13,0,0,1,0,0
4.49,5.04,2.83,694.6,84.3,2.55,0,0,0,0,0
1.23,5.6,2.94,737.1,108.2,3.65,1,1,1,1,1
0.65,6.99,2.69,709.5,99.9,3.5,0,0,1,1,0
0.45,6.03,1.86,683.6,100.6,3.26,0,0,0,0,0
2.63,5.58,2.23,707.9,108.7,2.85,0,0,0,0,0
4.03,4.84,1.83,733.2,114.7,5.07,1,0,0,1,0
3.59,6.31,2.94,737.9,90.4,3.05,0,0,1,0,0
0.09,7.0,2.72,701.5,98.5,2.07,0,0,0,0,0
1.6,5.89,2.59,733.1,87.7,2.67,0,0,0,0,0
1.25,4.35,2.38,755.5,85.7,3.46,1,1,1,1,1
3.72,6.68,2.07,708.4,94.7,2.04,1,1,1,1,1
0.73,5.78,2.91,708.1,91.1,3.53,0,0,0,0,0
4.36,6.36,2.16,726.7,96.6,4.15,1,1,1,1,1
6.14,6.37,1.83,701.0,93.2,2.05,1,1,0,0,1
1.94,5.4,1.59,683.1,95.5,3.79,0,0,0,0,0
1.02,6.24,2.82,719.2,98.9,2.66,0,0,0,0,0
0.13,6.29,2.75,691.3,94.3,2.98,0,0,0,0,0
2.01,7.11,2.92,710.8,90.8,3.81,0,0,0,0,0
0.6,5.81,2.02,721.9,95.9,3.56,0,0,0,0,0
0.84,6.19,2.23,720.0,119.3,3.13,0,0,0,0,0
5.05,5.86,2.12,710.7,91.0,3.28,0,0,0,0,0
3.45,5.56,2.75,706.6,93.7,3.93,1,0,0,1,0
4.33,5.03,2.14,717.1,92.1,2.14,0,0,0,0,0
5.25,6.72,2.3,691.2,75.5,4.66,0,0,1,0,0
1.61,6.0,1.97,712.7,91.1,1.0,0,0,1,1,0
1.23,5.29,1.32,694.9,79.0,1.15,0,0,0,0,0
3.47,5.97,1.94,701.3,105.9,4.12,0,0,1,1,0
0.16,6.67,3.22,723.5,109.4,1.88,0,0,0,0,0
1.14,6.08,2.52,718.9,95.5,2.13,1,1,1,1,1
0.76,5.43,3.17,697.5,79.1,2.65,0,0,0,0,0
0.8,5.43,3.05,720.6,99.5,3.51,0,0,0,0,0
1.81,5.53,1.8,725.0,84.8,3.4,0,0,0,0,0
2.98,6.33,2.32,691.6,70.5,2.86,0,1,1,0,1
0.79,4.92,2.73,693.7,97.3,4.17,0,0,0,0,0
4.07,3.95,2.87,694.1,82.0,3.23,1,1,1,1,1
2.23,6.46,2.66,704.4,92.9,1.91,0,0,0,0,0
2.04,5.12,2.2,688.6,100.1,2.67,0,0,0,0,0
4.6,6.85,2.09,706.4,103.2,3.69,0,0,0,0,0
4.73,6.79,2.74,697.9,73.1,2.41,0,0,1,1,0
4.4,7.02,1.93,686.4,102.2,1.74,0,0,0,0,0
3.54,6.6,2.45,714.9,86.9,3.01,0,0,0,0,0
0.59,5.37,2.49,716.1,101.8,3.64,0,1,0,0,0
1.27,6.34,2.04,707.6,86.5,3.36,0,0,0,0,0
1.05,6.37,2.59,731.3,93.3,4.13,0,0,0,0,0
1.68,5.26,2.34,721.6,88.7,2.7,0,0,0,0,0
0.83,6.93,2.21,702.7,106.2,4.96,0,0,0,0,0
1.57,5.51,2.47,695.6,85.6,4.13,0,0,0,0,0
1.03,6.79,1.47,724.5,123.7,3.43,0,0,0,0,0
7.67,6.32,1.96,702.3,83.6,3.2,0,0,0,0,0
1.53,6.24,2.43,686.3,102.5,3.2,0,0,0,0,0
2.12,5.43,2.71,726.5,88.1,4.6,1,1,1,1,1
2.63,5.08,1.74,733.7,81.3,4.82,1,1,0,1,1
0.2,5.31,2.35,717.3,93.6,3.52,0,0,0,0,0
0.47,5.56,2.82,711.2,92.6,4.02,0,0,0,0,0
4.41,6.05,2.0,678.7,72.1,3.82,0,0,0,0,0
1.97,6.54,1.93,722.6,97.0,3.0,0,0,0,0,0
1.98,6.42,2.52,722.2,112.4,3.04,0,0,0,0,0
2.92,7.58,3.75,699.9,89.3,1.5,0,0,0,0,0
3.32,5.95,1.86,737.1,115.3,4.1,0,0,0,0,0
0.83,6.17,2.39,694.1,97.4,2.12,0,0,1,1,0
4.96,6.98,2.79,673.8,93.6,3.85,0,0,0,0,0
2.1,6.22,2.18,694.0,71.6,1.74,0,1,0,0,0
4.76,5.77,1.58,696.4,101.7,4.81,0,0,0,0,0
2.11,5.82,2.5,702.3,105.5,4.41,0,0,0,0,0
0.56,6.48,3.18,716.0,104.6,3.9,0,0,0,0,0
0.82,6.34,2.99,719.6,103.4,3.51,1,1,1,1,1
5.34,4.45,2.37,724.4,89.5,2.74,0,0,0,0,0
2.4,7.11,2.35,710.8,97.0,3.27,0,0,1,0,0
2.18,4.66,2.19,733.4,82.9,4.82,0,0,0,0,0
2.62,7.53,2.67,710.3,109.4,3.5,0,1,0,0,0
1.25,6.61,1.99,723.0,94.9,4.52,0,1,1,0,0
1.58,5.88,2.98,715.3,117.4,5.28,0,0,0,0,0
1.62,5.05,1.88,694.2,84.5,4.42,0,0,0,0,0
1.82,5.58,2.48,713.4,94.4,2.95,0,0,1,1,0
3.27,5.14,2.84,704.1,99.2,2.99,0,0,0,0,0
2.47,6.52,2.8,700.3,96.1,1.81,0,0,0,0,0
2.72,6.68,2.6,708.0,99.6,3.16,0,0,0,0,0
4.97,7.62,3.27,727.1,87.6,3.03,1,1,1,1,1
2.46,5.52,2.78,707.3,84.5,2.2,0,0,0,0,0
3.49,5.22,2.32,713.7,91.0,1.42,1,1,1,1,1
0.52,5.9,2.34,701.8,80.5,4.97,1,0,1,1,0
1.86,4.79,2.97,705.5,82.3,2.84,0,0,0,0,0
1.58,6.97,1.51,707.3,100.7,2.65,0,0,0,0,0
6.31,5.73,2.56,703.5,110.6,1.69,0,0,1,0,1
0.15,6.07,3.49,687.0,108.0,3.38,0,0,0,0,0
0.53,6.0,2.25,680.0,94.1,4.0,0,0,0,0,0
0.46,6.02,2.59,707.9,100.3,4.29,0,0,1,1,0
0.52,4.73,2.7,712.9,89.5,2.17,0,0,0,0,0
0.49,6.8,2.9,727.8,96.0,2.36,1,0,0,0,0
1.9,5.53,2.68,727.0,78.3,3.19,0,0,0,0,0
3.15,4.77,2.06,697.8,82.4,2.94,1,1,1,1,1
3.09,6.43,2.95,689.0,90.6,3.8,0,0,0,0,0
1.71,5.82,2.55,714.7,91.6,4.26,0,0,1,1,0
1.22,6.01,2.71,712.5,108.6,1.96,0,0,0,0,0
3.08,6.53,2.67,729.4,103.9,4.41,0,0,1,0,0
2.93,5.33,2.47,691.7,95.9,4.41,1,1,0,1,1
8.43,6.52,2.34,709.7,99.3,3.82,1,0,1,0,1
1.78,3.92,2.61,736.3,115.9,4.86,1,1,0,1,0
2.03,5.7,3.27,715.4,101.7,3.08,0,0,0,0,0
2.01,5.6,3.52,715.8,87.2,4.4,1,1,1,1,1
1.04,6.04,2.38,691.7,89.1,1.32,0,0,0,0,0
1.42,5.64,2.83,719.2,82.5,1.96,0,1,0,0,0
1.12,6.07,2.5,710.1,88.4,1.93,0,0,0,0,0
0.1,6.67,2.02,704.7,115.7,2.58,0,0,0,0,0
1.83,6.1,1.91,719.3,97.1,3.28,0,0,0,0,0
0.88,6.2,2.75,706.5,102.3,1.8,0,0,0,0,0
2.5,4.93,2.92,695.5,92.7,3.4,0,0,1,0,0
1.35,5.29,1.78,693.2,99.3,1.88,0,0,0,0,0
4.43,5.9,2.17,688.0,108.8,2.3,0,0,0,0,0
0.47,4.98,2.44,688.9,77.7,3.0,0,0,0,0,0
1.71,6.07,2.92,703.9,88.4,4.14,0,0,0,0,0
1.71,6.91,2.67,715.6,110.4,4.31,0,0,0,0,0
1.56,7.41,2.56,697.9,127.8,2.15,0,0,0,0,0
1.64,7.51,3.02,696.8,88.4,2.02,0,0,0,0,0
4.04,5.71,1.75,695.3,85.9,2.9,0,0,0,0,0
1.27,6.76,2.15,724.9,63.2,3.75,0,0,0,0,0
0.35,5.78,2.11,721.3,88.5,3.53,0,0,0,0,0
0.88,3.57,2.54,723.4,109.6,3.46,0,0,0,0,0
2.32,5.18,2.05,696.7,111.0,3.07,0,0,1,0,0
1.17,6.62,2.92,716.4,83.6,4.03,0,0,0,0,0
1.81,6.86,2.95,701.9,91.7,3.09,0,0,0,0,0
0.36,6.16,2.83,733.8,90.4,1.96,0,1,0,1,0
2.64,5.42,2.47,709.9,93.4,3.96,1,1,0,1,1
2.99,6.36,2.43,694.5,116.7,3.17,0,0,0,0,0
0.26,7.91,1.85,734.4,101.7,4.82,0,0,0,0,0
1.01,5.91,3.87,709.7,68.0,3.25,0,1,0,0,0
2.69,5.67,3.13,697.7,80.3,3.77,1,1,1,1,1
5.67,7.77,3.35,725.0,85.1,3.83,0,0,0,0,0
1.1,6.63,2.26,719.2,78.5,2.96,0,0,0,0,0
1.4,6.0,3.16,695.5,91.0,4.42,1,1,1,1,1
5.38,7.09,2.38,714.7,96.4,2.23,1,1,1,1,1
3.79,6.19,2.23,690.6,69.0,3.37,0,0,0,0,0
0.5,5.23,2.35,701.8,95.1,3.26,0,0,0,0,0
0.82,5.55,2.48,723.1,92.6,4.74,1,1,1,1,1
2.31,5.28,2.62,701.4,69.2,3.78,1,1,0,0,0
1.17,6.9,1.87,698.1,96.0,2.78,0,0,0,0,0
2.61,5.61,2.34,697.5,95.2,2.48,0,1,0,0,0
2.4,6.48,2.78,683.0,96.8,4.11,0,0,0,0,0
2.3,4.64,2.44,689.4,88.1,3.71,0,0,0,0,0
1.8,5.43,2.06,707.9,99.1,3.47,0,0,0,0,0
3.61,5.42,2.61,710.3,97.4,2.85,0,0,0,0,0
2.66,5.56,2.29,678.1,89.8,3.83,0,0,0,0,0
2.51,5.66,2.53,674.5,85.4,2.7,0,0,0,0,0
1.08,5.76,1.98,727.4,103.1,2.62,0,0,0,0,0
2.94,5.83,2.69,704.6,105.2,2.85,0,0,0,0,0
2.47,6.57,2.84,716.1,96.2,2.32,0,0,1,0,0
0.68,6.29,3.0,718.8,98.4,3.08,0,0,0,0,0
0.63,5.6,2.67,714.2,105.6,3.3,0,0,1,0,0
2.55,6.07,1.25,726.1,105.3,2.73,0,1,0,0,0
3.76,5.78,2.96,714.1,83.4,2.11,0,0,0,0,0
0.95,6.66,1.68,727.7,86.5,2.56,0,0,0,0,0
4.96,7.24,2.29,708.8,91.2,3.05,1,0,1,1,0
6.28,8.03,3.12,691.5,99.8,5.01,0,0,0,0,0
1.43,6.19,2.7,725.9,97.3,1.2,0,0,0,0,0
11.47,6.31,1.5,710.2,87.2,4.1,1,1,1,1,1
0.25,5.45,2.57,717.8,92.1,1.87,0,0,0,0,0
2.83,6.05,3.04,701.0,104.2,2.95,0,0,0,0,0
0.8,6.15,2.13,703.7,94.3,2.6,0,0,0,0,0
1.71,5.55,2.74,713.2,78.6,3.09,0,0,1,1,0
2.2,6.66,2.88,750.5,80.4,2.37,0,0,0,0,0
4.34,5.98,2.7,724.1,97.6,3.3,1,1,1,1,1
1.42,5.66,2.48,710.8,98.5,3.85,0,0,0,0,0
5.27,6.57,2.49,701.8,95.9,3.03,0,0,0,0,0
1.43,6.78,1.63,719.4,100.1,3.98,0,0,0,0,0
0.82,6.82,2.43,702.7,84.9,2.71,0,0,0,0,0
2.58,6.18,2.37,711.0,81.2,3.54,0,0,0,0,0
1.51,6.64,2.75,740.6,88.3,3.22,0,0,0,0,0
1.6,6.79,3.2,722.0,113.3,3.66,0,0,1,0,0
0.63,5.94,2.81,694.8,87.6,2.88,0,0,0,0,0
4.0,7.0,2.52,720.8,113.6,2.86,1,1,1,1,1
2.03,7.44,2.03,723.2,93.5,2.61,0,0,0,0,0
2.58,4.67,2.41,688.1,88.6,3.54,0,0,0,0,0
3.36,4.69,2.61,697.5,108.9,3.85,0,0,0,0,0
1.72,5.02,3.04,707.6,101.8,2.96,0,0,0,0,0
1.95,3.89,2.76,719.8,90.4,2.42,1,1,1,1,1
1.35,4.78,2.05,709.2,99.2,4.21,0,0,0,0,0
1.8,5.81,3.22,703.7,78.4,3.33,0,0,1,0,0
3.27,6.32,2.67,704.2,110.2,3.22,0,1,1,1,0
3.52,6.43,3.08,730.8,104.0,2.44,1,1,1,1,1
1.56,6.19,2.29,724.0,95.2,1.92,0,0,1,0,0
2.13,7.27,2.52,720.3,88.5,5.44,0,0,0,0,0
0.89,6.32,2.97,702.8,102.9,2.32,0,0,0,0,0
2.05,7.04,2.42,693.4,96.4,1.23,0,0,0,0,0
1.74,4.92,2.55,701.2,76.4,2.63,0,0,0,0,0
1.64,7.7,1.0,713.1,100.6,4.97,0,0,0,0,0
4.67,6.41,2.4,693.7,88.3,3.98,0,0,0,0,0
1.11,6.5,2.77,726.7,92.6,2.42,1,1,1,1,1
2.93,5.39,1.54,727.9,89.9,3.46,0,0,0,0,0
0.79,5.09,2.78,683.3,85.4,3.38,0,0,0,0,0
0.57,7.47,2.24,677.0,85.5,3.41,0,0,0,0,0
5.22,4.76,2.79,715.8,80.6,4.24,1,1,0,0,1
0.29,5.11,1.78,732.0,82.1,3.61,0,0,0,0,0
2.41,5.23,2.21,710.9,113.7,1.72,0,0,0,0,0
2.99,5.58,1.72,711.8,84.5,3.43,1,1,0,1,1
1.66,5.73,2.5,715.6,84.3,2.84,0,0,0,0,0
0.41,6.48,2.5,717.6,92.7,2.7,0,0,0,0,0
3.59,5.33,2.75,737.5,110.6,2.48,0,0,1,0,0
3.26,7.16,1.84,712.0,95.0,4.22,1,1,0,1,1
5.33,6.26,2.88,706.5,95.5,2.91,1,1,1,1,1
1.39,6.6,1.74,713.8,111.9,2.17,0,0,1,1,0
2.39,5.67,3.24,691.1,94.6,3.63,0,0,0,0,0
1.27,7.73,2.06,738.0,79.7,3.49,0,0,0,0,0
1.23,4.63,2.28,717.4,79.8,4.72,0,1,1,1,1
2.08,4.15,1.65,691.7,81.4,3.91,0,0,1,0,0
0.8,5.93,2.38,726.1,69.6,4.15,0,0,0,0,0
6.82,6.45,2.12,698.9,93.5,3.33,0,1,1,0,0
0.34,5.53,2.67,709.0,86.5,1.91,0,0,0,0,0
0.89,6.25,1.47,719.2,75.8,3.53,1,1,1,1,1
3.12,6.37,2.86,715.6,91.6,3.95,0,0,0,0,0
3.91,5.17,1.64,760.0,97.0,3.23,0,1,0,0,0
1.62,7.14,2.54,709.1,92.6,3.11,0,0,0,0,0
2.07,5.53,2.42,686.7,99.2,4.1,0,1,0,1,0
0.81,6.26,2.82,713.4,75.6,2.72,1,0,0,1,0
1.55,6.13,1.67,707.0,116.7,3.68,0,0,0,0,0
1.93,6.56,1.7,677.3,79.9,4.45,0,0,0,0,0
1.34,6.68,2.39,706.2,99.3,4.47,0,0,1,0,0
1.14,7.27,2.78,736.4,91.3,4.68,1,1,1,1,1
1.28,5.06,2.28,711.2,94.3,4.01,0,1,0,1,0
0.81,5.6,1.58,704.7,93.8,3.31,0,0,0,0,0
7.44,6.79,2.23,713.6,92.4,1.98,1,0,1,0,1
1.35,5.27,2.15,695.2,91.6,3.97,0,0,0,0,0
2.3,5.44,2.16,707.6,92.8,2.73,0,0,0,0,0
7.17,7.25,1.98,704.4,79.8,2.92,0,0,0,0,0
0.59,7.42,2.62,686.9,108.3,2.98,0,0,0,0,0
3.47,5.9,2.04,705.5,82.8,3.94,0,0,1,1,0
1.58,6.38,2.13,725.3,102.9,2.16,0,0,0,0,0
2.74,4.89,2.41,683.9,94.4,4.22,0,0,0,0,0
1.53,5.05,3.28,716.8,102.5,4.92,0,0,0,0,0
1.14,6.7,2.82,723.5,96.9,3.29,0,0,0,0,0
1.62,4.6,2.48,713.0,83.3,2.87,0,0,0,0,0
0.11,5.49,2.11,723.1,71.4,3.62,1,0,0,1,0
2.62,7.11,2.53,709.7,87.7,4.8,0,0,1,1,0
2.18,6.2,2.42,692.5,96.6,3.16,0,0,0,0,0
0.69,5.66,2.13,727.5,94.0,3.61,0,0,0,0,0
0.66,7.38,2.37,687.7,107.7,2.89,0,0,0,0,0
2.92,6.17,3.03,731.1,111.5,3.11,0,1,1,1,1
1.54,6.96,2.2,743.2,91.1,2.64,0,0,0,0,0
1.02,4.11,1.58,724.3,99.9,4.34,0,1,1,1,0
0.88,5.13,1.99,721.3,87.7,3.54,1,1,1,1,1
2.03,6.94,2.41,700.7,111.2,2.82,0,0,0,0,0
1.3,6.51,3.16,706.4,84.3,2.94,0,1,0,0,0
2.06,6.13,3.27,697.0,94.5,3.29,0,0,0,0,0
1.92,5.42,2.73,703.2,86.3,2.82,0,0,0,0,0
1.33,6.48,1.99,716.6,98.8,3.73,0,0,0,0,0
1.46,6.43,2.96,736.8,75.6,3.52,0,0,0,0,0
2.19,6.3,1.94,683.2,91.1,3.06,0,0,0,0,0
1.23,5.7,2.36,704.8,103.8,4.2,0,0,1,1,0
1.95,6.86,3.39,704.5,94.4,2.94,1,1,1,1,1
0.91,5.76,2.16,705.0,100.6,1.32,0,0,0,0,0
0.57,6.45,1.55,720.6,97.0,4.0,0,0,0,0,0
4.68,5.39,1.24,723.4,113.5,2.76,1,1,1,1,1
1.78,5.74,2.04,714.8,94.8,3.36,0,0,0,0,0
3.14,6.69,2.34,697.6,90.3,4.04,1,0,1,0,0
1.4,5.96,2.72,718.6,83.4,3.47,1,1,1,1,1
1.54,5.89,2.64,713.6,100.6,2.41,0,0,0,0,0
3.13,6.79,2.11,724.8,96.2,3.56,0,0,1,1,0
1.56,6.15,3.27,696.1,65.4,3.53,0,0,0,0,0
1.4,6.27,1.26,691.2,75.9,3.05,0,1,0,0,0
4.73,7.53,2.67,689.0,75.8,3.45,0,1,0,1,0
3.99,5.27,2.4,714.5,74.0,3.41,0,1,0,0,0
1.07,4.93,2.61,730.2,79.0,4.25,0,0,0,0,0
2.81,7.04,3.06,718.9,96.0,1.47,0,1,0,1,0
1.62,5.81,2.0,700.6,105.3,2.34,0,0,0,0,0
1.03,6.84,2.64,715.9,86.2,2.7,0,0,0,0,0
2.01,5.72,2.4,707.4,101.3,4.19,0,0,0,0,0
1.89,5.2,1.0,713.6,109.2,2.56,1,1,1,1,1
1.54,5.63,2.74,685.0,91.5,3.43,0,0,0,0,0
1.29,6.28,3.25,697.7,108.4,2.89,0,0,0,0,0
1.3,6.98,1.66,738.7,106.4,3.8,0,0,0,0,0
4.67,6.0,2.55,687.0,96.0,2.3,0,0,0,0,0
1.72,6.55,2.81,709.0,121.6,2.18,0,0,0,0,0
2.55,6.92,1.81,707.5,84.0,4.89,0,0,0,0,0
1.37,7.46,2.91,731.1,111.5,2.82,0,0,0,0,0
3.33,5.71,2.46,724.2,121.9,3.99,0,0,1,0,0
0.9,5.72,2.7,718.1,81.1,5.0,0,0,0,0,0
0.33,4.56,1.38,714.7,97.4,1.7,0,0,0,0,0
1.21,5.09,2.29,722.5,102.2,2.92,0,1,0,0,0
6.11,5.31,1.6,712.3,96.6,1.0,0,0,1,1,0
3.1,6.87,2.37,726.1,92.1,4.26,0,0,0,0,0
1.28,5.28,2.83,731.4,79.7,2.37,0,0,0,0,0
0.56,4.55,2.91,734.0,92.5,2.75,0,0,0,0,0
3.59,7.41,2.46,723.7,102.1,4.24,1,1,1,1,1
1.47,6.18,2.73,713.0,86.0,3.82,0,0,0,0,0
0.45,4.72,3.85,679.2,103.6,5.59,0,0,0,0,0
0.28,6.66,2.32,729.5,95.3,3.73,0,1,0,0,0
1.06,4.61,1.62,687.2,102.6,2.76,0,0,0,0,0
0.67,5.78,2.66,719.4,118.0,3.69,0,0,0,0,0
0.4,5.5,1.95,717.8,100.6,2.43,0,0,0,0,0
2.27,5.84,2.75,713.9,88.2,2.78,0,0,0,0,0
0.81,7.1,2.61,700.0,100.5,2.55,0,0,0,0,0
1.49,4.32,2.64,703.2,105.6,1.0,1,1,1,1,1
3.56,7.16,1.83,694.9,97.5,1.89,1,1,1,1,1
2.0,5.23,2.51,716.3,92.8,3.27,0,0,0,0,0
1.72,6.58,1.81,688.0,104.9,2.51,0,0,0,0,0
2.81,5.78,2.97,666.9,97.5,3.91,1,0,0,0,0
1.23,6.99,2.15,711.7,86.8,4.01,0,0,1,1,0
2.48,6.85,1.31,706.8,85.8,3.75,0,0,0,0,0
0.37,4.3,2.06,737.5,89.8,4.67,0,0,1,1,0
5.73,5.54,2.41,698.9,110.5,4.33,1,0,0,1,1
2.57,7.35,2.12,721.2,105.2,3.78,1,1,1,1,1
1.84,5.97,3.09,698.5,78.7,2.85,1,1,0,1,1
0.44,6.58,2.8,688.0,116.2,3.11,1,1,1,1,1
0.48,5.95,2.22,721.1,88.6,4.68,0,0,0,0,0
3.41,5.61,2.76,705.6,82.5,3.42,0,0,1,1,0
1.08,6.26,3.07,725.9,107.7,3.87,0,0,0,0,0
1.25,7.7,2.43,707.4,99.9,2.27,0,0,0,0,0
0.46,7.96,2.39,722.2,108.0,3.7,0,0,0,0,0
4.7,5.1,2.38,720.4,89.0,3.13,0,0,0,0,0
2.92,4.12,1.94,727.4,102.2,4.27,1,1,0,0,1
1.99,5.97,2.75,718.7,89.6,2.42,0,1,0,0,0
6.9,6.35,1.98,730.9,109.3,3.82,0,1,1,1,1
1.04,5.09,2.31,722.1,107.2,3.47,0,0,0,0,0
2.91,6.14,1.71,717.6,102.3,2.56,1,0,0,0,0
0.89,6.23,2.68,720.4,100.0,3.19,0,0,0,0,0
0.71,5.71,2.44,705.4,97.1,3.03,0,0,1,0,0
1.81,6.22,2.04,708.4,101.6,2.41,1,1,1,1,1
2.44,7.71,2.59,711.0,92.0,2.19,1,1,1,1,1
0.99,7.03,2.87,708.8,81.0,1.0,0,0,0,0,0
2.96,5.66,2.92,705.8,100.4,3.37,0,0,0,0,0
3.05,6.68,2.03,690.4,105.5,2.14,0,0,0,0,0
1.72,6.47,2.49,701.8,113.4,3.23,1,1,0,1,1
1.4,6.82,2.14,714.9,81.9,2.9,0,0,0,0,0
2.06,6.31,2.41,725.5,93.0,5.4,0,0,0,0,0
1.95,5.17,2.16,692.7,111.7,2.85,0,0,0,0,0
2.61,5.32,2.39,704.9,110.0,4.9,0,0,0,0,0
1.68,6.47,2.08,720.7,89.4,1.56,1,1,1,1,1
4.97,6.54,2.97,697.1,94.2,3.12,0,0,0,0,0
0.99,5.36,2.29,719.3,99.1,3.82,0,0,0,0,0
4.83,5.78,2.11,728.7,100.6,2.25,1,0,1,0,1
1.49,7.42,2.55,711.0,108.6,3.18,0,0,0,0,0
1.35,6.38,1.87,699.4,75.7,1.38,0,0,0,0,0
1.15,5.54,2.64,724.0,81.0,3.13,0,0,0,0,0
0.14,4.5,2.38,734.4,102.6,2.75,0,0,0,0,0
1.76,5.41,3.84,721.5,79.2,2.33,0,0,0,0,0
1.44,5.66,2.06,723.5,78.9,3.67,0,0,0,0,0
5.82,5.18,2.94,707.9,102.5,4.43,1,0,1,1,1
1.77,6.24,2.34,712.1,122.9,2.94,0,0,0,0,0
