wind_speed_ms,wind_std_ms,air_density_kgm3,turbulence_intensity,blade_pitch_deg,rotor_rpm,ambient_temp_c,turbine_age_years,energy_kwh
4.95,0.81,1.238,0.185,-1.2,13.1,2.4,2.7,0.0
6.83,0.84,1.265,0.169,-2.0,15.3,12.1,5.9,527.2
1.44,0.05,1.225,0.114,-2.0,7.3,26.1,1.2,0.0
15.15,2.2,1.272,0.189,-2.0,18.6,9.5,10.0,8288.6
11.45,1.68,1.2,0.143,1.8,15.7,13.4,11.8,5403.1
8.4,1.09,1.23,0.192,10.3,14.3,17.5,8.1,1446.5
5.36,0.81,1.21,0.02,8.4,12.9,15.7,14.4,0.0
11.25,1.21,1.279,0.158,5.7,16.5,1.7,4.2,5369.5
5.16,1.22,1.201,0.135,16.8,14.5,20.0,0.8,91.0
6.23,1.07,1.281,0.127,4.2,16.9,27.2,2.8,480.0
4.55,0.4,1.286,0.141,13.5,13.4,19.7,15.6,0.0
7.39,0.62,1.276,0.114,4.7,16.0,24.0,10.6,954.2
10.63,0.68,1.23,0.101,1.8,17.0,12.2,7.6,4476.8
8.78,1.16,1.214,0.142,12.3,16.2,13.0,14.6,1270.0
2.46,0.09,1.183,0.167,9.4,8.8,27.5,11.3,0.0
10.69,1.58,1.154,0.151,8.2,18.5,11.1,19.5,2809.7
8.11,1.01,1.302,0.121,1.6,13.5,29.6,11.4,1327.9
4.99,0.5,1.249,0.177,8.5,11.5,10.5,7.3,0.0
2.66,0.54,1.309,0.201,8.7,11.8,19.8,11.3,0.0
9.37,1.08,1.298,0.193,-2.0,18.9,12.4,0.8,2269.6
5.55,1.4,1.221,0.078,-2.0,13.6,15.9,9.3,277.0
3.48,0.05,1.209,0.08,3.7,9.0,-13.1,3.4,0.0
2.94,0.35,1.192,0.153,7.8,9.3,5.6,5.1,0.0
2.12,0.29,1.207,0.122,2.2,9.8,-0.3,5.7,57.6
3.08,0.05,1.165,0.11,4.0,11.2,12.8,4.8,113.2
8.76,0.67,1.259,0.214,6.6,17.0,23.5,7.7,1726.0
3.27,0.4,1.201,0.093,3.3,13.3,12.2,13.4,0.0
3.85,0.88,1.155,0.144,13.3,9.8,12.1,7.5,0.0
7.01,0.7,1.229,0.18,4.3,13.8,18.6,10.6,348.6
8.04,1.37,1.198,0.046,-2.0,15.1,8.1,11.7,2557.2
1.42,0.34,1.219,0.102,0.8,9.4,15.6,0.5,0.0
8.34,1.0,1.247,0.084,4.3,15.9,15.2,5.6,1893.9
7.84,0.93,1.229,0.158,-2.0,18.1,2.2,5.2,1355.4
3.5,0.66,1.246,0.108,7.7,12.5,22.0,7.0,0.0
4.43,0.44,1.207,0.188,5.9,13.3,8.0,1.7,60.8
3.68,0.57,1.251,0.128,5.6,12.3,1.1,0.4,0.0
5.5,0.14,1.176,0.11,7.3,15.9,5.9,18.1,0.0
2.61,0.05,1.202,0.157,4.1,11.6,18.3,13.1,0.0
8.49,1.42,1.273,0.221,2.1,16.8,14.7,10.0,1832.9
2.93,0.05,1.221,0.055,2.7,9.5,6.7,0.3,94.5
8.12,1.09,1.178,0.04,10.7,15.3,27.6,13.6,1649.4
5.27,0.19,1.258,0.077,6.6,13.2,26.4,3.3,72.4
7.76,1.01,1.241,0.063,-2.0,12.9,11.4,4.4,1882.5
6.86,0.67,1.215,0.232,-2.0,12.3,7.4,15.2,595.5
2.51,0.26,1.13,0.048,2.8,10.8,28.3,18.0,0.0
5.02,0.75,1.246,0.182,8.9,13.6,10.4,3.4,0.0
16.3,2.05,1.21,0.1,14.9,23.1,25.3,13.0,7406.8
9.37,1.04,1.231,0.081,2.3,16.8,18.5,3.6,3100.0
6.03,0.27,1.228,0.122,5.8,17.7,19.3,14.4,0.0
8.56,1.17,1.27,0.117,-0.3,17.1,30.4,15.9,2043.4
1.07,0.3,1.196,0.133,-1.8,9.8,20.2,4.9,0.0
6.46,0.54,1.173,0.145,14.6,12.1,22.6,11.5,93.2
1.2,0.12,1.205,0.192,15.0,10.3,24.0,4.6,0.0
3.12,0.41,1.217,0.146,11.3,13.2,24.4,18.5,0.0
2.41,0.35,1.197,0.133,1.8,13.0,6.7,14.1,0.0
7.06,1.07,1.199,0.053,13.2,11.5,26.6,0.6,986.2
6.62,1.42,1.183,0.094,6.7,12.7,23.6,3.4,739.4
9.0,0.84,1.236,0.08,2.4,17.4,7.6,10.4,2668.0
10.39,0.98,1.222,0.12,6.3,16.2,14.9,7.2,4338.5
2.28,0.48,1.17,0.062,6.0,10.4,4.9,14.9,0.0
7.99,0.67,1.207,0.15,13.6,17.4,15.5,8.0,726.6
1.59,0.05,1.106,0.162,5.5,9.2,11.3,15.8,0.0
12.14,1.77,1.199,0.031,17.6,16.9,15.8,2.9,6301.7
5.42,0.22,1.215,0.083,10.9,13.4,17.5,14.2,83.2
5.08,0.9,1.202,0.064,9.0,11.2,14.9,8.8,0.0
5.79,0.83,1.234,0.169,2.3,13.5,18.8,13.7,0.0
6.03,0.6,1.231,0.186,18.9,11.0,4.6,6.0,0.0
1.77,0.26,1.239,0.084,12.1,7.7,17.5,4.1,0.0
3.51,0.33,1.144,0.165,7.6,10.9,15.7,17.9,0.0
3.55,0.93,1.21,0.128,4.3,9.2,22.4,0.3,142.6
8.61,1.24,1.239,0.203,8.0,18.8,12.9,0.1,1822.0
14.27,1.58,1.254,0.071,4.4,19.8,30.7,5.1,8775.8
6.21,0.73,1.24,0.034,15.0,12.9,2.5,9.5,0.0
8.92,1.53,1.25,0.213,3.8,15.6,5.3,9.0,1920.6
5.5,0.49,1.201,0.188,5.9,13.7,10.0,13.8,0.0
2.55,0.62,1.218,0.157,-1.0,10.1,18.5,15.6,0.0
1.23,0.05,1.274,0.189,-1.5,10.7,2.6,9.6,0.0
5.65,0.63,1.26,0.156,18.7,12.5,25.3,1.9,22.3
8.26,0.74,1.286,0.096,13.5,13.5,-11.0,18.3,1409.8
4.0,0.17,1.204,0.127,-1.2,12.0,18.9,12.7,0.0
6.35,0.67,1.239,0.082,3.6,13.5,5.0,13.5,683.5
2.58,0.05,1.187,0.227,-0.0,11.7,27.1,6.8,0.0
7.4,1.02,1.19,0.169,4.4,13.9,20.7,13.3,499.2
2.81,0.48,1.182,0.198,5.7,10.4,15.9,7.8,0.0
10.84,1.43,1.259,0.135,9.4,18.9,40.5,1.0,5020.7
5.65,0.44,1.146,0.113,6.1,13.7,19.5,2.1,189.1
6.26,0.24,1.242,0.112,2.6,13.3,21.7,10.7,810.4
8.7,1.3,1.231,0.164,15.2,15.3,4.9,14.0,1721.7
9.02,0.83,1.212,0.066,-2.0,15.2,7.0,6.3,2607.6
8.14,0.87,1.237,0.086,1.9,15.4,26.5,7.5,1446.7
3.72,0.05,1.222,0.09,6.4,13.5,13.7,17.5,0.0
6.36,0.95,1.255,0.167,-2.0,12.5,-9.6,11.0,254.2
4.45,0.05,1.17,0.15,14.8,14.7,8.6,8.6,0.0
2.67,0.05,1.207,0.141,3.1,11.9,18.8,6.6,0.0
8.16,0.91,1.159,0.073,9.6,15.7,21.6,4.0,1685.3
6.72,0.96,1.211,0.127,-0.5,12.9,4.7,8.5,386.9
6.72,1.21,1.24,0.156,6.6,12.9,16.3,9.4,384.2
10.88,1.22,1.2,0.035,-2.0,18.4,15.3,11.3,4052.3
1.06,0.48,1.267,0.155,-1.6,9.2,15.4,16.8,0.0
6.93,0.72,1.209,0.055,-1.0,15.0,20.3,5.8,817.3
7.82,1.15,1.21,0.097,13.0,14.5,11.6,13.6,1006.8
6.1,0.21,1.223,0.133,8.3,13.4,3.3,3.4,245.5
1.87,0.05,1.188,0.08,6.5,7.7,16.1,6.7,0.0
2.63,0.07,1.233,0.258,-2.0,10.3,16.9,19.9,0.0
5.36,0.82,1.268,0.113,20.8,13.9,12.9,9.1,0.0
7.24,0.86,1.197,0.09,2.9,14.8,-0.7,8.6,834.3
1.75,0.2,1.234,0.136,8.5,9.6,19.4,7.7,0.0
5.54,0.21,1.248,0.091,6.4,13.0,20.1,15.5,0.0
4.75,0.6,1.168,0.133,4.6,11.7,13.2,12.9,0.0
5.39,0.71,1.202,0.126,2.9,11.6,32.0,2.4,278.1
9.07,1.38,1.155,0.07,6.4,16.6,14.4,1.5,3758.7
1.98,0.58,1.228,0.074,8.0,11.1,17.4,2.9,0.0
5.44,0.55,1.18,0.091,-2.0,12.2,12.3,17.0,0.0
1.85,0.05,1.232,0.162,3.1,7.1,28.2,3.3,0.0
7.49,1.1,1.214,0.131,3.3,15.7,17.1,13.6,925.9
10.53,1.14,1.258,0.072,1.4,20.9,18.5,2.6,4097.6
1.78,0.27,1.242,0.209,7.5,9.7,14.9,1.6,0.0
9.5,1.14,1.161,0.15,-2.0,17.1,1.4,5.5,2419.3
5.34,0.91,1.209,0.138,8.9,12.4,20.3,13.6,0.0
7.64,1.16,1.167,0.157,3.9,15.3,9.4,10.5,917.7
3.26,0.58,1.239,0.116,11.6,9.8,14.6,3.2,0.0
13.91,1.16,1.204,0.066,20.8,19.8,1.2,3.3,7694.8
4.97,0.88,1.211,0.052,8.1,8.9,1.1,0.9,0.0
7.57,1.26,1.276,0.15,5.2,14.3,12.7,5.0,1659.7
7.9,0.81,1.216,0.193,-2.0,13.1,13.3,1.5,1032.9
1.07,0.43,1.178,0.186,1.7,7.6,16.4,15.4,0.0
1.96,0.32,1.277,0.105,-0.5,9.7,11.0,16.2,0.0
9.25,1.34,1.254,0.138,13.8,18.5,4.6,18.0,1838.0
3.03,0.28,1.169,0.17,12.3,8.8,19.2,18.5,0.0
0.6,0.83,1.223,0.084,3.6,9.2,27.0,19.5,0.0
5.13,0.24,1.236,0.181,0.2,9.9,19.1,4.4,360.5
8.21,1.35,1.208,0.121,-2.0,14.7,14.3,6.5,1270.2
4.13,0.98,1.166,0.116,-2.0,11.3,10.0,18.6,0.0
7.3,1.31,1.194,0.117,10.9,14.2,30.2,5.5,702.2
4.82,0.52,1.185,0.113,-0.6,13.1,23.7,14.1,0.0
6.29,0.72,1.27,0.102,5.1,13.7,9.7,7.2,220.1
7.44,0.48,1.252,0.18,-0.5,14.4,12.8,15.1,1001.7
9.96,1.29,1.192,0.051,-2.0,18.5,11.2,15.7,2724.5
4.58,0.49,1.223,0.038,-2.0,13.3,7.9,14.7,0.0
5.08,0.72,1.29,0.104,5.1,12.3,0.9,14.2,323.2
4.83,0.69,1.22,0.205,9.3,8.9,17.9,10.8,0.0
4.09,0.8,1.167,0.038,0.5,11.2,5.1,17.7,0.0
4.69,0.07,1.202,0.142,1.4,11.3,27.5,2.1,246.4
4.83,1.07,1.285,0.123,13.4,13.9,18.0,12.2,0.0
9.11,0.9,1.165,0.155,0.9,17.8,24.9,2.9,2190.6
14.51,1.66,1.173,0.215,-0.5,22.9,19.4,10.3,7317.1
9.63,1.37,1.293,0.107,0.0,16.5,23.5,6.4,3068.2
5.27,0.23,1.268,0.182,5.0,12.4,17.8,2.0,0.0
3.95,0.95,1.202,0.182,-2.0,10.8,15.8,13.3,0.0
5.83,0.21,1.202,0.052,-2.0,14.2,17.6,14.6,510.1
1.23,0.28,1.254,0.169,7.3,6.1,15.2,5.3,0.0
8.22,0.97,1.216,0.221,-0.2,15.3,11.5,17.0,1210.9
3.65,0.27,1.245,0.162,9.4,10.6,11.8,9.7,0.0
9.26,0.98,1.228,0.02,2.7,12.8,15.8,10.3,2744.6
3.55,0.05,1.211,0.132,-2.0,8.5,11.5,8.1,0.0
7.13,0.6,1.272,0.106,-2.0,15.4,5.7,1.7,1547.6
5.63,0.58,1.241,0.161,3.8,12.2,14.8,19.7,0.0
6.45,0.65,1.252,0.184,-2.0,14.8,12.1,10.1,1049.9
6.23,0.72,1.243,0.092,10.0,15.9,9.0,20.0,123.7
10.9,1.57,1.214,0.119,6.9,16.2,34.0,19.6,4001.8
2.4,0.05,1.295,0.131,11.5,12.2,20.5,17.1,0.0
2.42,0.24,1.2,0.236,0.7,9.6,-3.3,6.0,0.0
11.4,1.11,1.179,0.097,7.5,18.6,14.9,10.8,5111.9
7.97,1.32,1.21,0.08,7.0,16.2,5.4,1.9,1567.7
7.13,0.52,1.21,0.176,3.9,15.6,11.2,8.1,772.9
8.38,0.51,1.217,0.219,1.4,15.4,5.4,8.5,2868.7
7.66,0.87,1.208,0.174,13.9,16.3,13.9,7.1,719.4
7.41,1.3,1.242,0.124,-1.4,14.0,21.3,13.1,291.2
10.84,1.14,1.281,0.173,5.3,18.6,7.5,5.5,4962.8
5.47,0.83,1.183,0.12,3.1,14.3,23.1,0.6,343.3
3.92,0.49,1.256,0.109,6.1,10.8,15.4,4.9,0.0
9.65,0.87,1.194,0.189,-0.5,14.3,28.2,7.9,2858.6
11.31,0.93,1.21,0.191,-2.0,17.1,15.2,13.8,4693.0
9.58,1.09,1.262,0.195,-2.0,16.8,1.7,6.1,2418.9
0.5,0.51,1.213,0.212,7.7,8.8,-4.7,9.3,0.0
5.41,0.97,1.272,0.187,-2.0,10.3,17.8,16.7,0.0
8.27,1.37,1.187,0.243,9.6,15.5,10.8,7.6,1325.8
2.71,0.05,1.238,0.16,7.1,12.2,16.5,16.1,0.0
0.68,0.23,1.223,0.095,-0.4,8.7,14.5,13.6,0.0
6.27,0.57,1.268,0.103,6.0,15.6,20.6,12.0,259.5
11.38,0.99,1.183,0.178,1.4,17.6,-3.3,13.5,4608.3
9.78,1.14,1.171,0.15,6.5,15.8,12.7,7.2,2720.6
3.68,0.66,1.132,0.102,-0.4,9.7,25.6,16.5,0.0
10.67,0.87,1.213,0.149,10.4,15.8,8.7,9.7,3980.9
4.22,0.99,1.236,0.163,10.6,12.2,16.2,8.5,0.0
4.38,0.33,1.209,0.11,10.9,13.7,16.4,8.5,0.0
6.44,1.0,1.217,0.042,-2.0,14.1,7.6,9.2,611.9
5.04,0.19,1.324,0.154,2.8,13.7,14.5,14.8,169.0
8.39,1.3,1.245,0.121,-1.8,17.6,15.5,9.3,1492.2
9.0,1.72,1.222,0.125,-2.0,16.8,12.6,19.0,1983.7
7.99,0.99,1.177,0.209,-0.7,15.2,19.9,13.6,738.2
9.22,1.14,1.257,0.078,9.0,17.3,22.6,1.1,2711.4
4.06,0.72,1.241,0.151,5.8,10.7,-0.2,2.5,358.1
5.09,0.61,1.172,0.067,10.3,9.8,31.7,15.3,0.0
4.28,0.23,1.191,0.151,-1.2,10.0,5.4,19.8,0.0
0.64,0.2,1.192,0.092,-0.6,8.7,14.7,18.8,0.0
3.84,0.27,1.163,0.209,3.7,13.9,18.5,1.6,0.0
0.6,0.29,1.233,0.191,0.6,6.6,29.3,6.2,0.0
9.34,1.15,1.23,0.128,4.8,15.9,11.0,4.2,3027.4
6.44,1.08,1.293,0.22,11.7,12.8,1.7,11.3,0.0
8.18,0.71,1.295,0.04,2.2,15.8,3.1,18.1,1669.4
4.53,0.29,1.291,0.188,3.9,11.3,1.1,5.7,0.0
5.94,0.58,1.235,0.182,1.0,11.5,33.7,16.9,57.5
9.27,0.7,1.249,0.177,6.2,17.7,23.4,10.0,2278.5
7.52,0.86,1.203,0.035,3.2,14.1,2.6,19.9,1159.2
3.9,0.84,1.218,0.106,-2.0,8.8,14.7,2.4,0.0
9.2,0.92,1.21,0.139,7.2,17.7,18.0,5.9,2585.7
6.96,0.38,1.183,0.184,2.2,12.3,-0.9,5.6,693.8
10.56,1.19,1.21,0.08,10.1,18.9,17.1,0.4,4374.7
8.02,0.68,1.192,0.148,3.9,17.4,25.1,7.8,1624.7
3.8,0.2,1.246,0.174,0.6,9.5,18.3,4.9,0.0
8.74,0.83,1.259,0.16,9.8,14.2,10.2,16.8,2125.9
4.7,0.59,1.221,0.097,7.5,11.9,14.2,7.3,0.0
6.53,0.66,1.219,0.148,3.4,14.5,15.9,18.5,292.2
1.09,0.17,1.168,0.185,8.8,8.7,19.4,8.7,0.0
6.79,0.92,1.233,0.195,-2.0,11.5,21.4,14.0,335.5
7.46,0.85,1.338,0.159,13.4,18.4,8.0,14.3,991.8
7.47,1.36,1.228,0.063,-2.0,18.0,26.2,4.9,1725.4
11.72,1.18,1.205,0.139,13.6,19.3,27.3,3.4,4944.7
7.21,0.74,1.195,0.236,2.0,15.9,9.1,8.7,576.9
8.9,0.81,1.178,0.082,-2.0,13.7,17.4,8.9,2613.1
7.24,0.64,1.212,0.175,4.8,13.6,9.1,11.2,340.4
3.95,0.39,1.19,0.177,-2.0,11.2,-5.2,18.4,0.0
4.63,0.41,1.183,0.15,4.6,12.2,19.8,12.6,0.0
5.13,1.09,1.18,0.135,6.9,13.1,6.7,11.7,238.8
3.03,0.95,1.231,0.213,6.2,11.8,25.0,1.5,0.0
8.28,1.11,1.252,0.082,16.7,15.5,16.0,16.0,1431.4
0.93,0.05,1.14,0.197,-0.2,7.1,14.4,0.2,0.0
4.83,1.25,1.324,0.151,-2.0,14.0,18.7,8.4,0.0
8.81,1.23,1.237,0.102,16.8,15.0,15.0,19.4,1505.0
14.13,1.71,1.257,0.148,-0.4,19.8,21.5,11.9,8357.5
4.4,0.39,1.216,0.127,1.7,9.6,14.4,14.4,40.9
3.31,0.56,1.196,0.237,4.5,11.9,-6.7,10.0,0.0
3.73,0.22,1.224,0.175,12.6,13.2,24.9,2.8,0.0
13.57,1.84,1.262,0.1,3.5,20.6,21.9,10.2,7732.8
3.2,0.11,1.104,0.18,8.5,11.0,30.3,3.2,0.0
12.28,2.3,1.241,0.15,6.2,20.2,11.3,14.1,6267.2
13.31,1.37,1.265,0.167,2.6,18.6,4.0,0.1,8619.9
6.18,0.57,1.267,0.113,-0.3,13.9,23.1,14.5,310.3
6.68,1.06,1.324,0.158,2.7,14.5,-12.7,0.3,725.0
3.4,0.05,1.28,0.142,-2.0,9.8,9.8,16.4,0.0
4.37,0.36,1.184,0.109,9.7,13.7,6.2,5.0,0.0
8.44,0.89,1.205,0.136,17.1,15.1,16.6,16.4,972.9
4.65,0.87,1.204,0.109,14.6,12.9,25.7,12.2,0.0
5.31,0.64,1.244,0.12,-1.4,12.3,11.2,8.9,0.0
5.85,0.32,1.239,0.158,4.7,12.2,25.7,15.5,611.6
8.12,0.98,1.242,0.166,-2.0,15.9,-2.4,15.1,953.3
1.85,0.05,1.229,0.139,-1.4,9.9,-0.9,4.2,11.0
3.54,0.06,1.251,0.157,1.4,14.3,21.8,2.7,0.0
6.9,0.77,1.226,0.092,4.7,13.3,1.2,11.1,1178.4
5.68,0.43,1.216,0.144,2.7,13.8,11.9,2.6,0.0
6.75,0.78,1.26,0.194,-1.5,13.2,13.8,12.7,349.0
8.55,1.19,1.263,0.073,-2.0,16.6,15.4,0.9,2216.1
7.07,1.4,1.256,0.196,-2.0,15.1,14.7,15.5,403.9
3.54,0.12,1.237,0.108,8.2,11.2,14.5,4.3,0.0
5.09,0.77,1.209,0.14,7.4,12.4,10.0,13.8,0.0
8.39,1.26,1.237,0.273,-2.0,17.1,3.1,12.8,1136.3
8.13,1.03,1.175,0.135,13.4,16.0,19.1,16.9,1029.5
6.42,0.72,1.182,0.155,1.0,13.0,13.7,11.6,547.3
4.16,0.13,1.277,0.121,10.5,10.4,15.7,5.6,0.0
2.63,0.23,1.263,0.138,3.6,10.8,22.7,17.8,0.0
8.03,1.38,1.193,0.036,8.5,11.8,18.5,11.5,791.5
5.56,0.88,1.21,0.1,12.2,9.3,3.8,1.8,335.3
0.5,0.35,1.225,0.055,6.8,7.6,5.0,1.7,0.0
7.12,1.17,1.248,0.049,18.7,16.8,27.6,6.5,697.8
2.65,0.46,1.244,0.182,-2.0,14.9,21.4,8.1,0.0
6.75,1.14,1.212,0.123,-1.1,15.1,1.7,12.0,308.6
5.16,0.05,1.252,0.192,-2.0,14.5,20.0,12.2,0.0
6.15,0.43,1.142,0.11,1.4,13.6,20.3,12.8,596.9
1.94,0.93,1.216,0.127,6.4,12.5,14.1,16.5,0.0
6.87,0.98,1.236,0.073,3.3,14.7,10.9,6.1,866.6
11.57,1.99,1.127,0.193,7.8,20.8,5.6,10.5,4354.4
7.02,1.49,1.183,0.131,2.8,14.9,32.0,17.8,548.6
7.85,1.08,1.213,0.156,11.0,13.2,9.2,11.0,991.2
3.51,0.63,1.214,0.179,-2.0,10.8,30.6,16.3,0.0
7.48,1.12,1.186,0.109,7.8,17.2,15.1,6.0,1292.7
5.96,1.04,1.166,0.151,-2.0,13.7,8.0,16.2,0.0
1.91,0.42,1.23,0.088,4.1,9.5,21.8,17.5,0.0
9.17,0.57,1.276,0.138,-2.0,14.8,35.3,10.8,2262.7
11.88,1.38,1.236,0.102,7.4,18.6,5.4,16.3,6014.1
4.33,0.09,1.157,0.199,6.0,14.3,28.4,7.1,0.0
3.61,0.46,1.199,0.161,-0.7,12.7,8.6,19.7,0.0
6.27,1.25,1.242,0.211,1.4,14.3,10.3,15.7,550.3
12.82,1.7,1.226,0.142,-2.0,20.9,29.2,7.3,7448.5
8.15,1.07,1.234,0.227,6.5,15.3,9.5,5.7,1304.9
2.68,0.28,1.229,0.191,5.4,13.3,25.2,18.3,0.0
4.57,0.6,1.194,0.171,-2.0,15.4,11.6,10.7,0.0
6.95,1.03,1.269,0.169,11.9,12.9,-2.7,8.9,516.5
2.06,0.26,1.249,0.204,3.3,8.9,19.8,9.6,0.0
0.94,0.27,1.153,0.182,4.0,8.7,6.9,3.7,0.0
1.77,0.38,1.167,0.181,9.9,8.2,31.3,0.4,0.0
8.76,1.15,1.28,0.092,0.7,14.1,6.8,1.6,2515.8
2.83,0.29,1.232,0.169,8.4,11.1,15.2,2.8,0.0
11.02,2.05,1.201,0.077,3.4,19.6,38.5,3.3,4820.6
1.9,0.47,1.265,0.089,-1.3,10.7,8.0,15.2,0.0
5.35,0.77,1.226,0.154,5.1,14.1,2.0,4.2,0.0
8.35,0.56,1.253,0.052,-0.9,12.7,-0.0,18.7,1467.9
4.89,1.2,1.194,0.136,-1.0,14.2,32.6,5.1,158.8
12.82,1.9,1.156,0.12,2.1,16.9,29.9,19.4,6828.3
10.09,1.46,1.213,0.141,4.6,17.5,19.1,17.6,3412.0
8.33,1.05,1.275,0.181,8.3,17.9,1.7,15.9,1552.2
8.65,1.56,1.193,0.203,8.8,15.8,10.8,19.7,1412.6
7.62,0.97,1.283,0.137,-1.6,13.7,22.8,15.2,1330.1
9.72,0.49,1.211,0.177,0.8,17.9,7.9,1.6,2483.8
12.16,1.67,1.284,0.156,1.4,17.6,31.0,11.9,6463.2
8.42,1.03,1.237,0.154,2.6,14.5,26.9,2.2,1948.1
11.74,1.39,1.223,0.065,8.5,20.2,20.4,14.7,5603.6
11.38,1.67,1.171,0.185,11.7,18.0,-0.1,13.7,4445.5
1.53,0.05,1.183,0.101,4.6,8.7,19.4,16.9,0.0
5.59,0.51,1.219,0.111,7.5,15.1,19.6,6.6,0.0
1.89,0.84,1.224,0.174,15.3,8.4,7.0,19.5,0.0
13.35,2.18,1.282,0.176,6.0,21.3,13.2,6.0,8636.3
4.65,0.32,1.245,0.187,4.7,14.4,3.7,3.3,0.0
7.12,0.26,1.23,0.115,5.6,15.6,12.7,10.0,880.7
4.79,0.26,1.191,0.083,-2.0,10.1,-0.5,13.5,0.0
2.59,0.21,1.21,0.107,0.2,8.4,22.3,1.6,0.0
0.93,0.08,1.218,0.088,3.2,8.6,6.9,14.3,0.0
11.73,1.23,1.237,0.088,11.0,18.3,13.0,6.6,5883.9
6.82,0.71,1.196,0.184,-0.8,13.9,23.9,12.6,163.1
1.49,0.32,1.185,0.054,-2.0,8.8,6.9,17.5,0.0
8.2,1.22,1.242,0.082,2.3,12.8,18.2,18.1,1780.7
7.98,1.59,1.23,0.14,7.8,15.2,14.1,14.4,1266.1
2.21,0.52,1.249,0.103,13.8,12.1,15.5,12.0,0.0
10.63,0.86,1.206,0.167,5.6,15.4,1.0,17.8,3468.2
5.92,0.12,1.2,0.126,8.6,15.1,15.5,1.5,235.7
6.64,1.13,1.263,0.134,-0.1,14.2,20.0,15.9,204.2
4.46,0.83,1.244,0.164,15.3,10.7,7.1,10.7,0.0
7.1,1.0,1.204,0.036,9.0,11.6,7.4,6.4,1113.9
3.39,0.23,1.217,0.107,5.3,9.7,1.0,17.0,0.0
6.41,0.84,1.193,0.177,10.8,12.0,9.5,4.1,22.5
9.64,1.5,1.165,0.164,5.4,14.6,25.3,17.9,2318.8
9.06,0.99,1.29,0.114,2.2,15.9,1.5,4.8,2364.4
8.77,0.52,1.234,0.184,9.8,11.5,8.0,5.5,2068.8
7.86,1.37,1.314,0.069,-2.0,15.1,21.0,16.0,1343.9
9.81,0.99,1.267,0.108,0.2,15.8,12.0,4.2,3630.0
2.16,0.18,1.181,0.097,4.6,10.0,23.9,11.1,0.0
9.16,1.47,1.208,0.082,9.1,17.4,15.2,13.2,2386.3
2.91,0.68,1.273,0.178,13.3,9.8,32.4,7.6,0.0
8.33,1.03,1.162,0.107,8.7,11.8,5.3,9.4,1425.3
8.09,0.95,1.238,0.105,8.6,14.1,0.1,18.3,1328.7
1.87,0.29,1.195,0.165,11.4,8.1,15.9,7.6,0.0
5.63,1.1,1.269,0.14,-2.0,12.3,16.8,8.0,66.5
11.68,1.1,1.185,0.041,13.9,16.7,11.3,1.7,5527.0
6.18,0.98,1.251,0.195,16.5,14.5,28.2,13.3,106.8
6.44,0.9,1.257,0.244,0.9,13.5,18.9,9.7,88.7
7.96,1.13,1.232,0.245,-2.0,14.5,26.7,9.6,1271.2
8.06,1.05,1.282,0.174,12.8,15.8,16.7,7.9,1249.9
2.78,0.47,1.232,0.131,5.8,8.8,15.3,0.1,0.0
4.87,0.98,1.272,0.083,-2.0,10.0,20.2,2.5,0.0
4.6,0.78,1.206,0.09,3.4,12.4,7.1,17.7,0.0
8.83,0.85,1.194,0.123,7.2,18.1,2.0,2.5,2460.8
9.58,1.36,1.235,0.081,7.9,16.9,19.9,9.1,2663.1
2.77,0.55,1.223,0.068,13.9,12.1,-0.5,10.3,0.0
8.45,0.67,1.28,0.13,-2.0,18.1,9.5,17.6,1686.6
8.61,0.79,1.242,0.117,7.9,16.6,7.9,5.8,1593.3
1.05,0.05,1.262,0.116,0.7,9.2,24.8,6.0,0.0
11.22,2.08,1.18,0.205,10.9,16.9,5.7,16.5,4368.0
11.22,0.92,1.266,0.173,14.2,17.7,15.0,1.2,4332.6
7.41,0.64,1.287,0.134,8.6,16.1,-1.6,1.9,905.3
2.24,0.7,1.189,0.135,-2.0,10.2,1.8,16.5,0.0
7.65,1.51,1.185,0.147,3.6,16.4,9.1,1.5,1064.3
7.61,1.16,1.231,0.162,-2.0,14.9,9.0,14.0,929.1
1.2,0.05,1.301,0.101,6.5,6.3,4.5,4.0,0.0
0.5,0.19,1.286,0.163,-2.0,4.0,2.4,8.5,0.0
8.53,1.19,1.203,0.192,11.3,13.1,10.0,4.3,1237.9
10.68,1.51,1.248,0.099,4.6,18.2,28.7,17.6,3886.8
3.67,0.05,1.232,0.193,6.8,11.5,19.2,14.9,0.0
1.78,0.05,1.256,0.097,4.4,9.5,9.3,19.0,0.0
2.93,0.11,1.259,0.262,6.7,10.2,15.1,9.2,0.0
3.53,0.61,1.208,0.145,1.6,10.9,12.8,17.3,0.0
12.63,0.94,1.183,0.186,12.6,17.6,26.2,4.8,6065.9
9.74,0.96,1.245,0.169,11.2,14.1,19.9,16.5,2638.5
5.66,0.95,1.205,0.134,-1.1,13.6,30.7,3.0,0.0
13.15,1.18,1.255,0.285,-2.0,20.3,26.6,14.9,7423.8
5.28,0.94,1.191,0.111,-1.9,12.3,-5.1,15.5,0.0
11.97,0.93,1.258,0.198,-1.0,21.5,19.7,14.8,5607.0
5.65,0.78,1.244,0.072,5.4,15.9,17.4,9.5,172.4
14.0,1.68,1.23,0.158,1.7,19.8,3.2,12.6,7427.8
6.77,1.45,1.24,0.145,4.9,13.4,24.0,8.7,1259.4
1.17,0.97,1.24,0.227,8.0,10.1,17.8,19.5,0.0
0.72,0.08,1.218,0.116,-2.0,9.6,11.7,3.8,0.0
1.92,0.55,1.262,0.089,0.1,9.7,16.9,3.3,0.0
4.02,0.19,1.149,0.148,11.3,12.1,28.7,11.0,0.0
9.58,1.05,1.222,0.214,-2.0,17.5,1.5,3.6,2564.5
4.9,0.94,1.243,0.128,2.7,12.0,17.3,14.1,0.0
0.72,0.05,1.171,0.131,-2.0,9.0,4.9,14.6,0.0
8.02,0.55,1.194,0.12,9.8,15.2,4.9,16.2,986.6
5.17,0.71,1.252,0.163,2.3,12.8,18.6,1.5,0.0
8.91,1.24,1.231,0.139,7.9,15.6,20.0,2.0,2170.1
2.78,0.05,1.194,0.178,1.7,11.9,7.5,15.6,0.0
5.13,0.84,1.238,0.178,18.0,13.9,16.6,9.8,0.0
8.05,0.83,1.211,0.184,2.1,16.3,22.8,8.7,1867.0
1.99,0.05,1.239,0.187,8.2,11.9,17.6,15.0,0.0
10.21,2.05,1.235,0.147,2.5,20.7,31.5,0.6,3017.3
1.78,0.05,1.295,0.13,9.4,10.0,19.4,19.0,0.0
12.52,1.42,1.243,0.097,4.4,18.9,24.5,0.8,7418.7
9.63,0.72,1.152,0.161,6.0,17.2,4.9,4.8,2417.3
7.79,1.24,1.244,0.235,6.7,14.1,-0.5,17.6,1097.0
5.16,0.96,1.261,0.179,7.1,14.3,5.5,6.0,442.4
1.86,0.83,1.243,0.147,2.5,7.1,25.3,14.1,0.0
11.22,1.34,1.249,0.182,11.0,19.2,19.9,17.6,4284.3
9.84,1.44,1.186,0.207,16.1,15.5,8.1,19.2,2417.4
8.03,1.23,1.257,0.122,1.4,15.8,7.9,9.5,1548.0
2.92,0.25,1.217,0.087,1.3,10.0,12.2,4.1,0.0
2.22,0.3,1.234,0.146,16.6,10.0,12.7,19.1,0.0
2.88,0.57,1.199,0.112,-2.0,10.7,-9.1,8.7,0.0
2.46,0.25,1.194,0.206,12.9,8.6,10.6,15.3,0.0
1.24,0.11,1.249,0.117,8.8,8.6,16.2,14.8,0.0
2.67,0.12,1.238,0.094,6.3,9.7,2.9,7.5,0.0
4.67,0.45,1.219,0.15,9.7,12.0,18.6,9.4,0.0
3.31,0.22,1.245,0.152,3.6,13.1,5.5,14.7,0.0
3.36,0.12,1.171,0.181,-0.7,11.8,21.9,11.0,0.0
3.72,0.06,1.276,0.095,1.7,9.2,-5.1,7.8,174.8
2.87,0.23,1.244,0.196,-2.0,8.4,6.9,5.3,0.0
13.43,1.39,1.219,0.159,6.8,19.3,9.5,8.6,7638.9
11.45,0.85,1.1,0.144,9.9,17.5,13.2,16.1,4523.2
5.28,0.18,1.181,0.119,7.0,11.9,14.8,8.1,220.8
1.95,0.4,1.164,0.063,-2.0,7.3,13.7,7.7,300.4
7.3,0.51,1.228,0.143,11.1,16.0,8.1,10.0,897.6
3.36,0.13,1.184,0.122,6.6,10.9,10.5,5.6,0.0
7.78,0.57,1.264,0.113,10.3,14.3,18.6,10.1,1196.7
1.46,0.27,1.106,0.097,-2.0,8.1,11.4,16.5,0.0
9.9,1.1,1.211,0.174,7.0,15.4,4.3,3.5,2750.0
9.9,1.27,1.231,0.02,0.6,17.3,7.1,14.6,3516.0
9.53,1.17,1.222,0.106,10.7,17.1,20.1,3.1,2788.1
7.3,0.97,1.224,0.205,19.5,15.9,22.2,6.4,416.7
0.96,0.11,1.202,0.102,-2.0,8.4,15.8,11.9,0.0
7.8,0.84,1.196,0.149,-2.0,15.4,11.6,2.0,1060.6
9.37,1.17,1.214,0.164,15.2,15.1,11.3,4.9,2200.9
12.22,1.37,1.218,0.173,6.4,20.5,9.2,7.7,6251.0
2.69,0.05,1.253,0.104,10.7,10.4,23.7,9.5,0.0
9.85,1.0,1.196,0.047,-2.0,16.6,7.2,7.9,3060.1
5.67,0.54,1.313,0.097,-2.0,12.5,8.0,11.8,164.9
2.13,0.29,1.2,0.203,6.6,5.5,21.6,7.5,65.7
4.59,1.1,1.223,0.178,-2.0,12.6,15.5,5.4,131.5
8.03,0.92,1.234,0.153,0.6,13.7,18.5,2.3,1652.2
4.07,0.92,1.252,0.145,-1.3,12.6,20.5,12.6,0.0
9.49,1.27,1.252,0.08,12.3,15.3,10.6,11.5,2420.8
2.52,0.31,1.287,0.128,11.6,11.1,8.8,19.5,0.0
11.32,0.98,1.213,0.148,9.0,19.2,10.6,12.0,4539.8
5.14,0.69,1.205,0.152,15.2,14.4,11.3,1.3,26.0
4.3,0.3,1.197,0.128,-0.6,12.9,4.8,9.2,234.4
8.26,0.71,1.206,0.209,9.1,14.4,29.9,0.9,1162.0
6.75,0.24,1.212,0.139,-1.1,13.8,2.9,1.9,756.8
6.47,0.32,1.28,0.14,7.3,13.2,17.0,4.1,430.3
8.51,0.79,1.228,0.079,2.2,15.2,9.9,8.5,1664.8
5.75,0.93,1.229,0.125,12.5,15.7,7.3,2.4,15.5
5.67,0.47,1.232,0.152,2.6,12.4,28.1,8.6,187.7
4.99,0.26,1.285,0.234,3.1,13.1,28.5,2.9,0.0
11.51,1.44,1.235,0.143,4.7,21.9,-4.9,15.6,5148.4
7.44,0.85,1.228,0.088,6.2,16.3,17.5,5.8,734.6
9.95,1.12,1.21,0.228,19.7,17.0,13.8,15.5,2140.6
4.69,0.48,1.199,0.215,2.7,12.2,4.8,17.3,0.0
2.52,0.51,1.24,0.141,-2.0,11.1,2.5,12.8,0.0
4.41,0.87,1.196,0.216,-0.8,10.6,16.1,12.3,0.0
2.4,0.55,1.263,0.119,10.6,12.3,30.0,14.3,0.0
14.44,1.42,1.234,0.137,6.5,20.3,13.8,8.9,8019.0
6.06,1.11,1.164,0.089,-0.3,12.7,21.4,18.5,163.8
1.41,0.05,1.284,0.114,4.6,8.5,8.1,14.3,0.0
5.94,0.64,1.194,0.16,5.6,11.3,11.1,13.6,10.4
3.13,0.05,1.198,0.123,14.4,9.2,23.3,6.3,0.0
11.41,1.12,1.242,0.132,-0.3,16.9,15.4,10.8,5434.1
6.22,1.0,1.146,0.216,-2.0,14.3,26.1,16.2,421.5
5.08,1.08,1.169,0.064,10.4,13.5,4.1,5.8,0.0
6.01,0.71,1.182,0.082,3.8,13.9,22.9,7.0,779.7
3.45,0.05,1.215,0.059,-2.0,12.1,31.7,17.8,0.0
2.31,0.06,1.35,0.091,4.7,10.5,16.6,10.4,0.0
5.5,0.57,1.227,0.157,-2.0,12.7,-1.7,17.8,0.0
7.16,0.5,1.225,0.122,5.0,15.2,22.9,16.9,978.0
10.7,1.92,1.267,0.141,7.9,17.8,25.2,12.4,3957.3
1.68,0.05,1.245,0.163,0.3,9.5,8.6,17.8,0.0
1.88,0.1,1.241,0.07,-2.0,13.4,13.0,3.6,171.1
7.65,0.64,1.168,0.107,0.6,14.0,1.4,5.6,1125.1
5.13,0.77,1.224,0.09,1.6,13.1,17.7,15.7,0.0
2.22,0.05,1.181,0.156,-1.8,9.0,6.1,13.1,0.0
6.24,0.66,1.223,0.132,1.3,15.0,29.7,14.5,245.4
3.51,0.61,1.341,0.181,6.2,10.5,14.9,10.9,0.0
5.42,0.77,1.191,0.17,13.0,16.4,1.7,13.0,0.0
6.0,0.34,1.206,0.205,3.2,13.7,21.4,6.0,88.6
12.08,1.16,1.233,0.155,-1.4,18.2,14.8,14.1,5999.9
4.49,0.14,1.211,0.114,-0.6,11.3,8.5,7.0,0.0
5.17,0.94,1.226,0.143,-1.4,15.8,30.5,9.9,0.0
4.33,0.11,1.247,0.157,-2.0,9.5,14.0,10.7,4.3
6.77,0.22,1.178,0.076,-2.0,14.4,30.7,5.2,47.5
4.42,0.05,1.166,0.111,11.2,11.4,7.0,8.1,0.0
9.88,0.9,1.166,0.188,6.2,16.8,10.6,10.1,2916.0
4.32,1.03,1.227,0.02,7.1,13.4,17.0,13.9,0.0
4.07,0.16,1.235,0.073,5.7,7.6,19.8,2.0,62.8
6.83,1.47,1.235,0.12,0.6,14.6,11.1,15.2,491.7
2.82,0.05,1.182,0.196,2.3,11.7,17.3,9.7,0.0
4.99,0.08,1.245,0.109,5.8,12.1,-0.1,1.3,294.4
13.18,1.58,1.244,0.136,6.8,21.8,7.4,19.7,7224.1
8.97,1.6,1.256,0.183,6.4,17.9,11.9,11.3,2013.2
7.52,1.08,1.211,0.097,9.8,15.7,22.2,9.9,978.0
9.65,1.2,1.197,0.12,-1.5,19.6,25.1,3.4,3341.6
2.05,0.23,1.197,0.115,3.0,10.0,16.8,17.3,0.0
8.23,1.23,1.198,0.22,1.2,15.6,6.1,9.5,883.2
2.32,0.75,1.197,0.137,2.5,11.1,25.8,6.4,0.0
3.92,0.46,1.224,0.161,-2.0,15.1,14.3,19.1,20.6
9.25,1.15,1.184,0.155,4.5,16.5,23.1,3.4,2306.5
6.47,0.84,1.246,0.207,11.6,15.7,16.6,19.5,0.0
9.21,1.13,1.257,0.133,18.9,16.5,15.9,6.7,2345.4
2.9,0.05,1.201,0.155,-2.0,11.5,21.5,1.5,0.0
8.02,0.74,1.285,0.132,4.0,17.1,36.0,14.0,1003.2
4.37,0.5,1.212,0.02,9.9,11.2,8.7,7.3,0.0
8.86,1.41,1.306,0.079,2.3,14.0,30.1,1.6,2566.5
5.81,0.24,1.253,0.116,5.1,14.1,13.7,5.3,745.6
6.04,0.89,1.22,0.191,7.5,14.9,8.3,8.9,202.5
10.06,1.1,1.265,0.132,4.0,16.9,20.1,14.7,3030.9
13.06,1.62,1.173,0.134,16.6,18.7,13.1,2.8,6968.2
1.04,0.61,1.192,0.211,8.9,9.6,6.2,4.0,0.0
2.96,0.48,1.227,0.089,3.0,10.1,27.2,0.1,282.4
3.14,0.4,1.295,0.21,4.3,9.1,17.4,11.2,0.0
4.82,0.42,1.11,0.17,-2.0,11.2,32.9,19.6,0.0
6.94,1.03,1.24,0.105,-2.0,16.0,2.2,11.6,941.0
10.36,0.91,1.202,0.167,9.2,15.5,5.4,12.1,3426.2
1.62,0.05,1.208,0.237,14.1,10.9,20.8,18.4,0.0
5.13,0.85,1.217,0.081,7.4,11.8,7.1,2.8,0.0
6.31,0.67,1.152,0.068,10.7,13.3,10.8,15.3,144.8
1.93,0.53,1.205,0.171,3.5,9.9,23.6,5.8,0.0
5.83,1.31,1.228,0.088,-2.0,11.9,7.3,18.4,326.4
4.19,0.52,1.224,0.164,-2.0,10.5,14.3,17.1,0.0
9.64,1.44,1.258,0.081,12.5,16.9,-3.6,14.7,3161.1
1.48,0.05,1.2,0.086,5.9,11.3,20.7,12.3,0.0
5.16,0.18,1.263,0.121,-1.3,12.3,24.6,16.7,0.0
9.03,1.24,1.229,0.186,9.6,15.2,6.6,5.2,2015.7
4.11,0.78,1.222,0.116,4.3,13.4,14.1,5.5,356.3
6.03,1.24,1.241,0.094,3.0,14.0,13.9,8.4,773.7
3.42,0.46,1.216,0.122,-0.6,10.3,25.4,10.5,0.0
5.14,0.66,1.247,0.106,-2.0,9.3,3.3,19.1,0.0
9.07,0.95,1.146,0.167,2.3,16.1,11.7,1.4,2021.0
6.84,1.03,1.224,0.148,12.3,12.4,23.0,9.7,148.0
8.94,1.3,1.146,0.123,14.5,17.8,7.6,14.1,1280.2
7.51,1.62,1.266,0.182,2.7,14.0,11.2,1.0,1112.4
8.4,0.83,1.162,0.171,9.7,16.7,15.6,6.4,2094.1
7.31,1.03,1.217,0.027,0.2,15.9,14.0,19.8,959.6
4.62,0.39,1.235,0.132,0.6,10.0,-2.0,8.6,87.9
7.34,0.76,1.249,0.175,-1.6,13.4,5.6,5.7,1065.3
11.44,1.74,1.235,0.19,8.1,18.7,19.9,13.1,5140.8
11.88,1.26,1.264,0.091,6.7,20.0,8.1,9.6,13587.6
4.91,0.44,1.218,0.094,-2.0,12.3,23.4,15.0,0.0
6.7,0.59,1.279,0.131,0.3,13.1,25.4,12.5,624.2
1.07,0.7,1.182,0.101,7.9,9.8,5.6,17.7,0.0
4.12,1.12,1.243,0.128,9.4,10.1,19.8,14.6,0.0
5.0,0.93,1.281,0.152,-2.0,10.2,11.2,12.5,0.0
10.06,1.26,1.261,0.155,12.5,16.5,9.0,9.1,3064.4
3.13,0.37,1.207,0.152,6.9,9.8,20.4,15.7,0.0
6.33,0.97,1.165,0.1,13.4,12.7,22.3,14.0,319.1
7.4,0.95,1.177,0.169,4.7,13.2,13.1,2.5,1005.0
5.47,0.85,1.227,0.188,8.6,14.8,20.4,4.1,0.0
8.05,0.98,1.23,0.094,15.2,15.0,16.3,1.3,1239.1
9.81,1.28,1.249,0.217,3.1,17.0,18.2,6.7,2645.5
11.41,1.63,1.241,0.156,7.3,17.7,18.1,1.9,5131.6
8.24,1.3,1.307,0.126,8.8,16.2,18.6,12.1,1655.1
6.26,0.97,1.231,0.082,12.8,13.1,13.2,2.9,567.0
8.89,1.1,1.234,0.069,-2.0,16.2,25.5,5.9,2266.0
6.0,0.39,1.252,0.251,9.1,14.4,18.2,1.2,77.0
2.77,0.48,1.216,0.133,-2.0,13.9,13.0,6.4,0.0
6.74,0.94,1.187,0.126,12.9,13.9,19.5,10.2,343.7
5.17,0.64,1.214,0.166,5.3,10.9,5.4,8.5,0.0
7.81,0.34,1.231,0.182,6.3,14.6,35.2,2.7,1120.3
5.12,0.64,1.172,0.141,9.1,13.1,12.0,6.3,0.0
11.26,1.45,1.147,0.108,7.2,20.4,17.2,12.8,4237.0
6.15,0.14,1.219,0.153,8.9,13.2,7.0,4.0,1000.3
9.25,1.44,1.226,0.188,11.1,15.1,-0.3,13.9,2022.3
5.25,0.74,1.198,0.097,-0.0,14.4,5.4,14.6,11.2
5.23,0.95,1.247,0.133,-0.5,13.0,19.4,1.7,88.0
5.98,0.4,1.255,0.098,3.0,13.4,12.5,19.7,139.9
7.7,0.63,1.294,0.058,2.6,15.4,15.3,18.4,1293.6
7.3,1.3,1.263,0.107,-0.1,14.2,24.9,16.6,732.9
14.59,1.98,1.17,0.192,0.4,20.9,1.5,7.1,7964.4
6.76,1.21,1.23,0.089,11.4,12.2,8.7,19.2,688.9
9.94,0.92,1.231,0.114,8.5,15.1,9.8,19.4,2610.9
13.95,1.31,1.222,0.156,10.6,20.5,17.6,17.1,7202.5
7.81,1.3,1.187,0.126,6.9,15.0,14.7,2.5,806.7
10.45,1.77,1.202,0.152,4.9,19.0,8.8,5.0,3441.5
4.16,0.75,1.209,0.117,0.2,11.0,9.7,12.6,0.0
6.86,0.79,1.245,0.045,4.0,14.0,9.7,14.2,1109.4
9.36,0.99,1.18,0.132,9.7,17.1,27.2,18.2,1990.7
7.65,0.85,1.196,0.12,12.4,15.4,14.4,18.2,93.4
5.39,0.78,1.194,0.285,-2.0,11.8,22.4,10.5,27.5
2.88,0.05,1.157,0.082,-2.0,9.6,22.5,2.4,0.0
3.36,0.43,1.191,0.223,2.2,10.7,6.3,2.3,0.0
4.9,0.62,1.187,0.158,5.8,15.6,10.8,4.8,221.5
2.58,0.23,1.228,0.146,0.4,10.9,18.5,7.3,0.0
4.58,0.49,1.22,0.136,4.5,11.1,11.0,16.2,0.0
4.83,0.6,1.287,0.144,3.2,12.2,27.7,7.0,522.7
5.29,1.09,1.204,0.129,3.9,11.7,31.3,9.5,562.9
0.5,0.24,1.203,0.063,10.5,6.8,24.2,5.7,0.0
4.57,0.6,1.169,0.093,4.8,10.6,18.0,15.3,0.0
10.61,1.15,1.227,0.169,3.4,15.7,21.2,4.5,4283.1
5.14,0.64,1.267,0.029,13.0,12.2,16.1,10.7,0.0
8.32,0.82,1.205,0.09,-2.0,15.8,18.5,0.5,1632.9
8.04,0.6,1.209,0.206,1.1,14.4,1.2,10.8,1429.1
5.28,0.27,1.173,0.24,2.9,13.7,18.7,18.5,0.0
8.31,1.47,1.328,0.144,3.5,16.7,17.1,17.4,1585.4
6.8,0.95,1.204,0.149,12.8,14.9,22.2,2.8,686.8
2.76,0.15,1.299,0.157,-2.0,9.5,2.8,15.6,0.0
4.27,0.28,1.252,0.241,0.1,11.0,-0.4,5.1,0.0
4.84,0.99,1.224,0.147,10.0,12.9,8.9,5.3,0.0
7.93,1.23,1.169,0.131,3.7,16.0,11.4,13.4,1413.2
9.11,0.7,1.149,0.099,4.3,13.4,27.0,11.6,2449.3
10.04,1.76,1.313,0.062,-1.3,18.9,21.3,10.4,3413.4
10.73,1.43,1.246,0.135,2.8,18.5,8.5,2.5,4605.2
9.98,1.68,1.29,0.128,2.7,12.9,14.4,13.7,3154.5
5.88,1.12,1.276,0.059,-2.0,11.2,8.4,14.1,0.0
9.64,1.14,1.217,0.139,0.6,17.0,-0.8,11.9,3250.1
6.24,0.3,1.27,0.105,-2.0,13.5,14.2,19.5,388.8
7.65,0.66,1.21,0.152,-2.0,13.5,-7.0,0.5,1224.3
3.45,0.15,1.212,0.12,15.5,11.2,25.1,3.6,0.0
2.14,0.98,1.226,0.149,2.5,8.1,31.9,9.1,0.0
4.47,0.47,1.269,0.194,6.3,13.7,1.0,0.6,278.6
3.44,0.33,1.226,0.208,9.1,10.0,33.7,2.3,0.0
6.63,1.08,1.175,0.128,-1.6,11.1,10.1,11.4,517.0
1.62,0.17,1.217,0.138,-2.0,9.2,0.1,4.2,0.0
2.83,0.62,1.217,0.158,0.3,11.0,14.9,2.6,0.0
1.66,0.05,1.173,0.223,15.5,9.1,5.6,0.0,0.0
9.62,1.82,1.241,0.14,3.8,17.8,17.9,10.3,3374.5
10.3,1.02,1.238,0.187,6.4,16.5,11.5,10.8,3466.9
4.28,0.57,1.233,0.166,-2.0,11.2,21.9,3.3,0.0
5.02,0.14,1.216,0.096,9.7,10.7,14.5,2.7,165.2
4.19,0.21,1.225,0.2,-1.1,14.0,18.6,2.8,0.0
8.54,0.56,1.279,0.13,4.2,14.4,17.2,17.9,1615.7
8.47,1.42,1.202,0.135,9.3,16.4,25.4,14.2,1414.7
9.75,0.65,1.252,0.192,-2.0,15.8,38.3,10.8,3266.6
8.33,1.06,1.244,0.021,5.3,14.3,0.5,8.7,1175.3
8.2,1.2,1.269,0.169,1.1,13.3,38.7,13.4,1134.6
11.22,1.61,1.25,0.177,6.2,16.8,25.4,3.5,4627.9
6.81,0.37,1.223,0.22,-2.0,12.6,27.7,15.9,306.9
13.51,2.06,1.201,0.114,7.1,17.7,4.2,16.2,7956.0
7.05,0.17,1.195,0.078,-2.0,14.4,26.5,13.5,714.5
3.19,0.45,1.248,0.183,6.3,10.7,19.9,4.4,0.0
3.55,0.12,1.252,0.082,4.1,11.1,4.6,6.5,0.0
7.49,0.65,1.254,0.22,11.1,14.6,16.9,18.1,818.3
9.83,1.23,1.166,0.039,9.1,16.5,8.3,4.0,3090.1
10.0,0.78,1.197,0.076,8.0,15.8,9.8,9.4,2830.6
8.54,1.3,1.185,0.1,0.2,14.3,30.6,1.5,1769.2
6.04,0.78,1.244,0.194,11.2,13.6,12.5,6.6,73.9
5.89,0.5,1.22,0.151,-2.0,12.0,19.4,3.3,654.9
6.41,0.53,1.165,0.133,-1.5,14.1,13.4,14.0,0.0
3.68,0.64,1.289,0.146,7.6,9.5,8.8,14.2,0.0
3.32,0.22,1.198,0.236,5.0,13.3,7.3,1.1,0.0
3.33,0.05,1.231,0.079,-2.0,13.6,15.4,20.0,0.0
5.43,0.65,1.194,0.131,5.4,11.6,15.0,10.3,30.7
10.44,0.69,1.231,0.084,8.6,16.9,25.1,16.4,3428.0
8.22,0.88,1.137,0.116,0.9,15.6,14.8,17.7,1450.9
14.84,1.78,1.147,0.198,-2.0,21.7,12.9,16.9,6770.8
15.72,1.73,1.273,0.129,1.2,20.7,12.0,12.9,8652.5
11.33,1.67,1.225,0.168,20.4,19.2,8.3,2.7,4371.1
8.08,1.48,1.28,0.126,-2.0,17.1,3.8,12.8,1378.3
11.37,1.72,1.222,0.079,-2.0,18.7,22.6,19.9,5559.2
8.6,1.15,1.189,0.1,5.7,15.1,16.6,9.3,1822.1
8.26,1.43,1.155,0.212,8.6,15.0,0.5,10.1,1780.4
5.75,0.8,1.197,0.207,4.7,13.5,17.9,0.7,0.0
7.67,1.03,1.22,0.089,8.6,12.9,29.6,3.6,774.6
8.16,0.8,1.186,0.139,13.2,15.6,24.2,9.2,769.2
7.48,0.55,1.279,0.155,5.7,16.4,9.7,9.4,871.4
9.65,1.38,1.196,0.127,16.0,17.1,11.8,7.5,2186.2
6.32,0.61,1.25,0.182,-2.0,14.8,13.9,5.8,285.9
4.83,0.77,1.21,0.139,3.5,10.1,30.6,2.3,0.0
4.8,0.05,1.223,0.048,9.9,9.6,27.3,19.8,0.0
1.87,0.05,1.244,0.113,1.0,10.0,11.1,7.7,0.0
3.53,0.53,1.274,0.103,-2.0,13.6,10.4,4.4,0.0
5.29,0.59,1.1,0.158,4.2,12.3,3.6,19.3,147.3
5.4,0.18,1.245,0.141,1.6,15.6,35.5,11.8,0.0
5.55,0.65,1.306,0.129,2.5,13.0,5.4,11.2,51.6
7.8,0.42,1.22,0.064,8.8,14.8,8.8,1.4,1096.9
4.37,0.53,1.199,0.201,15.6,12.8,30.5,10.0,0.0
8.88,0.97,1.249,0.103,8.1,14.9,7.4,4.6,2395.0
13.25,1.17,1.233,0.093,6.8,18.9,-2.8,11.1,7705.1
7.17,1.1,1.241,0.185,0.5,15.6,10.3,9.3,1199.1
5.87,0.55,1.189,0.147,4.2,13.3,4.9,1.6,427.2
2.63,0.06,1.237,0.057,3.5,10.7,24.0,17.0,0.0
8.45,1.02,1.201,0.064,9.8,14.1,28.9,16.2,981.4
0.6,0.05,1.215,0.174,-2.0,7.0,-3.1,9.0,0.0
9.41,0.76,1.265,0.139,13.1,19.4,21.3,3.3,2236.2
8.58,0.63,1.222,0.174,-2.0,16.8,11.5,5.3,1809.4
4.73,0.41,1.274,0.091,9.7,13.3,12.1,8.0,0.0
8.68,1.21,1.254,0.054,-0.0,14.2,10.6,8.3,2459.2
13.36,1.67,1.272,0.12,0.2,20.6,6.6,9.1,7757.6
4.86,0.91,1.188,0.203,2.9,11.0,2.0,10.1,252.1
7.6,0.92,1.232,0.113,2.0,14.6,10.9,17.6,652.9
5.15,0.67,1.204,0.169,-2.0,11.9,26.2,6.4,0.0
7.78,0.56,1.156,0.151,1.9,12.8,13.0,6.9,1554.4
5.28,0.79,1.23,0.172,-2.0,14.8,-9.0,16.5,0.0
5.21,0.54,1.295,0.211,4.3,11.5,13.7,17.2,0.0
2.82,0.55,1.251,0.055,13.4,9.7,16.0,2.0,0.0
6.3,0.72,1.175,0.215,-2.0,14.4,21.0,14.8,207.8
11.85,1.63,1.241,0.09,12.5,17.0,11.2,8.3,6385.7
10.83,1.0,1.268,0.148,3.2,16.2,16.5,15.0,4125.7
9.27,0.94,1.179,0.064,-2.0,18.0,14.2,18.8,2489.7
0.7,0.52,1.222,0.178,4.7,8.8,27.4,5.3,0.0
1.25,0.21,1.225,0.125,8.0,6.8,-1.4,2.3,0.0
3.58,0.57,1.179,0.163,6.8,12.0,5.6,5.1,0.0
1.89,0.17,1.283,0.059,13.1,8.9,2.9,8.6,0.0
8.17,0.98,1.208,0.167,6.9,14.7,16.1,16.1,740.9
8.33,0.98,1.185,0.228,12.4,16.4,17.1,1.3,1307.2
8.58,1.36,1.239,0.18,10.0,14.6,7.3,5.8,1506.7
8.74,0.66,1.198,0.16,0.9,16.3,12.9,9.0,1857.3
4.89,0.83,1.166,0.161,1.5,14.0,22.6,4.7,29.4
2.1,0.38,1.214,0.099,-1.3,9.3,9.4,17.4,0.0
12.93,1.54,1.223,0.088,1.2,18.5,17.0,0.8,8225.0
2.71,0.19,1.164,0.145,3.5,15.7,2.6,1.0,0.0
12.57,1.44,1.192,0.126,-1.0,19.6,22.3,17.3,6906.1
8.27,1.04,1.263,0.177,-0.8,17.5,19.2,5.5,1801.3
4.94,0.54,1.25,0.162,2.3,10.0,24.7,4.9,354.8
11.38,1.12,1.216,0.162,0.2,16.6,24.8,6.8,4943.0
8.65,1.04,1.226,0.216,1.3,13.5,25.2,1.1,2171.8
9.77,1.51,1.224,0.178,-2.0,16.3,26.2,1.3,3093.5
3.75,0.32,1.237,0.02,0.5,10.7,14.1,16.6,0.0
5.66,0.55,1.181,0.047,1.3,11.9,6.7,9.0,679.3
5.36,0.71,1.322,0.09,4.6,14.2,-3.9,11.1,37.7
1.06,0.05,1.176,0.054,6.9,5.7,22.6,0.4,0.0
7.34,1.23,1.22,0.106,-2.0,15.0,-2.7,12.7,1207.7
2.44,0.45,1.153,0.077,9.2,9.3,19.4,19.7,0.0
8.09,1.07,1.239,0.139,10.4,13.9,13.1,11.1,1020.7
9.03,1.29,1.246,0.19,3.9,14.3,11.2,8.8,2580.4
1.82,0.42,1.195,0.174,-0.9,10.5,26.8,11.3,0.0
6.22,0.57,1.262,0.028,17.4,14.0,34.4,8.4,146.9
9.34,1.0,1.237,0.103,-0.2,16.2,7.1,19.6,2530.2
2.12,0.41,1.241,0.114,8.7,8.3,32.5,1.0,0.0
1.4,0.18,1.245,0.05,2.5,8.9,19.1,0.3,0.0
2.99,0.05,1.22,0.179,8.1,7.7,18.1,5.4,0.0
3.74,0.7,1.236,0.071,9.3,11.3,24.3,18.6,0.0
7.19,0.67,1.29,0.138,3.0,14.6,8.3,14.5,936.6
2.84,0.14,1.226,0.234,4.7,9.8,23.9,11.2,0.0
5.52,0.79,1.22,0.134,6.7,10.6,22.0,12.6,478.8
5.98,0.8,1.273,0.09,-2.0,12.7,16.1,19.5,0.0
5.22,0.96,1.275,0.152,15.3,12.1,21.7,10.0,0.0
7.42,1.49,1.282,0.197,1.4,14.2,11.2,7.8,1257.2
6.06,0.6,1.237,0.156,6.1,10.4,19.0,14.1,131.6
8.17,0.66,1.249,0.048,2.8,15.7,0.9,7.9,1956.8
9.96,0.68,1.149,0.225,0.9,14.0,-0.4,2.8,3142.9
2.73,0.38,1.236,0.164,6.7,11.8,39.4,18.6,0.0
7.91,0.76,1.193,0.151,-2.0,18.1,5.9,11.7,1039.0
1.89,0.82,1.223,0.195,7.4,11.7,23.8,13.3,0.0
8.11,1.41,1.21,0.138,-2.0,15.8,12.0,16.2,1175.7
5.36,0.75,1.229,0.109,17.8,15.0,11.8,18.4,0.0
1.81,0.22,1.186,0.048,8.2,10.0,8.1,1.1,0.0
6.67,0.95,1.167,0.139,0.8,14.3,13.4,10.8,566.4
1.87,0.05,1.273,0.081,-1.0,12.6,9.0,7.8,180.5
12.42,1.0,1.187,0.176,8.7,18.8,16.7,11.8,6433.5
14.46,1.86,1.192,0.127,7.4,20.8,11.8,19.1,7701.2
7.56,1.33,1.202,0.082,3.7,14.1,21.4,12.1,1356.8
7.8,1.07,1.227,0.071,5.2,14.5,10.0,14.7,1319.7
3.44,0.47,1.273,0.245,1.5,9.8,5.7,5.6,0.0
3.45,0.05,1.227,0.177,-2.0,9.8,8.3,3.7,0.0
12.34,1.73,1.234,0.159,5.2,20.9,7.1,11.6,6624.5
7.32,0.59,1.312,0.029,2.2,14.2,16.6,3.2,1985.3
2.05,0.95,1.227,0.123,6.5,10.2,0.0,10.5,0.0
6.28,0.95,1.224,0.128,4.1,14.1,13.2,12.9,0.0
5.67,0.75,1.215,0.06,1.3,13.9,17.4,8.2,410.4
6.39,0.87,1.277,0.078,12.5,15.0,23.4,6.4,571.0
2.14,0.05,1.191,0.165,10.8,9.7,21.9,2.3,0.0
11.71,1.26,1.197,0.076,12.0,20.0,29.2,12.7,5331.1
3.85,0.89,1.265,0.137,-2.0,11.5,22.4,1.2,0.0
3.67,0.2,1.208,0.098,9.9,11.1,-3.7,1.6,0.0
7.83,0.84,1.15,0.185,0.3,14.5,17.7,19.3,523.7
6.58,0.34,1.262,0.084,-2.0,14.3,9.6,2.6,489.2
4.05,0.48,1.261,0.164,3.7,12.9,7.9,8.4,0.0
2.53,0.49,1.224,0.08,-1.4,10.9,14.3,13.4,0.0
4.38,0.2,1.242,0.052,5.1,13.7,28.5,8.0,0.0
7.33,0.67,1.168,0.233,7.1,13.8,13.0,6.9,578.4
6.45,1.26,1.211,0.15,-1.2,13.4,19.4,16.6,0.0
11.14,1.42,1.184,0.164,9.9,18.5,30.4,13.7,4008.0
2.41,0.06,1.277,0.114,15.1,14.9,25.4,7.9,0.0
4.61,0.79,1.282,0.213,1.5,14.2,18.5,13.8,0.0
2.5,0.24,1.22,0.129,11.3,10.7,30.6,2.3,0.0
6.34,1.17,1.217,0.163,8.4,11.7,0.4,14.4,233.0
10.89,1.48,1.164,0.123,1.2,19.2,14.9,7.3,3952.7
5.21,0.68,1.233,0.172,6.6,11.2,0.0,4.3,0.0
8.79,0.75,1.156,0.14,-2.0,17.1,11.5,3.0,1859.3
3.37,0.62,1.231,0.1,-1.8,13.3,12.5,9.2,94.8
9.95,1.38,1.217,0.201,10.5,19.3,28.4,5.2,2874.8
7.78,1.08,1.199,0.14,-2.0,14.1,16.4,9.4,1242.1
2.81,0.75,1.184,0.184,-2.0,12.7,33.8,9.5,307.3
0.93,0.15,1.207,0.09,13.1,8.5,25.0,12.2,0.0
3.28,0.33,1.197,0.153,0.9,10.5,3.0,7.8,0.0
4.7,0.87,1.292,0.144,0.7,10.0,1.6,15.3,35.8
3.63,0.57,1.165,0.088,12.7,11.6,26.9,16.5,0.0
3.06,0.05,1.215,0.172,1.0,13.6,0.6,16.8,0.0
4.86,0.67,1.271,0.207,2.3,13.0,22.7,16.1,0.0
7.66,0.71,1.273,0.136,4.2,14.8,14.0,16.1,1004.2
10.35,1.73,1.223,0.055,-1.2,17.0,16.2,6.6,4001.8
12.11,1.26,1.234,0.246,-2.0,18.3,18.0,4.3,6452.6
8.25,1.43,1.206,0.134,7.0,15.5,26.8,15.9,949.8
6.99,0.77,1.27,0.088,5.3,17.0,17.8,14.2,553.3
3.68,0.24,1.193,0.17,2.5,11.8,11.3,9.5,0.0
8.11,1.33,1.257,0.122,1.2,14.8,19.4,14.3,1532.5
4.85,0.39,1.251,0.155,-0.0,11.8,-0.1,2.3,225.4
7.67,1.28,1.17,0.211,2.7,12.9,5.1,15.2,707.7
8.47,1.24,1.211,0.123,4.0,16.1,10.8,9.1,1395.9
10.98,1.78,1.287,0.071,0.6,17.8,9.2,2.9,4940.0
9.94,0.99,1.289,0.168,-1.1,14.7,7.8,11.9,2933.9
2.21,0.26,1.209,0.161,-1.4,10.1,24.2,5.8,0.0
4.96,0.77,1.264,0.13,-2.0,12.9,12.4,13.3,0.0
9.08,1.16,1.194,0.162,3.8,14.9,0.4,15.9,2409.3
3.65,0.46,1.299,0.222,-1.5,12.2,25.4,8.6,0.0
0.97,0.06,1.168,0.234,-2.0,9.9,8.1,5.3,0.0
4.0,0.12,1.236,0.154,-0.3,14.6,17.7,8.9,0.0
7.86,1.1,1.288,0.084,9.2,13.9,16.7,4.2,1400.0
7.87,0.58,1.228,0.111,-0.1,17.5,36.9,3.9,1264.1
12.32,1.7,1.225,0.217,7.6,22.1,24.3,1.3,6415.7
5.71,0.58,1.211,0.146,-1.8,15.7,18.0,4.2,433.4
4.5,1.13,1.23,0.094,-2.0,12.1,16.7,10.3,157.0
6.94,1.0,1.265,0.209,7.0,13.0,25.8,3.5,869.2
3.37,0.39,1.239,0.17,-2.0,9.7,11.0,8.3,0.0
6.19,0.51,1.241,0.147,-2.0,14.8,8.9,10.4,401.2
5.78,0.47,1.246,0.144,1.5,11.8,35.1,10.8,7.7
7.08,0.69,1.27,0.11,10.3,13.5,38.9,11.7,1169.5
5.53,0.81,1.206,0.172,7.9,10.0,26.4,7.2,0.0
9.18,1.08,1.312,0.161,2.3,15.1,19.6,16.3,2708.5
6.43,0.34,1.285,0.111,9.6,16.4,-1.3,9.3,518.7
5.69,0.97,1.254,0.042,1.6,10.8,2.0,17.0,551.1
2.04,0.75,1.175,0.147,5.9,10.7,17.2,6.7,0.0
4.27,0.59,1.193,0.116,7.6,12.3,9.2,4.2,0.0
0.79,0.52,1.176,0.107,9.4,9.2,20.1,16.1,0.0
12.23,1.82,1.247,0.15,7.8,19.1,5.9,11.5,6026.8
5.54,0.96,1.285,0.163,0.4,13.7,10.7,16.7,67.8
9.65,1.19,1.262,0.164,5.1,18.2,4.8,6.9,3220.8
2.6,0.87,1.24,0.221,2.4,10.4,17.9,16.3,0.0
3.48,0.69,1.227,0.238,6.3,10.0,16.3,4.4,0.0
5.46,1.33,1.238,0.248,6.7,11.5,21.9,8.3,273.0
3.94,0.47,1.203,0.092,1.9,10.8,20.7,10.2,194.3
7.8,0.7,1.236,0.135,3.7,14.6,10.9,14.7,1438.9
4.62,0.42,1.229,0.11,3.0,12.2,13.9,2.2,133.8
2.88,0.27,1.199,0.261,0.7,6.1,-4.5,1.9,0.0
2.19,0.11,1.205,0.106,1.1,9.5,17.2,20.0,0.0
6.04,0.72,1.235,0.096,-2.0,12.9,13.8,13.7,0.0
9.39,1.05,1.179,0.112,3.6,14.0,18.3,3.3,2749.8
4.84,0.37,1.239,0.145,5.7,12.5,18.3,11.0,0.0
4.93,0.05,1.226,0.096,-1.6,13.3,17.9,12.7,111.5
1.69,0.46,1.3,0.069,4.7,11.3,26.2,0.7,0.0
4.5,0.61,1.229,0.186,-0.4,9.3,8.2,6.2,0.0
7.9,1.26,1.223,0.21,19.2,16.7,22.5,0.6,1557.7
2.83,0.42,1.225,0.133,1.7,10.0,5.4,3.2,0.0
6.95,0.3,1.217,0.233,5.4,14.3,21.9,6.8,544.8
4.21,0.25,1.213,0.183,14.6,10.5,12.2,4.1,0.0
17.56,2.11,1.144,0.116,4.4,21.2,15.3,13.7,7700.2
12.98,1.12,1.211,0.133,13.4,22.6,11.7,16.5,7197.0
3.26,0.05,1.225,0.091,-1.7,11.6,6.0,10.5,0.0
0.66,0.27,1.143,0.194,5.5,8.7,23.7,5.1,0.0
1.4,0.05,1.229,0.098,5.0,9.5,14.5,11.4,0.0
0.5,0.11,1.179,0.135,7.5,11.9,15.0,0.6,0.0
3.95,0.21,1.154,0.083,9.5,13.1,27.5,13.3,171.2
2.9,0.68,1.262,0.129,8.5,9.8,4.2,10.0,0.0
9.07,1.13,1.225,0.024,3.1,20.1,25.7,14.7,2235.0
6.11,0.34,1.218,0.024,11.7,15.0,0.2,16.6,158.0
7.97,0.53,1.296,0.108,4.6,13.3,25.6,16.5,1450.0
4.1,0.15,1.233,0.066,8.5,14.6,5.0,1.8,0.0
5.05,1.23,1.227,0.161,8.1,15.3,18.1,13.7,107.1
11.99,1.48,1.229,0.158,8.0,18.4,9.6,6.3,6142.9
6.16,0.87,1.239,0.088,4.2,12.3,17.6,7.5,616.4
1.64,0.05,1.193,0.091,-2.0,8.8,0.5,2.3,0.0
5.44,0.64,1.26,0.087,18.9,10.4,12.3,14.1,0.0
6.26,0.64,1.205,0.061,-2.0,15.9,15.7,17.2,424.6
1.77,0.26,1.222,0.114,7.3,7.5,39.0,10.2,0.0
6.53,1.33,1.241,0.162,-1.1,14.6,22.8,13.5,143.9
2.27,0.52,1.17,0.091,-0.1,9.2,1.9,10.6,0.0
6.2,1.21,1.304,0.149,-2.0,13.3,10.3,7.6,371.6
10.2,1.09,1.23,0.085,10.9,17.3,29.3,10.0,3244.8
1.97,0.32,1.231,0.12,4.4,9.1,15.8,0.5,0.0
5.62,0.63,1.25,0.071,1.6,14.5,17.8,15.3,0.0
10.08,1.22,1.182,0.115,6.7,17.2,29.9,19.6,3173.8
4.12,1.1,1.314,0.176,6.1,12.2,9.3,11.2,0.0
7.94,0.87,1.223,0.203,0.0,14.9,20.2,13.4,1603.9
4.95,0.26,1.167,0.146,-2.0,10.3,6.7,15.7,0.0
12.82,1.75,1.235,0.076,-0.0,22.0,16.7,6.3,7274.1
6.58,0.88,1.199,0.183,15.8,11.9,6.4,2.7,77.2
4.88,0.48,1.215,0.186,1.6,10.7,17.2,12.0,38.5
6.04,0.78,1.263,0.21,-2.0,13.7,9.5,7.6,287.8
3.27,0.31,1.227,0.177,5.1,12.1,13.3,15.9,0.0
10.9,1.19,1.179,0.213,9.9,18.4,10.5,19.1,3400.2
6.18,1.16,1.252,0.073,3.1,15.2,20.7,0.4,749.7
10.59,0.88,1.217,0.088,7.5,16.0,22.9,18.7,3636.1
4.79,0.14,1.185,0.104,6.9,11.9,15.7,5.7,0.0
5.65,0.61,1.244,0.14,10.7,11.5,16.1,18.7,0.0
5.13,0.98,1.195,0.166,6.4,15.3,8.8,19.0,0.0
5.75,0.22,1.199,0.165,12.0,12.7,30.2,8.3,0.0
0.74,0.05,1.209,0.15,1.7,9.5,-1.3,3.1,0.0
5.74,0.72,1.204,0.113,3.6,12.7,-4.1,4.6,563.1
3.29,0.06,1.187,0.09,4.7,10.0,26.2,13.7,0.0
3.09,0.05,1.164,0.101,-0.8,11.9,17.3,8.7,0.0
4.31,0.54,1.211,0.171,3.5,13.2,15.9,10.7,0.0
3.41,0.4,1.182,0.127,-2.0,12.6,5.2,17.6,0.0
2.02,0.05,1.245,0.078,-2.0,10.7,8.8,12.9,0.0
6.76,0.69,1.244,0.072,-2.0,11.0,20.6,4.7,1158.1
5.81,0.91,1.311,0.046,3.7,12.7,15.9,6.0,637.6
6.61,1.08,1.262,0.213,-2.0,15.8,16.3,6.9,584.4
6.97,0.44,1.251,0.099,8.8,14.2,0.6,7.3,757.2
7.7,0.53,1.235,0.047,11.3,13.7,7.8,4.7,1277.6
4.72,0.85,1.244,0.137,8.7,8.4,14.8,18.9,0.0
9.56,1.32,1.171,0.126,6.1,18.3,24.5,15.6,2570.5
6.88,0.8,1.221,0.206,3.5,17.0,22.0,18.4,451.6
1.52,0.13,1.209,0.087,-2.0,9.0,8.0,16.4,0.0
8.89,1.06,1.251,0.148,4.0,17.6,23.0,17.2,2042.5
4.56,0.29,1.264,0.126,0.3,9.5,36.3,7.8,451.5
7.9,0.8,1.191,0.145,-2.0,15.5,12.3,10.8,1521.8
7.41,0.98,1.108,0.092,-0.3,16.1,19.4,13.7,1118.2
1.45,0.11,1.181,0.098,-2.0,10.0,7.6,1.1,0.0
9.42,1.2,1.244,0.132,0.2,15.6,3.4,7.8,2633.7
4.85,0.68,1.244,0.197,4.2,10.4,12.4,0.2,350.6
6.31,1.19,1.218,0.115,-2.0,15.0,18.7,8.7,409.7
12.96,1.61,1.236,0.225,10.5,18.0,12.1,14.6,6797.2
4.05,0.73,1.205,0.14,6.1,10.2,16.1,11.5,0.0
7.84,1.15,1.171,0.133,-2.0,13.1,19.8,10.4,1325.4
8.19,0.56,1.219,0.116,7.8,14.9,16.9,13.7,1537.0
2.6,0.05,1.231,0.12,5.4,12.7,16.9,17.9,0.0
2.24,0.17,1.207,0.152,5.6,11.4,13.1,7.7,0.0
8.23,0.87,1.23,0.146,4.8,15.0,32.4,4.9,1691.6
8.9,0.69,1.263,0.129,1.1,12.9,22.9,4.8,2096.2
6.77,0.86,1.121,0.144,3.5,14.8,5.6,13.4,599.2
8.89,1.0,1.226,0.201,1.5,16.3,15.5,3.3,2189.3
8.14,1.39,1.174,0.104,5.6,16.9,-2.7,8.4,1792.9
5.51,0.17,1.205,0.161,-2.0,12.5,7.0,6.5,71.7
5.29,0.47,1.302,0.173,-2.0,10.9,22.0,19.6,0.0
4.51,0.65,1.233,0.132,6.0,8.8,14.4,7.1,0.0
8.43,0.95,1.176,0.233,11.3,14.6,24.6,18.8,642.9
3.28,0.26,1.213,0.211,0.6,12.0,3.7,8.8,0.0
3.38,0.32,1.271,0.124,5.0,14.9,8.1,4.7,0.0
14.43,1.69,1.263,0.118,16.4,18.7,27.0,16.7,7936.9
8.32,0.54,1.175,0.157,9.4,15.5,15.5,1.0,1192.7
5.46,1.01,1.23,0.068,9.3,13.8,16.4,16.2,0.0
7.03,0.99,1.279,0.131,7.8,16.6,10.4,0.4,444.3
4.57,0.05,1.156,0.109,-2.0,11.3,11.5,14.8,0.0
6.88,1.12,1.236,0.212,-2.0,14.8,29.0,1.2,245.4
6.13,0.72,1.224,0.177,7.1,12.5,13.4,2.8,0.0
2.39,0.8,1.227,0.138,1.0,9.7,16.5,1.0,0.0
14.08,1.15,1.171,0.121,8.1,18.6,20.1,10.3,7069.1
4.59,0.58,1.208,0.147,7.9,12.6,16.0,1.6,0.0
6.01,0.43,1.169,0.13,1.8,14.5,16.5,15.9,195.1
3.12,0.05,1.256,0.119,9.6,7.4,5.4,13.0,0.0
3.1,0.31,1.202,0.198,3.5,10.8,23.9,18.8,0.0
4.65,0.67,1.195,0.119,1.0,12.5,15.9,2.8,0.0
8.13,1.47,1.218,0.164,0.9,16.8,20.7,16.3,1471.1
7.4,1.65,1.228,0.054,3.7,14.4,12.0,18.0,675.4
12.53,1.01,1.257,0.126,4.3,19.7,12.6,18.4,6638.8
2.14,0.7,1.23,0.087,-2.0,9.5,8.2,2.4,0.0
3.73,0.4,1.257,0.169,0.4,12.3,12.7,19.9,0.0
10.0,1.2,1.154,0.104,-1.0,15.2,12.2,18.1,2953.6
8.98,1.19,1.233,0.154,2.6,16.2,19.3,13.0,2446.1
5.88,0.42,1.21,0.035,1.0,12.7,10.5,8.5,722.9
2.89,0.38,1.277,0.206,1.6,12.3,25.5,7.3,0.0
6.36,1.41,1.185,0.161,1.3,13.2,9.0,8.2,288.8
3.55,0.05,1.225,0.14,1.5,7.2,16.1,8.0,0.0
5.35,0.36,1.26,0.116,6.7,10.5,14.6,15.9,71.2
8.96,0.52,1.205,0.15,6.8,14.4,13.8,6.4,1835.4
5.38,0.16,1.26,0.105,7.8,11.1,14.5,17.7,0.0
11.74,1.5,1.246,0.124,-2.0,20.7,19.8,7.0,5022.5
9.3,1.17,1.254,0.164,5.0,15.4,39.8,9.8,2425.6
10.27,1.57,1.185,0.15,5.4,18.6,9.6,13.9,3787.8
4.86,0.82,1.239,0.047,6.2,12.6,30.0,2.1,421.2
0.5,0.11,1.239,0.066,14.1,7.9,31.7,4.1,0.0
8.56,1.0,1.205,0.171,3.5,14.9,18.2,4.6,3635.3
5.31,1.08,1.186,0.135,0.4,12.6,10.7,8.0,0.0
6.9,0.68,1.204,0.172,8.8,15.3,7.9,12.9,813.3
8.03,1.71,1.284,0.053,11.6,15.9,17.6,10.7,1487.6
8.15,0.69,1.261,0.14,9.6,14.7,21.6,6.0,1449.8
11.2,0.84,1.175,0.205,-2.0,20.5,12.4,18.6,4066.3
6.85,1.6,1.262,0.166,5.1,14.8,13.9,7.8,824.0
5.93,0.54,1.232,0.208,4.8,17.7,14.4,16.3,0.0
6.91,1.22,1.193,0.147,13.1,13.8,30.9,0.2,387.2
8.98,0.83,1.222,0.103,4.8,14.5,32.0,18.8,2034.0
5.26,0.43,1.231,0.191,-2.0,11.6,28.5,8.2,82.8
5.16,0.32,1.188,0.2,-2.0,15.2,5.3,7.8,0.0
2.9,0.17,1.225,0.103,10.5,9.6,27.3,12.8,0.0
6.38,0.99,1.274,0.166,12.4,15.8,17.1,9.0,244.1
3.54,0.05,1.205,0.131,9.5,11.9,14.4,5.9,0.0
8.29,1.01,1.165,0.155,-0.9,17.1,28.4,16.3,1353.4
7.9,0.62,1.282,0.192,-1.9,14.8,6.4,10.3,958.6
7.25,1.34,1.278,0.108,12.4,16.6,30.1,1.9,1364.6
6.2,0.77,1.157,0.152,5.0,15.9,15.9,4.8,560.0
10.89,1.09,1.294,0.111,-1.4,16.7,10.9,0.9,4352.7
1.46,0.14,1.241,0.143,3.7,10.9,24.2,13.6,0.0
6.24,0.58,1.221,0.094,7.9,11.9,37.1,14.7,0.0
8.49,1.22,1.209,0.133,5.8,15.5,15.8,13.5,1651.2
7.43,1.01,1.255,0.152,5.6,15.0,24.0,16.5,615.9
14.7,1.69,1.212,0.138,1.9,21.7,24.8,16.5,8042.4
2.54,0.19,1.132,0.196,-0.1,9.5,30.5,3.3,0.0
6.74,0.77,1.342,0.21,-2.0,13.5,12.6,11.9,428.9
7.09,0.94,1.186,0.138,-2.0,14.0,7.3,4.0,761.6
8.92,1.11,1.205,0.12,7.5,15.2,21.9,12.4,1826.3
2.81,0.05,1.283,0.118,2.7,9.3,9.5,13.0,0.0
5.57,0.61,1.252,0.073,5.9,12.0,15.2,1.1,852.0
1.85,0.05,1.222,0.213,2.6,11.9,18.7,5.5,0.0
1.71,0.49,1.206,0.161,-1.2,9.4,24.9,17.2,0.0
9.61,0.98,1.263,0.155,-0.1,16.4,9.8,13.8,2820.5
11.36,1.15,1.197,0.085,13.8,19.3,4.5,18.8,5036.0
4.44,0.79,1.213,0.168,-0.7,11.4,14.4,3.5,0.0
10.3,0.91,1.234,0.154,7.6,17.5,8.6,2.4,3654.9
3.51,0.73,1.279,0.192,0.7,10.3,19.8,13.1,0.0
5.31,1.02,1.326,0.123,5.7,13.2,15.0,5.6,53.8
3.47,0.48,1.232,0.16,1.9,9.1,6.8,11.5,0.0
6.32,1.16,1.127,0.142,7.0,14.2,28.0,6.3,194.2
10.08,1.6,1.251,0.256,9.3,16.0,17.0,15.9,2989.8
5.33,0.66,1.224,0.15,1.7,16.1,18.4,13.1,0.0
5.72,0.94,1.252,0.186,17.6,14.1,24.5,17.8,0.0
9.77,1.69,1.262,0.07,7.2,15.6,15.3,3.2,3707.1
6.68,0.9,1.22,0.219,2.1,17.9,9.6,12.2,235.3
3.67,0.37,1.203,0.153,4.6,12.8,-2.1,16.1,0.0
4.12,0.94,1.123,0.163,2.8,7.5,23.9,14.9,0.0
5.02,0.5,1.235,0.136,12.2,12.4,13.0,17.2,36.4
12.16,1.78,1.229,0.176,5.6,18.3,33.0,6.3,6075.8
5.02,0.24,1.254,0.14,3.6,13.2,11.4,13.1,189.1
4.44,0.72,1.19,0.155,-2.0,9.1,6.9,5.9,0.0
4.18,0.37,1.267,0.159,8.7,10.8,-11.8,14.7,0.0
3.68,0.43,1.267,0.186,-0.7,12.4,11.0,3.8,0.0
6.83,0.89,1.21,0.139,0.9,11.2,12.4,15.5,341.4
5.47,0.18,1.13,0.166,2.5,14.5,18.1,5.4,0.0
8.32,1.07,1.21,0.209,4.2,14.7,16.0,16.0,1126.1
11.13,1.63,1.194,0.138,16.9,18.6,11.5,20.0,3708.5
7.51,1.13,1.205,0.167,9.9,15.6,30.7,14.0,830.6
6.95,0.15,1.137,0.12,1.7,16.9,-2.8,19.6,0.0
10.57,1.12,1.203,0.094,-1.9,18.5,17.0,14.6,3597.2
5.38,0.84,1.184,0.197,6.7,10.5,21.3,17.2,147.1
3.88,0.28,1.191,0.182,-0.8,11.4,27.0,0.1,0.0
6.24,0.76,1.189,0.215,8.6,14.0,32.1,4.6,868.1
7.48,0.5,1.26,0.12,13.0,12.2,30.8,17.7,825.1
10.7,1.67,1.222,0.135,-0.9,18.4,-1.7,13.5,3751.5
6.08,0.68,1.226,0.189,-2.0,11.7,-1.4,14.3,54.2
2.75,0.05,1.243,0.092,-1.6,9.3,22.2,19.8,0.0
7.48,0.59,1.226,0.164,8.0,14.5,18.3,11.4,756.6
6.42,0.42,1.127,0.079,2.6,12.8,19.8,17.4,82.2
2.27,0.5,1.144,0.127,7.5,12.1,-5.1,11.5,0.0
3.38,0.68,1.216,0.151,0.7,10.7,17.8,8.4,0.0
3.37,0.4,1.225,0.128,6.4,9.6,35.8,6.1,0.0
8.14,1.47,1.196,0.109,4.9,14.3,11.9,16.4,1606.1
2.62,0.6,1.279,0.167,18.0,10.9,21.5,8.4,0.0
7.05,0.91,1.205,0.139,4.4,13.5,25.1,0.8,417.3
4.45,0.61,1.232,0.124,6.5,14.4,18.5,13.5,0.0
4.21,0.05,1.266,0.141,-0.2,9.2,25.2,0.8,49.4
8.74,1.23,1.258,0.02,6.4,17.7,14.5,10.7,2223.5
5.38,1.37,1.179,0.163,12.4,13.1,15.5,7.9,0.0
12.01,1.51,1.213,0.118,5.6,18.0,10.8,19.3,5789.3
12.93,1.58,1.237,0.101,5.7,20.9,18.1,1.7,7970.2
4.07,0.37,1.125,0.091,2.4,12.7,11.8,17.7,0.0
0.89,0.11,1.152,0.139,-1.5,7.4,13.3,5.6,51.6
7.17,0.85,1.217,0.09,5.5,15.7,16.9,1.7,1410.2
7.25,0.94,1.193,0.2,11.9,11.9,20.0,2.4,264.7
2.08,0.18,1.238,0.122,21.5,13.5,9.9,9.5,0.0
6.21,0.75,1.287,0.193,11.6,14.2,8.6,10.2,0.0
1.64,0.05,1.214,0.186,1.5,11.5,23.0,3.7,0.0
2.57,0.46,1.239,0.151,-0.3,12.4,6.0,6.6,0.0
6.06,0.99,1.235,0.134,-0.9,12.7,16.0,9.7,175.7
10.75,1.25,1.254,0.116,5.1,16.6,13.3,11.6,4103.2
5.28,0.27,1.336,0.148,-2.0,13.4,30.0,6.2,352.9
4.05,0.64,1.261,0.182,3.9,11.5,10.0,15.8,0.0
11.71,1.05,1.187,0.134,13.6,18.2,17.8,13.7,4878.1
2.29,0.05,1.22,0.043,7.7,12.1,15.2,8.8,0.0
15.27,1.54,1.292,0.175,2.0,22.7,17.9,3.0,9160.1
17.22,1.63,1.269,0.155,8.6,23.9,29.2,9.8,8463.3
12.39,1.92,1.236,0.108,-1.0,18.2,23.1,1.2,7540.2
7.17,1.05,1.195,0.15,9.6,13.6,15.7,9.7,317.0
5.23,0.76,1.227,0.1,1.9,13.4,10.9,3.3,382.4
6.76,0.94,1.218,0.182,-2.0,14.2,8.5,7.8,770.4
2.48,0.46,1.146,0.153,4.7,11.0,5.1,11.2,0.0
6.54,0.74,1.237,0.103,4.4,14.5,14.1,1.9,567.9
7.5,1.18,1.169,0.177,-2.0,12.0,35.0,3.3,822.1
6.18,0.51,1.255,0.059,-2.0,15.4,22.3,5.0,493.6
11.44,1.49,1.204,0.146,2.1,18.5,17.0,13.7,5227.6
5.24,0.5,1.279,0.132,-2.0,11.0,18.7,10.0,44.2
6.73,0.56,1.154,0.134,4.4,13.1,17.4,10.2,909.6
11.9,1.76,1.269,0.175,12.6,19.6,18.2,6.6,5597.5
7.26,0.8,1.246,0.218,-1.5,13.5,16.6,8.0,1221.9
6.38,1.24,1.211,0.153,6.2,15.4,18.5,0.6,494.6
7.74,1.1,1.148,0.156,-0.2,19.7,36.5,12.5,1153.9
9.03,1.38,1.177,0.123,-2.0,18.8,22.5,14.8,1887.0
3.95,0.92,1.176,0.149,-2.0,12.9,0.3,14.3,0.0
7.16,0.59,1.209,0.167,-2.0,15.7,12.3,10.5,712.0
5.55,0.56,1.171,0.159,5.5,11.1,25.6,19.6,23.6
10.26,0.5,1.275,0.133,0.4,17.9,23.7,5.9,4101.5
6.84,0.95,1.215,0.103,8.2,13.4,16.6,12.9,663.8
1.89,0.43,1.223,0.091,7.5,9.9,9.5,6.7,0.0
5.01,1.05,1.275,0.209,6.8,12.4,22.1,13.8,0.0
4.23,0.17,1.228,0.164,7.5,8.0,0.4,11.8,0.0
1.44,0.35,1.227,0.185,2.5,8.5,3.9,11.3,0.0
3.64,0.32,1.183,0.077,8.7,12.5,22.3,7.7,0.0
8.3,1.04,1.167,0.163,-2.0,16.7,3.3,18.1,1039.8
11.36,1.21,1.195,0.068,4.9,17.3,23.8,17.6,4955.7
10.96,1.5,1.167,0.178,5.5,19.2,11.8,4.5,4726.6
6.61,0.18,1.261,0.056,5.7,13.8,10.0,16.8,449.4
1.22,0.05,1.17,0.166,-0.4,10.6,12.5,9.3,0.0
4.06,0.38,1.257,0.081,11.1,9.3,3.0,6.8,218.9
8.84,0.7,1.262,0.249,-1.8,17.2,4.5,6.1,2522.9
4.37,0.53,1.295,0.116,1.4,11.5,2.8,5.6,43.0
7.99,0.71,1.235,0.171,5.2,16.9,17.7,2.0,1782.6
9.24,0.65,1.286,0.138,10.2,14.7,6.6,19.8,1136.5
2.31,0.05,1.219,0.093,8.1,11.9,8.5,9.5,0.0
6.5,0.41,1.195,0.182,8.3,14.8,13.6,14.5,83.4
5.64,0.72,1.205,0.158,15.3,14.6,14.8,18.2,0.0
9.62,0.9,1.263,0.135,11.2,16.2,36.5,1.0,2974.0
11.23,1.24,1.221,0.131,3.6,17.3,6.8,17.7,4714.4
5.3,0.83,1.241,0.218,11.6,13.3,34.2,11.7,0.0
7.88,1.06,1.198,0.181,3.8,15.5,25.3,2.6,987.8
10.45,1.08,1.252,0.095,2.3,17.7,-1.2,18.4,4137.9
5.43,0.14,1.267,0.178,-2.0,13.5,23.4,1.3,436.2
10.41,1.41,1.245,0.081,2.5,17.6,12.0,8.7,3809.2
1.6,0.14,1.236,0.02,-2.0,8.8,7.5,17.9,0.0
6.69,0.82,1.146,0.146,4.1,12.2,4.7,13.8,644.3
8.38,0.22,1.21,0.073,15.4,14.2,15.2,11.1,1335.4
5.27,0.49,1.216,0.137,0.9,13.4,17.2,8.9,21.3
16.52,2.38,1.242,0.094,-2.0,23.3,3.4,17.1,8397.9
1.01,0.05,1.191,0.161,7.6,8.6,24.3,18.7,0.0
11.95,1.36,1.223,0.084,2.5,21.2,9.9,17.6,5754.7
7.72,0.54,1.214,0.09,6.0,16.8,26.3,5.1,1122.6
5.61,1.12,1.177,0.172,4.2,14.6,3.4,7.3,199.6
4.93,1.27,1.196,0.078,12.7,13.4,9.2,2.2,13.0
3.55,0.12,1.222,0.184,5.6,10.3,15.6,10.0,0.0
4.49,0.05,1.206,0.211,5.0,11.4,21.9,12.8,0.0
11.13,1.53,1.216,0.135,7.4,18.1,16.0,18.2,4503.8
9.93,1.78,1.291,0.17,-1.3,17.6,12.8,0.3,3187.7
3.0,0.27,1.186,0.072,3.5,8.2,20.7,4.4,0.0
12.07,1.5,1.228,0.176,-0.1,19.2,23.8,4.1,6868.3
8.57,1.25,1.266,0.198,14.7,16.3,7.8,7.9,1852.8
1.94,0.51,1.185,0.187,0.6,11.9,9.7,1.5,0.0
5.97,0.45,1.232,0.147,8.0,14.0,19.0,0.7,66.7
11.48,1.48,1.243,0.146,4.6,19.2,20.7,19.8,4501.2
2.0,0.28,1.216,0.239,4.4,9.6,23.7,6.0,0.0
4.43,1.32,1.134,0.125,17.4,12.7,35.5,17.4,0.0
5.12,0.2,1.209,0.153,7.5,10.5,13.7,5.4,197.0
6.11,1.07,1.261,0.217,3.2,13.8,3.2,7.6,82.9
2.06,0.65,1.252,0.144,-2.0,11.3,14.0,0.9,0.0
5.1,0.43,1.293,0.19,5.3,13.5,14.4,18.0,0.0
8.15,1.02,1.222,0.165,4.9,17.0,13.6,0.8,1247.5
3.67,0.12,1.203,0.112,-2.0,10.8,35.5,17.8,0.0
6.35,1.2,1.205,0.099,13.6,13.9,1.4,1.4,0.0
7.48,1.01,1.255,0.155,10.6,13.9,14.1,10.4,294.9
3.22,0.1,1.1,0.102,4.9,9.2,24.2,17.7,0.0
3.91,0.7,1.203,0.123,0.1,11.3,20.0,1.6,77.9
10.01,0.98,1.187,0.087,8.8,14.4,7.9,10.3,3172.9
1.16,0.06,1.242,0.147,9.7,10.4,14.4,11.7,0.0
3.85,0.27,1.301,0.075,2.1,9.2,16.7,11.5,0.0
2.82,0.05,1.282,0.126,7.2,9.9,13.0,11.3,0.0
3.64,0.44,1.216,0.241,9.0,13.3,14.1,19.5,0.0
7.51,0.91,1.178,0.223,12.6,14.2,20.8,16.0,293.5
2.54,0.36,1.204,0.177,-1.7,10.4,7.2,8.8,0.0
1.65,0.48,1.238,0.065,0.2,9.0,13.7,12.2,0.0
5.44,0.51,1.269,0.123,10.1,13.2,16.5,17.1,0.0
6.62,0.68,1.222,0.142,4.1,15.4,21.0,5.9,938.4
2.3,0.32,1.253,0.131,-2.0,10.8,10.3,17.0,0.0
12.01,1.03,1.291,0.095,0.9,19.0,14.6,16.4,6369.7
5.51,0.38,1.164,0.214,11.0,14.9,20.9,3.5,268.9
10.76,1.53,1.248,0.129,12.0,16.3,21.4,11.3,3462.4
2.04,0.41,1.204,0.134,-2.0,12.9,6.4,3.3,0.0
10.0,1.2,1.205,0.145,-0.5,15.0,23.0,16.3,3030.3
4.93,0.41,1.264,0.136,9.9,14.1,5.6,8.0,0.0
4.75,1.12,1.232,0.16,18.6,9.7,21.8,17.6,0.0
1.34,0.06,1.24,0.108,-1.5,8.6,18.8,9.1,0.0
7.0,0.58,1.244,0.15,4.4,15.4,17.9,18.8,1016.4
8.27,0.92,1.248,0.18,5.7,16.8,28.7,12.3,1408.0
7.71,0.81,1.216,0.186,6.0,16.3,14.2,16.7,879.0
5.98,0.78,1.254,0.141,0.9,12.9,19.0,4.0,950.8
4.44,0.17,1.211,0.125,-1.8,11.4,10.1,19.6,0.0
6.81,0.37,1.164,0.107,3.2,14.6,11.5,12.7,967.9
11.58,1.65,1.236,0.16,0.8,18.7,16.0,11.2,5191.1
3.9,0.98,1.205,0.12,5.6,12.0,8.5,0.7,0.0
23.83,2.89,1.145,0.16,-0.2,29.3,12.0,17.2,8974.2
6.13,0.48,1.255,0.152,15.9,13.6,12.9,9.6,101.0
11.53,1.79,1.263,0.159,9.0,18.1,19.8,4.8,5865.2
6.36,1.3,1.21,0.161,3.2,13.7,24.5,17.7,255.0
4.34,0.67,1.199,0.096,14.1,14.6,20.0,7.0,0.0
8.25,0.81,1.254,0.195,7.1,15.2,22.6,16.0,1293.4
5.65,0.51,1.218,0.159,2.0,13.8,31.4,4.0,236.3
2.12,0.52,1.204,0.153,5.3,8.8,20.6,18.2,0.0
4.11,0.28,1.261,0.165,-2.0,13.6,15.8,6.9,0.0
5.33,0.84,1.2,0.029,2.9,13.7,33.3,8.3,0.0
2.85,0.1,1.179,0.161,-1.7,10.6,19.9,3.1,0.0
3.51,0.22,1.202,0.129,0.1,12.0,13.2,5.7,0.0
4.17,0.59,1.175,0.154,11.4,12.5,20.8,16.2,0.0
4.12,0.75,1.25,0.169,3.4,11.2,12.1,16.6,0.0
9.41,1.41,1.261,0.12,9.9,16.0,28.9,4.5,2114.5
7.36,1.0,1.2,0.088,0.7,17.3,17.4,16.2,443.1
10.77,1.14,1.304,0.124,13.1,20.1,11.4,19.6,3797.5
18.0,2.13,1.3,0.089,-2.0,24.6,15.1,0.1,9291.6
6.22,0.78,1.224,0.084,-2.0,13.6,14.0,5.8,406.4
11.13,1.45,1.176,0.094,-1.4,18.4,14.2,10.5,7257.6
4.94,1.09,1.256,0.112,-0.4,10.3,27.9,2.2,333.6
6.65,0.11,1.202,0.212,2.3,15.2,13.5,2.6,646.2
2.45,0.45,1.226,0.059,-2.0,10.4,4.8,13.2,0.0
8.53,1.39,1.164,0.08,5.4,15.6,8.9,19.9,1249.7
9.62,0.77,1.319,0.239,0.9,16.9,4.6,2.3,3301.9
0.96,0.49,1.308,0.145,-2.0,7.8,9.5,15.7,0.0
8.08,1.13,1.211,0.152,8.9,17.4,-1.4,12.5,1054.1
6.29,0.82,1.227,0.192,6.2,15.0,12.7,3.7,335.2
8.74,1.4,1.213,0.071,-2.0,16.8,4.3,13.4,1864.2
3.36,0.52,1.227,0.142,2.3,11.2,12.8,17.8,0.0
10.24,1.3,1.127,0.219,-0.4,16.3,9.8,18.3,2843.3
8.18,0.22,1.167,0.095,6.5,13.3,-0.8,0.9,1923.5
2.47,0.5,1.262,0.152,3.7,9.9,15.9,4.9,0.0
3.1,0.33,1.239,0.202,-2.0,11.0,29.8,9.3,0.0
2.2,0.33,1.217,0.093,9.1,10.6,19.3,10.8,82.8
5.82,0.75,1.251,0.117,0.7,11.6,24.2,1.1,0.0
3.18,0.05,1.252,0.037,9.1,11.0,28.6,18.4,0.0
5.46,0.54,1.189,0.255,7.1,12.4,18.3,8.5,0.0
8.91,1.06,1.253,0.176,-1.3,16.2,17.3,15.4,2190.2
4.93,0.91,1.17,0.16,4.7,13.4,4.5,5.7,197.8
2.37,0.31,1.286,0.154,8.4,9.0,11.9,12.8,0.0
6.81,1.25,1.172,0.228,6.8,15.2,15.9,1.9,915.9
5.29,0.76,1.114,0.139,5.1,14.9,6.7,1.3,0.0
5.06,0.75,1.287,0.211,1.8,14.9,5.0,6.1,15.6
1.51,0.62,1.295,0.143,0.6,10.8,9.2,15.7,0.0
8.27,1.02,1.27,0.06,9.2,14.5,19.8,19.2,1525.5
1.67,0.05,1.271,0.214,6.9,10.3,18.3,1.9,0.0
13.27,1.98,1.213,0.158,7.5,18.4,12.3,1.1,7419.3
3.45,0.44,1.198,0.186,5.8,10.8,19.3,3.6,0.0
4.0,0.08,1.208,0.108,-1.0,10.1,14.7,5.0,309.7
1.52,0.15,1.166,0.276,-2.0,9.0,27.4,13.1,0.0
12.78,1.3,1.172,0.166,9.1,21.9,13.2,15.9,6458.4
4.45,0.29,1.255,0.127,7.2,13.5,1.5,18.8,0.0
6.15,0.75,1.199,0.176,6.0,14.5,21.7,5.8,848.8
2.9,0.78,1.204,0.183,5.6,10.6,12.3,3.1,0.0
2.89,0.05,1.203,0.109,-2.0,13.0,27.2,10.2,0.0
7.04,0.81,1.268,0.219,-2.0,14.1,1.1,12.5,329.3
0.53,0.07,1.21,0.178,9.2,9.9,11.5,14.5,0.0
6.31,1.35,1.331,0.11,17.0,13.8,11.9,17.1,0.0
6.53,1.04,1.219,0.176,2.5,13.1,13.9,6.2,674.6
1.54,0.11,1.162,0.132,2.1,9.1,38.3,0.7,0.0
0.71,0.5,1.241,0.15,5.4,8.8,17.8,1.7,0.0
1.34,0.19,1.22,0.161,10.4,10.2,4.9,1.0,0.0
10.42,1.25,1.239,0.181,-1.9,18.0,14.9,10.5,3201.3
4.08,0.61,1.112,0.09,2.4,10.2,12.7,13.4,0.0
7.95,1.13,1.22,0.223,5.9,14.7,11.4,18.0,1124.0
10.21,1.22,1.254,0.151,13.4,18.7,9.0,16.8,3630.8
7.76,0.82,1.271,0.179,0.2,13.2,10.8,15.2,958.1
7.82,0.61,1.227,0.065,12.9,13.5,18.0,7.1,957.8
2.16,0.05,1.2,0.092,3.6,9.8,13.9,18.1,0.0
4.26,0.73,1.244,0.155,7.6,10.5,11.2,16.4,0.0
6.21,1.14,1.212,0.182,-2.0,13.7,5.1,7.1,144.1
13.33,1.55,1.244,0.174,5.0,21.4,13.8,5.8,7961.4
5.86,0.66,1.241,0.089,-2.0,15.2,28.7,3.8,300.7
4.94,0.93,1.167,0.171,2.2,12.5,18.6,17.5,0.0
9.33,0.99,1.3,0.031,-2.0,16.9,27.0,1.8,3581.4
6.69,0.91,1.233,0.111,5.1,14.3,-13.6,12.8,707.8
2.0,0.52,1.191,0.135,-2.0,8.6,20.0,16.4,0.0
10.75,1.29,1.225,0.162,-2.0,17.4,22.6,11.9,4365.4
4.3,0.66,1.139,0.184,-2.0,12.6,23.7,17.4,0.0
6.75,0.71,1.236,0.177,4.5,14.5,6.2,2.2,596.5
7.69,0.89,1.27,0.152,5.8,13.1,6.3,12.7,813.2
5.29,0.39,1.247,0.181,8.6,11.7,30.2,13.8,0.0
3.42,0.87,1.21,0.179,-0.1,12.1,23.5,0.2,0.0
1.69,0.05,1.266,0.118,7.0,9.4,11.1,15.1,0.0
3.43,0.51,1.249,0.223,3.0,10.8,12.4,4.9,0.0
12.59,1.38,1.262,0.111,7.2,19.0,19.3,10.3,6807.7
7.11,1.02,1.275,0.173,-1.0,15.3,11.0,6.9,1178.9
8.11,0.74,1.219,0.165,7.9,16.4,23.1,11.5,1333.3
5.57,0.67,1.22,0.2,7.5,14.6,-9.7,1.9,107.3
9.37,0.89,1.261,0.117,0.4,15.8,1.4,13.8,2508.0
11.08,0.85,1.229,0.159,8.7,16.7,-1.1,2.0,4772.8
2.53,0.69,1.266,0.13,4.4,9.8,20.4,15.1,0.0
4.46,0.05,1.27,0.169,6.9,11.2,17.6,14.1,0.0
9.75,1.25,1.268,0.123,-2.0,18.5,14.7,17.4,2832.9
3.26,0.29,1.213,0.132,10.7,11.3,17.3,13.1,0.0
11.07,1.37,1.207,0.103,-2.0,18.0,15.5,10.4,4701.6
2.57,0.41,1.205,0.167,2.6,11.4,28.0,1.0,0.0
6.2,0.05,1.184,0.168,6.4,14.4,-0.8,4.4,553.0
10.4,1.16,1.254,0.03,16.0,16.6,24.9,7.6,3702.3
13.79,1.54,1.252,0.182,-0.8,20.9,15.5,17.6,7482.8
8.21,1.31,1.176,0.167,-2.0,15.1,11.7,5.5,2878.5
3.63,0.49,1.181,0.112,10.7,9.9,18.8,1.8,0.0
5.11,1.02,1.233,0.183,-0.4,12.6,10.4,13.5,504.2
10.01,1.21,1.218,0.068,15.1,17.1,8.7,15.6,2679.2
1.45,0.61,1.189,0.168,17.0,8.2,0.1,10.4,0.0
5.56,0.62,1.285,0.146,9.4,12.5,-3.3,18.9,0.0
12.0,1.72,1.212,0.14,-2.0,18.2,23.2,18.9,5427.5
6.14,0.98,1.248,0.169,-1.1,12.7,15.7,16.4,230.7
11.29,1.13,1.248,0.129,12.7,19.0,23.6,2.8,4513.8
7.18,1.13,1.251,0.229,1.3,13.9,21.4,6.1,1040.6
8.29,1.09,1.193,0.092,0.2,15.5,-0.1,4.0,1898.5
4.14,0.21,1.254,0.213,10.6,10.7,27.5,19.5,0.0
1.55,0.08,1.242,0.14,6.4,7.0,9.3,5.7,0.0
13.43,1.31,1.214,0.223,11.2,21.4,6.3,10.5,6951.5
6.3,0.19,1.179,0.148,12.9,14.2,26.2,20.0,0.0
8.96,1.07,1.227,0.194,0.6,17.1,26.5,18.5,1870.8
1.79,0.05,1.26,0.153,8.6,9.1,0.5,2.2,0.0
10.43,1.26,1.205,0.071,6.4,15.3,13.0,15.9,3351.3
9.07,0.95,1.165,0.1,5.1,18.2,10.7,11.5,2708.5
8.58,0.97,1.198,0.143,2.3,15.1,14.8,13.8,1496.6
3.12,0.33,1.196,0.136,-0.6,10.4,27.7,3.2,0.0
2.41,0.05,1.27,0.126,-0.9,10.1,40.5,14.5,0.0
6.23,0.63,1.273,0.141,-2.0,11.8,16.3,2.0,1179.1
5.87,0.95,1.288,0.169,-0.0,15.0,1.3,11.8,237.6
3.62,0.72,1.237,0.249,2.5,12.0,32.1,2.8,0.0
6.84,0.71,1.28,0.117,9.3,16.2,23.8,9.5,408.8
6.68,0.69,1.215,0.035,4.1,13.8,18.4,17.8,630.6
12.51,1.19,1.243,0.209,0.3,20.6,11.9,1.7,6791.1
5.78,0.31,1.275,0.139,20.1,12.1,30.4,11.2,0.0
3.32,0.44,1.241,0.096,7.4,8.7,8.7,16.6,0.0
10.34,1.11,1.165,0.178,1.2,18.3,32.6,14.2,3443.6
5.82,0.27,1.141,0.02,11.6,13.6,11.3,7.6,305.9
5.7,0.52,1.15,0.144,-2.0,13.8,9.8,4.5,112.4
1.58,0.05,1.268,0.146,1.0,9.8,14.1,19.2,0.0
4.76,0.65,1.286,0.11,-0.6,14.5,13.8,17.0,0.0
11.65,0.87,1.237,0.075,1.2,16.0,25.8,15.2,6186.8
7.14,1.06,1.227,0.191,-2.0,13.9,-0.3,12.5,847.3
5.28,0.31,1.202,0.143,12.6,11.7,24.6,0.6,0.0
12.38,1.67,1.277,0.111,-1.4,19.0,18.4,9.3,7254.9
6.74,0.57,1.238,0.161,-0.2,13.6,12.7,10.4,774.6
9.98,1.09,1.218,0.127,0.5,15.1,7.8,15.2,3166.8
5.77,0.66,1.204,0.024,-0.8,12.2,21.9,9.7,0.0
6.69,0.79,1.177,0.138,8.5,13.4,0.6,15.4,0.0
11.36,1.24,1.238,0.278,4.2,16.6,34.4,12.9,5086.5
14.23,1.91,1.181,0.187,13.8,20.1,7.1,18.0,7226.5
4.96,0.52,1.273,0.069,5.4,12.2,24.6,7.2,373.8
3.59,0.05,1.264,0.188,3.6,13.7,9.2,13.9,0.0
8.52,0.73,1.225,0.226,2.3,16.5,19.6,8.9,1446.3
3.65,0.05,1.178,0.107,10.6,12.3,11.7,14.7,0.0
4.55,0.56,1.244,0.184,13.0,14.3,21.9,16.6,0.0
9.14,0.93,1.192,0.158,14.4,14.5,13.0,2.0,2039.6
7.09,0.44,1.216,0.18,16.2,14.9,21.9,6.8,429.2
7.41,0.78,1.201,0.16,-2.0,14.1,29.3,4.0,1363.8
5.21,0.51,1.207,0.049,12.9,12.1,23.5,9.6,86.2
9.65,1.27,1.305,0.132,-2.0,15.7,4.6,18.1,2961.7
5.59,0.47,1.21,0.114,4.0,13.1,12.1,19.7,0.0
4.24,0.98,1.198,0.159,15.1,12.2,8.9,7.6,0.0
8.59,1.24,1.209,0.125,4.2,15.4,11.9,19.8,1863.7
7.2,0.35,1.241,0.122,4.1,14.5,23.9,7.0,1381.9
13.01,1.76,1.192,0.12,2.0,18.7,10.8,14.4,7696.4
3.23,0.36,1.259,0.207,-1.7,12.6,28.1,5.8,0.0
4.27,0.11,1.24,0.133,0.3,13.8,30.7,1.4,0.0
5.53,0.87,1.231,0.151,7.9,14.2,20.8,7.8,0.0
1.9,0.05,1.263,0.247,6.0,13.4,-2.7,9.3,0.0
0.87,0.08,1.224,0.17,2.9,7.9,26.8,13.5,0.0
13.24,1.83,1.241,0.1,14.3,20.9,11.5,12.6,7621.3
4.95,0.39,1.245,0.211,12.6,14.4,20.8,8.8,0.0
2.49,0.05,1.258,0.149,11.4,8.9,4.9,12.2,0.0
11.83,1.0,1.281,0.061,9.7,17.6,21.0,3.2,6404.6
8.46,0.97,1.187,0.129,8.2,17.3,14.3,9.3,1921.7
9.26,0.34,1.208,0.064,9.1,15.7,17.0,13.6,2055.0
4.77,0.56,1.187,0.145,4.3,10.0,21.7,14.6,291.3
10.82,1.16,1.169,0.129,9.3,15.7,19.2,16.6,3646.4
6.18,0.85,1.207,0.077,-2.0,17.1,19.4,18.9,684.0
6.45,0.36,1.22,0.072,3.9,10.3,26.0,13.0,627.9
4.9,0.34,1.127,0.167,0.1,12.3,18.9,10.6,0.0
7.05,1.14,1.218,0.174,7.3,14.1,5.1,3.5,919.7
1.53,0.54,1.232,0.232,1.6,9.1,31.9,3.1,0.0
12.2,1.63,1.236,0.093,6.8,18.8,24.0,2.0,7114.8
2.89,0.74,1.246,0.143,8.1,7.4,25.8,5.9,0.0
4.11,0.14,1.193,0.215,8.9,13.7,17.1,17.6,0.0
6.98,0.7,1.189,0.108,8.0,12.6,17.4,15.4,839.9
10.17,1.48,1.185,0.119,9.5,17.7,19.1,5.9,3180.1
7.66,0.78,1.155,0.165,0.1,15.5,11.2,6.4,1412.9
4.21,0.29,1.285,0.153,1.0,11.6,23.2,15.3,0.0
5.29,0.15,1.24,0.138,3.4,11.6,15.1,3.4,38.2
4.55,0.64,1.269,0.129,6.5,10.5,15.9,18.0,0.0
3.03,0.49,1.267,0.132,-0.1,7.6,0.8,14.3,0.0
4.9,0.36,1.252,0.208,-2.0,10.4,11.0,8.2,0.0
6.95,0.42,1.168,0.099,-1.4,14.6,19.3,5.0,935.1
9.73,0.62,1.185,0.11,8.6,15.8,17.0,2.1,2565.6
12.09,1.64,1.23,0.134,2.3,18.9,23.5,2.3,6328.3
9.66,1.34,1.1,0.02,3.8,15.6,17.4,17.1,2042.3
2.18,0.51,1.204,0.135,0.7,10.7,8.9,12.2,0.0
5.69,1.08,1.198,0.156,-1.6,9.6,18.5,6.6,0.0
5.57,0.57,1.227,0.096,-0.0,14.3,25.1,14.7,58.6
8.3,1.31,1.157,0.219,9.5,18.0,3.0,1.0,1434.6
4.57,0.79,1.251,0.124,20.4,13.3,11.8,7.2,0.0
13.03,1.68,1.281,0.091,3.2,20.3,22.6,18.4,7592.9
5.57,0.62,1.201,0.162,8.3,13.4,-1.6,17.1,0.0
15.37,1.49,1.246,0.104,1.9,22.8,18.1,8.8,8103.9
7.78,1.02,1.175,0.188,1.5,14.6,25.5,19.7,499.1
7.1,1.37,1.158,0.212,1.1,14.1,17.5,11.0,798.0
6.59,1.54,1.236,0.168,-2.0,12.2,19.6,8.7,586.9
8.38,1.19,1.172,0.044,7.3,15.6,17.8,0.6,2380.0
9.44,1.4,1.166,0.161,12.0,16.6,-2.6,14.0,1991.4
4.4,0.73,1.3,0.112,0.3,14.8,28.3,12.5,0.0
4.99,0.65,1.237,0.208,15.8,12.9,14.2,3.7,0.0
10.7,1.27,1.309,0.139,-2.0,14.5,16.7,3.1,4990.4
6.11,0.31,1.219,0.21,10.6,13.3,13.5,18.8,0.0
5.54,1.02,1.226,0.124,5.8,13.0,15.1,6.9,173.4
4.82,0.08,1.19,0.061,0.5,10.8,15.7,15.2,476.1
5.49,0.26,1.256,0.075,-1.0,14.4,32.1,3.5,272.3
3.45,0.33,1.279,0.081,10.8,7.8,17.7,17.8,0.0
7.38,1.21,1.22,0.186,0.6,12.7,16.8,2.5,1289.8
3.31,0.54,1.307,0.158,8.3,11.4,33.8,9.2,0.0
3.9,0.86,1.258,0.174,1.5,13.5,-6.1,10.7,0.0
7.85,0.56,1.237,0.109,4.0,14.3,4.9,0.4,1504.5
6.12,0.33,1.238,0.172,14.4,11.5,2.5,9.7,0.0
10.35,1.21,1.254,0.02,-2.0,19.2,34.2,12.2,4473.4
7.59,0.97,1.226,0.181,0.4,14.7,10.0,1.2,1294.8
9.17,0.91,1.176,0.177,5.7,18.1,28.3,8.4,2272.9
12.15,1.1,1.222,0.139,-2.0,20.1,5.9,13.3,6224.7
4.33,0.98,1.229,0.12,1.5,12.6,17.4,2.8,0.0
4.94,0.66,1.206,0.124,-1.9,13.2,1.8,7.3,0.0
3.66,0.63,1.223,0.292,6.0,10.7,27.3,0.7,28.8
2.45,0.52,1.204,0.177,9.8,11.5,19.3,8.3,0.0
4.49,0.97,1.181,0.147,5.1,15.3,-1.6,10.0,0.0
8.71,0.88,1.302,0.106,4.4,14.1,18.9,17.7,2440.0
3.23,0.24,1.179,0.158,-0.9,11.4,13.2,14.2,0.0
6.82,0.9,1.227,0.069,18.2,15.7,15.0,18.1,458.8
3.69,0.5,1.188,0.22,-2.0,12.0,9.5,1.9,0.0
3.37,0.22,1.237,0.125,-0.1,10.9,20.5,18.2,0.0
6.44,0.45,1.261,0.092,6.0,12.4,9.5,18.1,0.0
4.79,0.56,1.294,0.178,5.3,11.8,16.0,10.4,0.0
4.23,0.92,1.195,0.197,10.8,11.3,16.5,16.2,0.0
11.43,0.78,1.249,0.058,6.4,18.6,22.1,13.8,4816.2
4.62,0.55,1.173,0.119,6.2,10.2,7.3,13.9,0.0
10.11,1.39,1.189,0.136,14.4,16.4,3.8,1.7,3196.7
8.38,0.69,1.302,0.097,7.9,15.4,10.5,6.7,1237.2
9.82,0.89,1.177,0.102,12.2,15.7,8.0,19.8,2266.1
5.68,0.82,1.178,0.187,6.4,13.4,19.4,12.8,0.0
5.77,0.55,1.254,0.102,8.0,15.4,-1.9,10.3,0.0
4.93,0.9,1.18,0.119,3.8,9.8,10.8,12.8,70.7
7.77,0.6,1.197,0.045,-2.0,14.1,19.8,10.0,1179.8
5.06,0.58,1.147,0.204,3.8,12.9,21.5,12.7,0.0
2.19,0.05,1.227,0.227,5.6,10.1,12.3,0.8,0.0
7.03,0.17,1.269,0.046,-2.0,10.6,12.9,19.5,499.2
8.04,1.71,1.23,0.174,4.0,14.9,-1.7,14.4,1472.1
9.99,0.77,1.25,0.137,4.9,18.0,13.6,0.3,3710.3
1.73,0.49,1.195,0.089,-2.0,10.2,6.1,17.0,0.0
3.99,0.28,1.254,0.197,13.1,12.0,15.7,18.7,0.0
0.89,0.05,1.228,0.16,6.2,9.7,9.7,7.7,0.0
6.62,0.68,1.286,0.16,10.7,13.7,22.9,19.0,297.0
4.58,0.26,1.24,0.13,8.6,11.0,28.8,11.3,0.0
4.18,0.2,1.211,0.02,8.6,11.0,25.6,15.8,0.0
9.01,0.91,1.241,0.14,-2.0,14.2,1.2,7.4,2088.7
10.6,1.06,1.241,0.18,1.4,17.3,19.2,3.0,3653.5
7.16,0.82,1.266,0.088,12.8,13.0,28.3,10.6,647.8
9.21,1.0,1.15,0.106,10.7,16.6,20.9,17.0,2176.5
8.82,0.56,1.175,0.066,-2.0,15.2,15.8,7.8,2180.3
10.18,0.87,1.242,0.337,14.7,18.9,12.6,4.2,2413.2
2.79,0.4,1.275,0.11,0.6,10.5,-0.6,8.7,0.0
5.41,0.95,1.263,0.237,3.0,14.4,17.7,19.3,0.0
3.5,0.05,1.231,0.118,0.6,13.0,34.8,1.1,4.4
12.82,1.69,1.303,0.052,3.7,20.7,5.3,3.5,8304.3
4.39,0.54,1.24,0.12,12.1,11.4,24.8,4.2,0.0
8.0,0.95,1.297,0.162,-2.0,15.8,15.1,17.3,1128.0
4.92,1.04,1.256,0.078,3.6,12.6,-0.0,11.6,45.4
5.2,0.93,1.228,0.148,-1.9,12.6,27.5,18.3,0.0
1.94,0.05,1.219,0.132,1.7,9.0,29.4,7.4,0.0
8.21,1.41,1.296,0.152,-1.6,14.1,13.4,0.3,2077.0
4.53,0.97,1.267,0.228,4.1,11.0,31.4,0.9,0.0
7.21,0.64,1.247,0.184,6.3,13.5,6.5,1.9,470.1
2.99,0.31,1.243,0.117,-2.0,9.3,20.3,2.9,0.0
1.12,0.35,1.242,0.158,15.5,7.9,3.8,8.7,0.0
6.47,0.48,1.284,0.234,-2.0,13.1,22.0,17.2,400.9
6.19,0.2,1.259,0.099,4.4,12.3,1.5,4.1,1004.3
6.52,0.68,1.208,0.22,2.8,13.6,2.7,18.3,538.3
2.88,0.12,1.232,0.246,5.1,10.0,7.6,19.2,0.0
9.36,0.88,1.216,0.143,15.5,16.9,17.6,15.0,2393.5
2.12,0.37,1.188,0.15,-2.0,8.7,1.8,3.5,0.0
3.41,0.1,1.286,0.101,6.7,8.4,11.5,19.0,0.0
5.86,0.05,1.209,0.114,19.2,12.2,28.7,17.6,0.0
7.06,1.01,1.241,0.118,3.7,13.3,19.7,19.1,1443.4
3.7,0.55,1.28,0.058,9.7,12.1,-2.0,17.5,0.0
4.42,0.79,1.202,0.16,0.4,10.9,6.2,14.1,0.0
5.43,0.64,1.271,0.254,2.0,14.7,19.7,11.6,0.0
6.91,0.56,1.174,0.093,3.0,13.7,14.2,3.3,1086.9
6.3,1.26,1.204,0.158,10.1,13.8,22.0,18.8,0.0
8.3,1.31,1.228,0.158,-1.1,12.8,25.4,0.8,2015.6
4.83,0.79,1.266,0.158,8.1,11.9,17.5,9.3,0.0
2.83,0.39,1.276,0.111,-0.6,13.0,6.6,6.9,0.0
3.92,0.29,1.239,0.061,13.2,11.0,23.5,15.1,0.0
6.62,1.05,1.203,0.111,-0.6,14.5,5.2,11.2,813.7
1.32,0.18,1.183,0.076,9.1,8.8,30.4,16.3,0.0
1.12,0.39,1.253,0.085,9.5,8.5,13.4,19.0,0.0
11.16,1.61,1.244,0.212,-2.0,16.9,11.3,12.7,4906.9
7.52,1.28,1.264,0.177,6.5,17.2,0.6,11.5,1655.8
5.95,0.52,1.254,0.184,14.2,15.0,17.4,19.3,0.0
2.92,0.05,1.205,0.205,1.2,13.7,9.0,7.2,0.0
5.36,0.38,1.227,0.201,-2.0,11.8,22.4,11.1,0.0
2.24,0.05,1.21,0.219,13.7,10.1,14.2,10.9,0.0
8.85,0.28,1.18,0.179,14.8,17.6,17.4,14.3,1340.5
2.66,0.53,1.231,0.123,8.9,9.3,17.5,19.6,0.0
4.22,0.46,1.233,0.066,6.7,9.5,12.5,3.7,0.0
13.28,1.52,1.116,0.152,-2.0,20.4,-5.7,9.6,6979.5
1.43,0.37,1.202,0.119,6.4,10.0,3.9,17.9,0.0
3.34,0.31,1.196,0.105,-2.0,10.2,-0.0,2.0,0.0
2.49,0.54,1.154,0.154,-2.0,9.7,20.3,5.8,0.0
9.33,0.59,1.233,0.133,3.6,16.0,33.5,20.0,2468.4
8.29,1.23,1.224,0.132,-0.4,12.4,19.2,13.1,1171.1
5.99,1.02,1.252,0.139,8.8,13.4,-0.8,11.7,17.1
1.5,0.05,1.171,0.099,1.1,11.0,13.1,14.7,0.0
9.52,1.13,1.205,0.062,8.8,16.8,21.8,8.5,2206.2
6.9,0.56,1.197,0.123,0.3,11.1,23.2,8.7,880.1
5.31,0.66,1.258,0.111,3.9,13.0,19.4,10.0,41.3
0.72,0.11,1.218,0.08,-1.8,8.0,13.1,6.5,0.0
7.98,0.96,1.184,0.081,6.2,17.1,13.0,13.7,1101.6
5.84,0.73,1.156,0.157,12.0,13.2,9.2,19.3,0.0
1.23,0.05,1.264,0.08,4.1,9.4,12.5,8.3,0.0
11.46,1.24,1.273,0.182,4.3,19.3,35.5,5.6,5795.5
4.88,0.66,1.276,0.053,3.4,12.0,6.4,7.9,694.1
1.83,0.05,1.183,0.129,-2.0,7.9,10.5,6.3,11.2
6.09,1.11,1.239,0.194,9.2,11.8,16.6,1.5,372.1
2.75,0.05,1.189,0.129,-2.0,11.3,4.4,11.8,0.0
7.93,1.12,1.224,0.119,5.1,12.8,0.7,3.7,1601.7
8.25,1.11,1.145,0.134,6.6,14.3,5.8,15.6,1289.5
4.34,0.05,1.2,0.119,2.3,11.0,21.6,19.6,0.0
8.31,0.82,1.225,0.213,19.4,16.9,17.1,19.6,689.7
5.44,0.33,1.161,0.209,3.0,13.7,18.7,19.5,0.0
6.31,1.11,1.195,0.071,13.4,14.5,13.6,8.0,328.7
2.03,0.05,1.227,0.131,17.6,8.5,14.5,16.8,0.0
8.25,1.39,1.201,0.11,-2.0,15.9,21.2,17.5,1085.8
2.1,0.08,1.252,0.106,6.3,10.5,27.9,8.3,0.0
1.16,0.19,1.246,0.16,3.9,9.7,30.0,11.5,0.0
2.92,0.51,1.272,0.105,-2.0,13.3,11.3,7.8,0.0
10.17,1.04,1.209,0.148,1.4,19.1,2.4,6.3,3637.6
10.08,0.57,1.177,0.218,-2.0,17.9,7.6,7.7,2904.7
4.41,0.95,1.258,0.12,1.4,13.9,23.1,1.9,0.0
3.12,0.81,1.292,0.185,10.1,10.7,27.5,3.2,0.0
2.08,0.21,1.249,0.122,4.9,10.2,19.9,13.3,0.0
10.73,1.16,1.288,0.144,-2.0,18.4,15.0,17.6,3963.3
3.56,0.71,1.327,0.133,-1.6,8.4,17.2,14.1,0.0
5.43,0.42,1.219,0.146,4.7,14.2,22.8,14.0,0.0
5.12,0.2,1.217,0.021,12.7,12.3,19.7,0.3,116.1
8.78,0.84,1.22,0.086,0.3,17.9,2.8,12.9,1878.8
8.34,1.05,1.201,0.177,-2.0,16.3,9.9,11.6,1694.5
7.66,0.98,1.217,0.093,13.7,13.7,11.1,1.7,1298.9
4.91,0.54,1.224,0.181,2.5,11.2,16.7,16.1,0.0
6.05,0.55,1.168,0.215,2.9,11.1,28.1,7.7,233.6
7.01,1.07,1.319,0.13,-0.3,12.8,19.5,10.7,1405.4
8.21,0.6,1.247,0.109,-2.0,13.2,24.2,3.3,2039.1
0.81,0.54,1.179,0.098,1.5,10.0,7.2,6.4,0.0
5.28,0.89,1.182,0.095,8.0,12.0,11.9,4.5,184.2
3.51,0.2,1.142,0.197,11.6,9.3,15.2,5.7,0.0
2.95,0.4,1.236,0.037,-2.0,10.4,11.8,1.4,0.0
11.55,1.54,1.282,0.067,-0.9,18.9,34.5,11.2,5287.4
4.3,0.41,1.182,0.194,-2.0,10.3,14.4,2.8,0.0
7.78,1.04,1.262,0.208,3.3,14.4,3.2,8.3,1242.1
3.28,0.4,1.207,0.107,5.3,10.1,18.8,2.8,0.0
3.02,0.49,1.223,0.141,-1.1,7.0,30.1,1.5,0.0
10.23,1.01,1.234,0.108,0.6,20.0,31.7,6.0,3739.4
9.74,1.23,1.218,0.125,2.5,19.2,23.6,18.5,2990.1
9.83,1.06,1.261,0.14,3.2,15.3,22.6,4.7,3418.4
5.69,0.72,1.234,0.147,3.9,11.8,18.3,10.5,100.9
3.29,0.11,1.245,0.165,-2.0,10.4,12.3,16.5,0.0
3.14,0.14,1.225,0.109,9.1,8.7,31.5,6.8,0.0
2.05,0.05,1.206,0.141,-1.6,8.6,26.6,12.6,0.0
2.36,0.22,1.167,0.135,0.5,9.6,16.0,9.7,0.0
3.8,0.28,1.175,0.147,3.2,8.4,23.3,16.5,0.0
2.5,0.48,1.193,0.136,3.3,9.0,-9.6,4.1,0.0
2.66,0.27,1.279,0.15,4.4,10.0,1.9,5.7,0.0
3.18,0.05,1.162,0.109,-1.5,11.7,15.9,6.5,0.0
11.6,1.42,1.219,0.099,3.5,18.0,24.1,2.1,5663.0
8.95,0.66,1.263,0.193,2.1,14.6,15.3,1.4,2139.6
11.62,1.51,1.21,0.02,8.3,18.8,6.3,6.7,5302.8
3.07,0.35,1.256,0.132,7.9,11.3,2.9,6.4,0.0
5.59,0.97,1.197,0.114,5.8,10.8,17.6,3.4,409.9
10.12,1.46,1.216,0.141,2.7,16.0,8.4,20.0,3168.7
3.43,0.42,1.266,0.111,0.2,11.5,15.9,19.0,0.0
7.84,0.5,1.212,0.033,22.3,13.7,10.4,15.0,778.1
8.67,1.01,1.181,0.151,-0.1,14.4,30.0,6.7,1915.9
6.49,0.74,1.288,0.144,-2.0,12.2,5.0,19.7,72.7
6.32,0.64,1.203,0.112,6.5,12.0,10.3,1.8,142.6
8.21,0.78,1.289,0.17,10.4,14.7,9.7,4.8,1494.9
3.38,0.48,1.282,0.197,11.6,8.8,13.4,8.3,0.0
0.93,0.52,1.282,0.116,7.4,9.4,12.0,15.1,0.0
8.55,0.84,1.195,0.175,2.9,16.0,18.2,6.3,1749.4
7.62,0.79,1.187,0.145,1.1,11.4,26.3,3.9,1440.5
5.25,0.2,1.229,0.081,8.2,11.5,26.2,7.0,136.9
7.39,0.82,1.215,0.173,2.6,15.5,0.5,13.9,1042.1
7.15,0.6,1.15,0.126,-2.0,12.7,8.0,13.0,696.6
11.81,1.79,1.186,0.151,-2.0,18.7,1.4,16.0,5724.5
8.82,1.41,1.243,0.19,7.9,15.1,17.8,9.8,1744.7
6.65,0.65,1.231,0.166,-1.3,15.7,2.9,1.5,403.6
9.7,1.39,1.253,0.222,-2.0,15.7,14.2,4.7,3080.4
8.0,1.5,1.241,0.156,-1.9,11.7,10.9,6.3,1236.4
5.66,0.8,1.244,0.084,4.4,13.6,30.0,5.0,502.8
6.53,0.58,1.247,0.152,3.7,14.0,6.1,6.9,699.1
4.57,0.95,1.182,0.175,-2.0,11.7,26.9,6.4,0.0
1.99,0.11,1.221,0.101,2.7,9.1,6.5,9.9,61.2
6.18,1.2,1.215,0.123,2.1,13.1,15.8,5.4,631.7
17.1,1.87,1.222,0.089,-2.0,26.1,0.2,8.0,16126.7
6.73,1.34,1.15,0.102,8.5,13.9,34.9,0.0,753.5
3.76,1.03,1.201,0.153,-2.0,12.4,29.9,1.6,0.0
6.21,0.41,1.23,0.206,4.2,12.7,11.7,3.5,691.5
4.82,0.76,1.197,0.144,2.7,13.5,13.8,18.3,96.7
6.15,1.09,1.246,0.095,-2.0,11.0,7.4,16.4,69.9
5.2,0.34,1.222,0.13,3.5,12.7,20.1,16.3,19.4
10.73,1.27,1.291,0.169,10.9,16.7,27.1,8.0,4052.7
7.46,0.99,1.25,0.25,-1.3,14.7,-1.5,8.5,804.2
7.24,1.11,1.239,0.192,11.7,15.6,29.4,17.0,0.0
4.16,0.39,1.23,0.185,4.2,12.4,15.8,13.2,0.0
1.98,0.2,1.175,0.118,8.0,10.3,21.7,17.7,0.0
14.44,1.69,1.242,0.124,3.4,17.7,12.8,6.3,8531.9
5.46,0.72,1.205,0.107,0.1,12.0,8.8,6.2,0.0
12.1,1.79,1.261,0.149,4.6,16.2,17.8,15.2,6340.3
7.93,0.62,1.19,0.172,1.7,13.9,29.3,6.6,1301.0
6.79,0.62,1.282,0.162,4.2,12.3,15.8,19.9,294.0
4.84,0.25,1.216,0.15,16.4,14.4,6.1,18.8,0.0
7.47,0.69,1.227,0.077,-1.4,14.1,29.5,12.7,1176.8
7.78,0.86,1.176,0.155,6.7,15.9,27.3,6.3,949.9
2.71,0.05,1.204,0.117,11.0,12.2,19.5,11.8,0.0
6.68,1.19,1.283,0.293,10.5,14.4,15.3,13.6,368.4
10.1,1.01,1.225,0.101,5.5,17.7,22.4,18.8,2753.0
5.19,0.85,1.252,0.116,14.0,13.6,9.5,6.3,0.0
6.9,1.06,1.158,0.126,0.8,14.4,4.1,19.9,853.3
8.66,0.81,1.183,0.279,9.9,15.1,13.5,12.2,1483.9
12.19,1.78,1.199,0.062,6.4,17.6,16.8,15.9,6637.6
7.35,0.78,1.234,0.191,1.2,15.4,5.0,19.9,667.6
5.03,0.71,1.25,0.08,-1.6,14.6,14.5,8.6,0.0
2.47,0.36,1.255,0.14,1.3,10.4,28.6,15.7,0.0
7.81,0.73,1.193,0.169,7.9,13.4,32.1,7.6,1170.1
5.72,1.26,1.268,0.131,7.6,17.6,29.2,5.6,642.7
10.4,1.26,1.211,0.111,3.7,14.1,21.1,11.2,3324.4
2.91,0.32,1.23,0.123,-2.0,9.6,10.7,5.3,0.0
10.05,0.89,1.26,0.155,-2.0,17.8,15.5,20.0,3264.0
9.52,1.19,1.196,0.079,2.9,16.4,5.1,6.3,2574.0
10.14,1.23,1.281,0.101,2.9,17.0,3.7,14.6,3315.2
5.43,0.56,1.245,0.205,7.6,12.7,13.1,0.2,404.4
5.12,0.72,1.246,0.178,-2.0,10.5,23.1,16.7,0.0
9.43,1.03,1.238,0.058,-2.0,15.1,22.3,0.3,2869.9
