machine_type,air_temp_k,process_temp_k,rot_speed_rpm,torque_nm,tool_wear_min,failure
L,296.87,308.26,1386.0,36.73,166.7,0
M,296.88,308.97,1377.0,35.63,147.5,0
H,300.5,312.07,1371.0,48.3,247.7,1
H,300.79,312.79,1783.0,42.02,196.8,0
H,293.54,307.91,1608.0,18.51,275.2,1
L,297.58,308.4,1403.0,49.75,211.1,0
L,299.05,313.08,1678.0,37.52,159.1,0
L,297.31,309.85,1313.0,48.21,294.7,1
M,297.74,309.76,1755.0,47.93,175.3,0
M,299.39,311.72,1560.0,51.6,119.3,0
M,295.92,308.04,1501.0,44.34,45.5,1
L,301.24,314.02,1497.0,42.97,136.3,0
M,293.92,308.88,1648.0,40.41,274.5,1
L,299.59,311.37,1437.0,38.11,303.0,1
L,298.64,312.55,1613.0,52.61,284.1,1
L,296.64,308.29,1498.0,34.94,257.5,1
L,301.69,314.12,1481.0,40.24,110.4,0
M,296.84,309.36,1528.0,62.12,112.4,1
H,296.43,308.52,1655.0,55.15,174.3,0
M,299.31,311.83,1314.0,29.85,105.1,0
M,297.15,312.21,1607.0,25.96,307.1,1
L,297.6,311.77,1723.0,32.56,175.3,0
L,296.44,310.12,1788.0,27.98,47.3,1
L,298.75,311.86,1775.0,33.91,100.4,1
H,297.04,309.5,1390.0,63.16,266.7,1
M,296.27,308.33,1339.0,52.01,174.3,0
L,299.59,311.97,1392.0,67.9,115.3,1
M,294.87,306.95,1614.0,38.63,285.5,1
M,299.36,314.46,1559.0,46.28,295.4,1
M,293.62,307.79,1566.0,34.57,59.2,0
M,296.16,310.2,1482.0,52.75,107.2,1
M,298.4,310.77,1652.0,48.83,184.4,1
L,296.12,309.85,1626.0,43.79,280.5,1
L,295.2,308.52,1581.0,41.91,315.5,1
L,298.12,311.21,1880.0,56.53,204.8,1
L,297.75,310.48,1308.0,36.27,185.7,0
L,299.1,311.39,1552.0,53.43,206.4,1
M,299.35,313.04,1377.0,57.74,290.2,1
L,295.99,308.73,1688.0,46.84,310.9,1
L,298.76,311.84,1527.0,53.2,193.2,1
M,298.8,310.88,1710.0,41.56,120.9,0
M,296.83,310.25,1560.0,33.52,309.5,1
M,297.43,309.8,1675.0,46.05,110.8,0
M,299.24,312.36,1212.0,55.06,107.9,1
H,296.86,310.65,1198.0,35.55,117.7,1
L,301.3,313.24,1650.0,39.87,240.4,1
M,298.55,312.04,1672.0,55.31,170.5,1
L,299.08,309.4,1371.0,33.74,117.3,1
M,303.03,316.14,1430.0,28.41,37.1,0
L,295.23,307.58,1855.0,41.1,171.6,1
M,299.42,313.73,1611.0,43.19,223.1,1
H,296.09,307.51,1631.0,39.72,236.6,1
L,293.86,308.53,1517.0,54.96,159.3,0
M,298.37,311.98,1440.0,31.26,320.0,1
M,297.74,311.27,1666.0,44.77,149.2,0
M,298.59,310.0,1524.0,46.62,254.2,1
L,296.7,308.24,1519.0,66.66,314.1,1
L,297.69,308.98,1778.0,53.93,232.9,1
M,300.72,313.74,1474.0,35.89,247.5,1
L,297.25,309.78,1489.0,66.35,146.1,1
L,299.8,312.62,1667.0,22.55,93.2,1
L,301.22,314.05,1437.0,41.83,68.3,0
M,301.31,315.63,1142.0,37.21,58.8,1
L,296.11,308.46,1100.0,51.62,131.0,1
L,300.71,313.72,1210.0,41.0,260.0,1
L,294.94,306.62,1455.0,46.56,88.9,1
L,297.25,310.58,1292.0,48.2,232.5,0
L,295.23,307.85,1632.0,61.24,143.6,1
L,297.29,310.15,1513.0,37.03,84.0,0
L,297.1,310.14,1484.0,32.92,283.9,1
L,300.22,313.55,1295.0,31.53,151.4,1
M,297.17,310.52,1885.0,45.47,255.0,1
H,297.72,312.67,1592.0,65.8,105.4,1
H,299.28,313.74,1738.0,56.3,140.6,1
H,295.98,308.11,1655.0,31.16,274.9,1
H,295.88,309.91,1544.0,43.83,281.3,1
M,300.78,313.91,1450.0,42.37,224.2,1
M,297.13,310.53,1628.0,50.39,182.3,0
M,296.96,311.46,1394.0,50.92,231.3,1
M,295.18,309.27,1493.0,52.05,88.6,0
M,298.46,312.23,1471.0,25.82,299.8,1
L,299.92,312.62,1617.0,56.73,242.0,1
L,302.99,315.05,1316.0,52.68,244.8,1
L,297.17,308.46,1701.0,43.84,197.2,1
M,297.2,309.61,1191.0,33.47,235.3,1
H,298.58,311.28,1624.0,54.85,93.2,1
L,299.34,313.28,1462.0,57.92,260.8,1
M,299.19,311.7,1291.0,61.45,132.0,1
M,300.59,312.98,1672.0,45.05,106.6,1
M,298.48,311.24,1606.0,53.04,305.3,1
M,296.74,312.44,1734.0,44.91,166.2,1
H,297.91,311.1,1446.0,56.34,79.9,0
M,295.77,308.26,1830.0,18.69,75.4,1
L,294.93,308.53,1454.0,29.7,134.1,0
L,297.29,310.46,1431.0,57.2,305.1,1
M,293.84,305.83,1264.0,49.83,129.9,0
L,301.28,313.8,1732.0,37.25,281.1,1
H,297.86,310.75,1644.0,52.01,121.3,1
M,296.41,309.0,1251.0,42.33,251.9,1
M,296.92,307.88,1601.0,40.95,296.2,1
M,298.83,312.45,1169.0,44.11,267.6,1
L,301.73,315.19,1537.0,40.68,164.5,1
L,297.77,310.59,1527.0,49.89,128.1,0
L,300.13,311.75,1470.0,41.19,135.7,1
H,299.94,312.35,1393.0,54.14,313.1,1
L,293.85,306.91,1689.0,45.37,292.5,1
L,297.21,309.2,1340.0,41.12,123.5,1
L,298.81,310.41,1233.0,26.08,292.4,1
M,296.53,309.03,1463.0,46.65,292.3,1
L,300.13,311.92,1736.0,25.74,125.5,0
H,301.58,314.37,1568.0,44.82,89.8,0
M,295.41,309.05,1436.0,51.54,235.9,1
M,297.36,309.59,1723.0,29.39,96.2,0
H,299.07,310.91,1547.0,38.03,274.5,1
M,298.29,309.6,1625.0,51.3,159.1,0
M,296.05,309.05,1506.0,41.68,62.0,0
M,299.38,311.31,1480.0,59.71,216.5,1
H,300.01,312.45,1293.0,28.28,255.9,1
L,300.82,315.05,1497.0,56.88,94.7,0
H,297.5,308.89,1776.0,41.59,211.4,1
H,295.87,308.45,1390.0,30.95,292.1,1
H,297.49,312.84,1552.0,61.08,76.4,1
L,298.51,313.87,1360.0,42.29,265.1,1
M,297.89,310.61,1322.0,49.08,201.2,0
M,299.69,313.71,1360.0,46.28,222.4,1
H,296.48,307.05,1468.0,37.17,320.0,1
L,298.8,310.61,1657.0,49.48,92.9,0
H,296.35,308.61,1533.0,30.1,73.4,0
H,299.12,311.73,1359.0,33.6,320.0,1
M,299.82,311.97,1360.0,42.78,205.4,0
L,299.85,313.7,1474.0,41.9,320.0,1
L,297.93,308.89,1505.0,39.8,206.4,0
H,297.8,311.22,1598.0,42.02,90.1,0
L,299.51,311.68,1598.0,43.51,282.5,1
L,298.36,310.59,1417.0,24.12,137.9,1
M,298.25,309.25,1419.0,52.36,165.7,0
H,297.45,312.28,1504.0,45.02,258.8,1
H,296.93,309.78,1387.0,46.51,218.8,1
L,300.81,313.71,1236.0,31.28,192.0,1
L,302.3,315.84,1547.0,47.55,298.1,1
M,292.78,305.57,1475.0,45.66,306.9,1
M,297.6,310.06,1786.0,46.67,60.9,1
L,297.03,310.36,1522.0,9.33,111.1,0
L,295.87,308.66,1590.0,36.12,117.4,0
L,297.97,310.73,1392.0,56.43,119.5,1
H,296.31,310.4,1473.0,69.55,72.8,0
L,298.06,312.39,1203.0,68.14,220.6,1
L,301.63,314.86,1729.0,38.02,218.0,1
L,300.71,315.16,1568.0,45.57,239.5,1
L,298.32,311.64,1427.0,47.86,218.5,0
M,295.18,307.87,1607.0,44.49,90.3,0
L,296.61,310.05,1754.0,61.82,128.9,1
M,296.31,309.46,1597.0,52.79,187.0,0
L,297.9,309.45,1291.0,29.55,131.9,0
M,297.05,310.25,1491.0,43.34,87.5,0
H,294.76,306.02,1510.0,44.5,208.1,1
M,298.87,311.96,1565.0,41.38,169.4,0
L,294.91,308.21,1547.0,58.52,220.5,1
H,298.55,311.11,1514.0,34.1,244.6,1
L,299.34,313.56,1666.0,33.89,289.9,1
L,298.57,312.21,1641.0,43.47,91.2,1
L,294.68,308.82,1354.0,19.69,253.4,1
L,294.75,307.65,1687.0,31.93,83.3,1
H,299.79,311.77,1671.0,44.26,130.3,1
L,299.41,312.63,1574.0,58.08,89.7,0
L,301.44,314.8,1461.0,47.27,90.5,1
L,297.59,309.22,1644.0,37.8,271.0,1
M,302.9,316.23,1649.0,48.47,224.0,1
L,294.12,308.75,1470.0,54.52,283.4,1
M,297.26,308.94,1388.0,50.83,192.7,0
L,299.76,312.48,1413.0,50.87,229.9,1
H,297.58,309.78,1326.0,24.36,117.5,1
L,298.74,311.94,1448.0,35.16,150.6,0
M,298.04,310.85,1536.0,63.17,65.3,0
L,295.02,308.72,1697.0,36.8,77.8,0
H,295.89,310.93,1265.0,59.55,122.2,0
L,300.59,313.82,1563.0,31.25,219.9,0
H,295.25,308.61,1346.0,32.36,97.7,1
L,296.0,308.73,1376.0,54.8,115.2,0
M,301.8,315.18,1314.0,30.9,95.8,0
L,295.64,306.8,1741.0,42.37,114.2,0
M,295.32,307.64,1300.0,35.59,262.6,1
L,294.62,307.08,1571.0,45.84,197.3,1
L,298.74,313.67,1607.0,49.42,131.2,1
L,299.89,313.97,1678.0,38.93,308.4,1
H,298.7,312.05,1199.0,40.14,99.4,0
L,295.83,309.2,1237.0,32.87,56.3,1
L,301.94,313.51,1636.0,30.0,153.6,1
H,300.53,312.65,1443.0,34.2,258.6,1
H,299.82,312.88,1515.0,38.68,174.7,0
L,296.61,308.12,1603.0,39.12,307.0,1
L,296.3,310.39,1478.0,51.04,264.2,0
L,298.68,312.2,1468.0,34.33,181.9,0
M,303.1,317.0,1334.0,33.31,170.7,0
L,295.71,309.21,1503.0,49.54,268.0,1
L,298.87,311.74,1560.0,53.26,152.0,0
M,301.01,313.47,1484.0,43.67,215.9,1
M,295.1,308.22,1480.0,47.51,191.1,0
L,297.45,310.51,1716.0,32.81,116.5,0
L,301.44,315.7,1518.0,50.24,296.1,1
L,303.63,315.28,1435.0,63.03,225.7,1
L,299.43,312.24,1359.0,37.17,109.6,0
L,296.04,308.51,1220.0,61.28,180.7,1
L,300.63,314.3,1645.0,44.19,122.5,0
M,297.93,311.65,1359.0,55.13,99.9,1
M,296.52,307.54,1491.0,57.32,319.1,1
H,298.32,312.59,1564.0,53.41,77.8,1
L,298.33,312.06,1408.0,40.97,122.7,1
M,299.81,312.62,1810.0,25.82,158.4,0
L,299.96,313.07,1343.0,40.55,285.0,1
L,296.22,311.04,1686.0,44.5,264.4,1
L,300.6,313.31,1498.0,23.46,304.6,1
M,292.91,306.46,1580.0,29.88,73.8,1
H,298.19,311.27,1744.0,49.13,277.2,1
M,300.19,312.94,1351.0,29.4,299.2,1
L,297.99,312.28,1488.0,33.95,166.8,0
H,294.42,305.9,1350.0,52.93,274.5,1
L,296.4,308.72,1764.0,29.8,210.8,1
L,298.25,312.86,1722.0,43.57,140.2,1
M,298.23,312.49,1621.0,60.4,260.9,1
L,301.13,313.73,1296.0,26.74,117.8,1
L,298.74,311.85,1520.0,42.18,145.6,0
H,298.45,310.99,1534.0,42.37,268.9,1
L,299.88,314.45,1431.0,60.86,264.9,1
L,297.92,311.63,1623.0,55.26,226.8,1
L,295.96,311.76,1433.0,41.04,314.4,1
L,299.03,311.38,1644.0,53.91,267.1,1
L,298.19,310.96,1491.0,51.86,190.5,0
L,296.47,312.83,1457.0,21.59,273.1,1
L,295.35,308.2,1464.0,59.36,306.7,1
M,298.11,308.33,1613.0,35.29,166.2,1
L,297.86,312.04,1560.0,31.46,309.0,1
M,296.57,309.34,1394.0,45.38,87.8,0
H,296.86,309.73,1427.0,51.25,207.8,1
L,296.05,307.49,1674.0,50.45,81.6,0
L,297.48,309.8,1614.0,54.49,297.1,1
L,299.42,311.22,1703.0,44.93,242.4,1
M,295.21,309.19,1211.0,40.35,278.3,1
L,298.88,312.66,1491.0,29.54,234.8,1
L,295.55,308.02,1525.0,44.62,133.5,0
L,300.51,313.95,1469.0,34.58,151.6,0
H,297.47,308.93,1565.0,27.6,285.3,1
L,298.27,310.44,1585.0,46.26,170.9,0
L,297.08,310.58,1405.0,62.14,214.2,1
L,295.44,307.99,1507.0,39.6,112.1,0
H,297.52,311.8,1576.0,56.7,61.7,0
L,296.44,308.61,1492.0,43.8,199.5,0
L,300.9,313.37,1505.0,38.08,310.6,1
L,302.1,313.95,1317.0,45.22,209.4,0
L,297.84,311.75,1428.0,46.51,89.3,1
M,299.72,312.63,1792.0,41.67,155.9,1
L,299.34,309.8,1370.0,37.88,225.0,1
M,298.63,310.86,1373.0,60.31,232.3,1
L,297.74,310.35,1350.0,48.26,302.4,1
M,295.19,309.15,1590.0,29.08,163.8,0
L,297.59,310.33,1474.0,27.11,188.8,0
L,295.48,308.46,1591.0,56.18,129.8,1
L,293.85,306.96,1492.0,47.4,199.3,0
L,298.35,312.37,1713.0,42.47,89.8,1
L,301.05,314.7,1358.0,48.74,176.9,1
M,297.4,309.94,1534.0,42.74,142.5,0
H,295.0,307.07,1439.0,53.39,317.6,1
L,297.84,309.84,1338.0,31.0,320.0,1
L,294.76,307.55,1328.0,58.98,129.8,1
M,296.07,309.3,1830.0,45.27,128.1,1
H,300.66,312.92,1683.0,46.63,259.6,1
M,301.81,316.02,1462.0,34.81,234.8,1
L,295.04,305.48,1495.0,37.1,47.8,0
M,299.55,310.89,1449.0,43.6,307.8,1
L,297.56,309.56,1269.0,42.64,140.1,1
H,297.68,310.56,1515.0,37.66,262.3,1
L,298.96,312.13,1298.0,50.49,320.0,1
H,297.25,309.02,1457.0,40.1,210.5,1
H,297.21,309.99,1541.0,27.26,268.2,1
L,299.85,312.04,1545.0,41.0,151.3,0
L,299.28,311.87,1579.0,56.64,230.0,1
M,295.98,310.34,1805.0,38.59,148.8,0
L,295.67,309.23,1306.0,55.72,178.5,0
L,298.46,310.74,1613.0,35.27,287.3,1
H,299.23,312.17,1263.0,58.95,320.0,1
L,300.08,314.45,1657.0,38.99,94.3,1
L,298.25,309.43,1534.0,36.71,168.6,0
H,296.71,307.72,1380.0,29.39,288.0,1
L,299.77,314.2,1557.0,30.21,105.5,1
L,299.43,312.6,1579.0,34.98,192.9,0
M,298.68,313.65,1355.0,48.88,305.6,1
L,299.96,313.49,1474.0,44.83,52.0,1
M,294.98,309.58,1348.0,47.89,153.6,0
L,298.05,310.74,1379.0,52.85,285.8,1
H,299.59,312.17,1415.0,53.13,85.1,1
L,296.14,309.53,1163.0,43.94,222.4,1
L,299.94,312.0,1338.0,42.87,294.3,1
L,298.7,312.03,1593.0,48.96,136.3,0
H,297.61,310.34,1778.0,45.74,270.4,1
L,301.62,315.43,1420.0,42.88,104.3,1
M,300.09,312.63,1694.0,39.69,189.8,0
M,297.36,310.03,1553.0,40.01,105.8,0
L,297.4,311.45,1645.0,35.62,113.7,1
H,295.16,306.96,1709.0,55.04,211.0,1
M,298.35,310.29,1377.0,28.13,245.1,1
M,298.9,310.67,1444.0,40.27,291.5,1
H,298.96,313.56,1340.0,33.95,101.4,1
M,296.75,309.68,1472.0,30.47,256.1,1
M,300.1,315.84,1323.0,44.08,276.7,1
L,297.64,310.48,1393.0,57.55,274.4,1
M,295.11,306.53,1474.0,40.81,240.9,1
L,295.7,311.61,1388.0,43.78,238.8,1
M,297.77,309.57,1471.0,50.25,160.9,0
H,298.08,311.42,1433.0,30.12,178.2,0
H,298.04,312.17,1423.0,56.68,51.4,0
H,301.66,316.59,1727.0,33.28,128.5,1
M,293.32,307.1,1533.0,38.47,66.3,0
M,297.49,309.62,1709.0,44.79,122.6,0
M,300.73,311.76,1508.0,47.77,141.0,0
M,298.98,311.45,1830.0,35.3,241.3,1
L,300.28,312.96,1608.0,52.42,86.5,0
M,297.83,309.52,1606.0,59.52,320.0,1
M,296.29,308.8,1549.0,41.73,200.5,1
H,295.39,309.14,1517.0,35.08,159.6,0
L,296.48,310.91,1480.0,56.33,107.7,1
M,297.12,308.75,1352.0,44.11,320.0,1
L,297.35,309.88,1343.0,48.38,98.1,0
L,296.88,310.7,1340.0,47.5,101.6,1
H,298.55,312.39,1554.0,29.08,67.4,0
L,300.21,313.49,1497.0,44.57,170.4,0
M,298.73,310.47,1418.0,26.06,247.9,1
M,294.6,307.07,1664.0,55.9,242.8,1
M,296.21,309.46,1674.0,37.66,146.7,1
L,290.97,303.47,1476.0,41.54,132.6,0
L,300.8,314.06,1676.0,40.23,119.0,1
M,296.05,311.24,1364.0,48.85,290.6,1
M,299.26,314.13,1326.0,28.26,168.7,0
M,300.25,312.12,1593.0,26.32,188.3,0
H,296.51,311.01,1313.0,25.93,57.0,1
L,297.24,309.88,1641.0,51.47,107.5,0
L,297.04,310.55,1424.0,33.27,86.9,0
H,296.18,309.56,1495.0,53.83,53.9,0
M,297.57,308.84,1426.0,32.1,202.7,0
M,298.11,309.43,1543.0,63.37,276.4,1
M,295.95,306.26,1476.0,15.71,286.2,1
H,299.61,311.86,1747.0,49.74,141.3,0
H,300.14,312.89,1103.0,43.58,289.6,1
M,299.48,309.94,1548.0,35.81,266.4,1
L,294.08,307.62,1277.0,50.29,100.6,1
L,295.47,308.86,1458.0,37.07,201.1,0
L,298.37,309.23,1537.0,42.16,311.0,1
M,302.21,314.89,1596.0,32.52,169.2,0
L,295.16,309.07,1928.0,47.22,47.0,1
H,296.9,311.18,1757.0,54.77,185.4,1
M,295.8,309.59,1341.0,44.87,71.8,0
L,299.6,313.45,1656.0,30.03,320.0,1
H,300.05,313.42,1557.0,32.98,197.0,1
L,299.02,313.5,1537.0,38.21,278.7,1
M,300.73,313.6,1412.0,39.35,320.0,1
L,296.72,310.54,1403.0,58.98,154.0,1
H,295.33,307.47,1542.0,39.27,301.0,0
M,293.88,306.9,1553.0,45.45,66.5,0
H,298.26,311.26,1744.0,36.35,284.4,1
L,300.51,312.31,1611.0,28.86,178.8,1
L,298.51,311.1,1213.0,48.96,155.0,0
M,296.71,311.46,1301.0,52.98,258.2,1
L,300.73,316.27,1379.0,41.93,301.2,1
H,295.6,309.17,1445.0,46.03,156.1,0
H,295.51,308.15,1284.0,47.15,304.3,1
H,301.42,314.52,1552.0,41.78,278.0,1
M,300.52,313.95,1357.0,37.26,87.5,1
H,296.88,310.72,1532.0,58.98,154.7,1
H,300.62,312.41,1455.0,44.59,63.4,0
L,298.31,311.61,1622.0,32.11,75.1,1
M,297.77,309.01,1178.0,26.49,229.1,1
M,297.46,309.74,1306.0,27.47,218.0,1
L,296.5,310.23,1375.0,58.17,155.3,1
M,301.07,313.8,1432.0,67.42,284.0,1
L,298.28,310.81,1331.0,49.59,161.4,1
M,298.49,309.71,1579.0,23.22,125.9,1
L,300.77,314.37,1562.0,50.36,320.0,1
H,295.63,307.77,1648.0,54.07,43.1,1
L,301.91,316.18,1367.0,41.81,73.3,1
L,299.8,312.66,1509.0,30.26,120.5,0
L,293.23,306.87,1536.0,36.72,62.1,0
H,293.08,303.99,1586.0,54.14,129.3,1
L,297.84,309.64,1559.0,26.49,213.8,1
H,298.27,311.12,1362.0,51.35,259.9,1
L,299.59,312.71,1558.0,38.16,135.2,0
M,296.19,311.48,1229.0,56.99,135.2,1
M,294.23,307.21,1592.0,38.28,195.8,0
L,301.06,312.62,1698.0,47.3,185.4,0
L,297.41,310.72,1656.0,43.65,229.6,1
M,299.22,313.07,1484.0,46.02,268.4,1
L,297.75,310.08,1461.0,40.5,240.2,1
L,298.88,311.97,1615.0,42.43,149.5,1
L,300.81,313.19,1685.0,38.35,318.3,1
M,298.78,312.13,1573.0,55.7,162.2,0
L,301.06,314.23,1480.0,58.65,182.3,1
L,297.52,311.27,1456.0,47.05,276.8,1
M,299.38,314.19,1388.0,48.33,81.4,0
L,295.78,309.29,1491.0,40.33,129.1,0
M,297.57,309.47,1178.0,41.41,85.9,1
H,300.97,312.66,1370.0,33.49,153.9,0
M,294.22,306.2,1639.0,30.94,208.2,0
L,296.26,308.31,1465.0,34.18,79.8,1
L,299.19,312.55,1557.0,24.58,243.1,1
H,297.4,311.44,1530.0,48.95,188.3,0
H,297.37,310.44,1366.0,52.28,45.6,0
M,299.09,313.4,1256.0,44.92,64.4,1
M,295.89,308.34,1689.0,47.48,81.3,1
L,297.92,311.67,1387.0,46.91,88.4,0
L,299.09,311.44,1242.0,53.6,235.9,1
L,295.16,307.83,1517.0,24.55,259.4,1
M,296.29,307.85,1389.0,51.6,200.3,0
L,301.43,314.27,1402.0,68.91,87.9,1
M,303.85,316.99,1555.0,58.28,89.6,0
M,300.65,312.5,1457.0,46.43,160.9,1
M,296.56,310.02,1738.0,31.82,173.0,1
M,296.45,311.0,1742.0,44.3,144.9,1
H,297.69,310.55,1731.0,57.08,251.2,1
L,295.38,306.76,1448.0,45.15,160.9,1
M,298.48,311.21,1440.0,39.92,170.8,0
M,300.31,315.29,1611.0,48.14,96.4,1
L,298.1,311.1,1462.0,39.65,126.0,1
L,297.76,310.05,1417.0,30.43,64.2,0
L,299.5,313.87,1377.0,45.6,150.0,0
H,302.24,314.17,1425.0,43.15,186.5,0
M,296.82,310.22,1102.0,44.31,263.3,0
H,296.49,309.29,1389.0,39.13,190.9,1
H,302.5,316.24,1441.0,37.6,118.2,0
L,296.4,308.81,1575.0,48.49,73.9,0
L,296.81,311.51,1589.0,50.97,79.6,0
H,295.73,310.54,1498.0,31.94,201.2,1
M,300.13,313.31,1829.0,27.55,51.0,1
L,299.31,311.06,1678.0,58.46,258.7,1
M,298.37,310.95,1585.0,33.99,46.6,0
M,296.23,307.89,1660.0,45.59,96.3,0
L,295.86,310.38,1383.0,25.34,123.5,0
M,298.34,310.57,1503.0,74.85,85.0,1
H,297.31,311.41,1575.0,38.46,139.9,0
M,299.04,313.05,1474.0,28.37,102.1,1
H,298.4,310.79,1554.0,39.91,286.2,1
M,299.43,312.48,1532.0,14.84,194.5,0
M,299.23,312.55,1613.0,54.31,231.2,1
L,300.22,311.83,1536.0,39.98,142.6,1
M,297.53,310.52,1848.0,63.12,238.4,1
L,298.15,312.92,1615.0,31.74,195.9,0
L,299.24,311.57,1674.0,51.43,127.9,0
L,295.31,309.74,1697.0,39.79,89.7,0
H,295.82,309.6,1695.0,39.7,120.2,0
H,300.2,313.86,1352.0,43.22,192.7,0
M,299.04,312.32,1370.0,37.09,166.3,0
L,299.26,313.55,1415.0,42.43,204.7,1
L,295.0,307.14,1398.0,39.13,290.9,1
M,297.86,310.9,1477.0,46.03,241.8,1
L,299.84,313.85,1382.0,65.84,184.3,0
L,298.89,311.03,1819.0,38.79,276.0,1
H,295.16,308.85,1626.0,42.42,273.1,1
L,296.82,310.19,1285.0,49.22,198.7,1
L,297.62,309.94,1487.0,47.8,142.3,1
L,298.77,309.94,1543.0,24.22,54.6,0
M,300.23,312.47,1666.0,41.07,89.4,0
L,300.24,313.23,1248.0,45.11,290.9,1
L,299.19,309.47,1497.0,23.61,298.7,1
L,296.94,310.13,1466.0,64.31,131.2,1
L,299.33,310.98,1754.0,35.96,118.9,1
H,301.38,316.93,1617.0,62.7,135.0,1
M,298.0,311.0,1543.0,43.76,275.7,1
M,293.68,306.9,1532.0,40.3,277.3,1
M,295.44,307.91,1597.0,31.62,290.5,1
L,299.82,313.14,1553.0,52.13,222.9,0
M,302.82,314.57,1450.0,59.26,260.4,1
L,296.92,307.76,1441.0,54.09,52.2,0
M,298.28,310.65,1733.0,51.18,142.2,1
M,296.56,308.48,1604.0,57.52,90.5,1
L,297.9,309.69,1432.0,48.72,217.7,1
L,295.32,307.77,1719.0,31.46,235.9,1
M,296.93,310.61,1457.0,42.93,270.0,1
H,296.7,308.74,1392.0,45.63,244.1,1
H,293.54,306.49,1652.0,52.38,163.5,1
L,293.49,308.61,1475.0,44.11,270.1,1
L,299.62,312.09,1664.0,58.92,142.1,1
L,299.83,313.56,1406.0,56.05,306.9,1
L,297.1,309.09,1908.0,58.08,274.3,1
M,299.11,311.58,1497.0,35.77,291.6,1
H,299.5,312.2,1541.0,47.26,184.6,1
L,295.66,306.4,1558.0,49.46,317.5,1
L,296.72,307.69,1651.0,43.71,286.4,1
L,301.27,313.21,1325.0,44.18,272.3,1
H,299.3,311.42,1475.0,53.44,320.0,1
M,296.68,308.27,1414.0,43.61,307.2,1
L,298.63,307.97,1472.0,31.69,155.5,1
L,297.31,307.28,1373.0,32.65,220.3,1
H,294.88,307.76,1604.0,19.22,153.4,0
L,297.73,310.01,1283.0,44.81,255.7,1
M,295.55,306.21,1615.0,27.83,241.5,1
H,296.51,310.03,1401.0,44.61,320.0,1
H,300.12,312.68,1568.0,41.99,290.5,1
M,295.75,309.93,1563.0,50.45,220.6,1
L,300.41,312.12,1424.0,34.6,149.3,0
L,300.78,312.62,1735.0,32.05,45.5,0
M,297.79,312.01,1439.0,37.46,269.3,1
L,300.14,315.16,1587.0,31.05,203.9,1
M,297.48,309.78,1472.0,34.94,95.6,0
M,298.94,311.75,1454.0,38.45,244.8,1
L,298.49,309.77,1727.0,53.47,188.1,0
H,299.83,312.06,1408.0,39.38,188.5,1
H,298.03,310.32,1494.0,37.58,262.6,1
L,298.26,311.52,1576.0,42.89,156.1,0
M,295.05,308.29,1445.0,37.79,269.9,1
L,299.94,312.63,1512.0,51.33,128.0,0
L,298.73,311.45,1366.0,44.45,180.3,1
M,296.9,309.56,1736.0,28.28,281.9,1
M,298.0,311.54,1541.0,55.88,92.8,0
L,298.98,311.96,1317.0,54.9,111.5,1
L,295.78,309.63,1690.0,37.72,274.2,1
M,295.91,309.79,1755.0,66.83,66.9,1
L,300.17,311.84,1975.0,42.02,238.3,1
M,298.49,312.48,1595.0,46.93,288.7,1
L,296.71,308.13,1437.0,34.0,186.6,0
L,300.36,315.18,1146.0,34.08,96.9,1
M,297.59,310.92,1466.0,50.61,201.3,0
L,299.3,312.65,1595.0,31.84,111.5,1
H,300.97,315.52,1322.0,53.99,246.4,1
M,298.72,311.36,1437.0,48.98,72.0,1
M,297.54,312.98,1712.0,39.13,117.8,1
L,301.72,313.02,1329.0,53.72,168.6,1
L,295.51,308.39,1835.0,19.16,168.4,1
M,297.95,311.75,1377.0,55.88,87.0,1
L,301.21,314.27,1411.0,44.01,221.2,1
M,293.79,308.08,1339.0,47.87,48.6,0
H,299.59,312.11,1498.0,42.85,279.4,1
M,299.35,311.61,1548.0,18.53,294.6,1
M,299.32,314.3,1405.0,60.66,114.4,1
L,299.83,311.26,1563.0,33.72,144.0,0
H,298.29,309.43,1730.0,49.25,173.1,1
L,298.91,310.39,1632.0,45.35,264.5,1
M,296.47,309.39,1419.0,37.74,105.3,0
M,296.83,308.73,1350.0,35.96,140.5,1
L,298.11,310.74,1311.0,45.81,112.6,0
L,298.25,312.99,1703.0,48.28,90.5,0
H,300.11,313.4,1474.0,30.08,115.8,0
M,296.71,310.92,1535.0,39.61,235.7,0
M,294.38,307.18,1656.0,42.86,203.1,1
L,297.85,310.92,1546.0,29.17,240.4,1
L,301.97,315.75,1341.0,54.06,64.1,1
M,298.03,309.78,1452.0,40.36,260.5,1
H,298.66,312.31,1572.0,31.32,249.4,1
M,298.55,310.38,1389.0,56.41,249.0,1
M,301.19,313.31,1540.0,38.98,215.2,1
M,294.16,306.76,1576.0,56.2,124.0,1
L,295.39,308.95,1376.0,30.19,200.5,1
L,298.08,310.23,1531.0,25.83,50.8,1
L,296.38,308.82,1562.0,38.9,120.8,0
M,297.35,311.49,1803.0,53.41,175.8,1
M,302.24,315.68,1447.0,18.01,83.6,0
L,297.99,312.42,1375.0,38.68,269.9,1
H,296.41,308.56,1384.0,29.85,125.1,0
L,297.81,311.85,1435.0,44.54,85.6,0
L,294.95,307.85,1755.0,48.75,154.7,1
M,300.79,312.88,1679.0,46.79,160.9,1
L,302.49,316.21,1386.0,39.58,114.8,1
L,298.81,311.88,1581.0,52.55,146.0,0
L,295.93,308.52,1463.0,52.4,317.4,1
M,298.48,312.03,1591.0,35.56,93.4,1
L,297.91,310.04,1628.0,44.52,102.9,0
L,299.81,314.19,1528.0,51.21,91.3,0
L,295.71,310.27,1720.0,48.41,222.7,1
M,296.38,309.79,1367.0,50.48,78.1,1
H,302.6,317.45,1582.0,34.0,109.7,1
L,294.89,307.98,1457.0,34.93,138.5,0
L,299.34,313.4,1611.0,34.04,158.0,1
L,298.09,309.95,1483.0,48.39,185.8,1
H,295.25,309.56,1362.0,38.9,188.8,0
H,298.73,309.01,1525.0,41.12,148.7,0
L,296.89,309.54,1554.0,49.16,123.6,0
L,299.0,310.83,1718.0,38.08,153.2,1
M,297.95,309.49,1302.0,45.71,70.6,1
L,297.39,307.76,1633.0,48.99,122.5,0
L,298.57,311.35,1270.0,49.24,280.6,1
M,295.66,309.19,1261.0,43.39,248.8,1
L,299.6,314.6,2000.0,53.07,117.2,1
M,297.14,312.02,1130.0,44.87,314.6,1
L,299.64,309.45,1624.0,57.1,144.4,0
L,299.57,314.3,1511.0,35.02,64.3,0
L,297.48,309.68,1616.0,47.8,153.1,0
M,299.91,311.84,1775.0,35.16,149.0,0
L,298.99,310.95,1587.0,49.39,70.3,0
M,301.92,314.72,1401.0,45.57,86.7,1
L,300.14,312.47,1292.0,37.14,193.5,0
L,299.6,311.06,1476.0,40.97,164.6,0
H,299.07,311.02,1491.0,36.56,68.1,0
L,298.0,311.08,1405.0,58.8,282.8,1
L,298.38,309.67,1386.0,55.74,122.0,1
L,296.88,310.13,1594.0,61.15,58.3,1
H,298.18,312.39,1609.0,83.68,212.3,1
L,298.84,311.55,1769.0,41.22,149.0,0
M,301.36,317.11,1672.0,32.29,225.3,1
L,298.27,312.28,1263.0,25.4,219.9,0
H,295.64,310.36,1341.0,58.21,178.0,1
H,298.54,311.57,1234.0,27.97,274.1,1
L,298.78,312.0,1626.0,51.14,192.2,0
L,296.52,311.29,1572.0,47.26,76.9,0
H,295.4,308.73,1367.0,32.66,124.2,0
H,298.57,312.98,1368.0,31.56,153.2,0
L,299.35,313.38,1521.0,43.54,50.0,1
L,297.32,312.17,1393.0,55.73,184.7,1
L,298.3,310.85,1284.0,49.18,131.4,0
H,299.4,311.21,1579.0,67.89,260.9,1
L,297.61,311.96,1388.0,44.81,131.0,0
M,298.39,311.26,1600.0,38.18,270.0,1
L,299.27,311.68,1603.0,42.76,149.3,0
L,297.73,310.17,1312.0,40.1,65.5,1
L,298.3,312.1,1669.0,34.76,177.5,1
H,295.67,306.77,1565.0,35.27,96.9,1
H,298.66,312.56,1434.0,34.22,236.0,1
L,299.1,313.7,1543.0,47.74,175.8,1
L,298.38,313.05,1569.0,48.88,284.5,1
M,294.46,307.21,1469.0,31.93,164.7,0
M,299.08,313.28,1526.0,44.56,227.6,0
H,296.08,307.48,1518.0,53.12,182.5,0
L,296.85,310.13,1645.0,35.71,262.7,1
H,301.26,313.86,1442.0,38.24,144.9,0
L,297.19,309.2,1610.0,43.75,103.2,0
L,296.94,309.86,1518.0,56.33,279.9,1
H,300.93,313.67,1441.0,46.19,99.5,0
H,296.58,308.84,1308.0,45.24,157.0,1
L,300.64,315.14,1674.0,49.58,142.7,0
L,299.87,310.91,1472.0,44.94,64.6,1
L,299.96,310.93,1628.0,38.27,167.5,0
L,299.03,311.43,1551.0,26.89,126.7,1
L,298.66,312.26,1546.0,51.32,288.5,1
L,300.89,314.5,1582.0,24.82,106.0,0
H,299.54,311.87,1318.0,60.72,221.2,0
M,299.92,312.49,1275.0,33.42,84.9,0
L,298.15,310.19,1626.0,36.96,275.5,1
L,295.25,309.46,1583.0,35.58,178.2,1
H,300.24,312.68,1577.0,42.36,88.1,0
L,298.21,312.29,1752.0,55.94,287.8,1
M,299.14,313.94,1417.0,48.22,76.0,0
L,299.75,312.06,1832.0,39.36,286.7,1
L,299.3,311.77,1737.0,58.21,94.3,1
M,301.11,313.49,1597.0,50.91,270.2,1
M,296.04,310.63,1451.0,24.4,137.4,0
H,297.79,311.33,1327.0,30.25,217.6,1
L,294.48,306.82,1477.0,31.94,211.0,0
M,296.5,309.13,1554.0,45.58,158.2,0
L,295.49,309.02,1310.0,50.02,275.7,1
L,299.81,312.94,1452.0,34.73,164.7,0
L,296.88,309.37,1382.0,42.72,311.8,1
M,295.92,309.61,1396.0,43.87,265.4,1
M,295.82,309.07,1590.0,43.37,145.0,1
M,296.12,307.24,1442.0,48.88,114.8,1
M,297.52,311.1,1531.0,37.31,143.6,0
L,294.44,307.48,1546.0,60.96,295.9,1
L,299.58,312.85,1318.0,44.01,260.5,1
L,295.17,309.44,1415.0,41.03,172.8,0
L,296.77,309.71,1616.0,39.5,141.4,1
M,295.22,307.24,1552.0,31.42,275.3,1
M,297.25,308.72,1711.0,50.68,277.9,1
H,298.48,311.94,1721.0,39.08,81.4,1
L,294.32,307.31,1292.0,40.08,89.4,1
M,298.86,312.02,1521.0,55.16,214.9,1
L,294.78,308.07,1665.0,52.66,127.8,1
L,295.8,308.81,1432.0,48.83,131.0,0
H,296.86,309.42,1433.0,29.07,146.0,0
M,292.96,307.41,1380.0,26.75,187.7,1
M,297.21,310.57,1394.0,40.36,188.7,1
L,296.39,307.54,1455.0,54.24,127.4,0
L,296.31,307.4,1309.0,46.37,94.6,1
L,298.84,311.16,1659.0,41.02,104.1,0
H,294.43,306.91,1650.0,19.87,219.1,1
M,298.22,310.52,1259.0,21.14,78.1,0
L,301.02,315.45,1604.0,58.54,104.9,0
M,294.28,305.55,1722.0,32.38,103.3,1
H,297.42,312.23,1629.0,56.21,91.9,1
H,299.3,311.38,1497.0,47.42,246.5,1
L,298.0,310.64,1474.0,55.2,105.0,1
L,299.01,308.12,1520.0,36.74,59.2,0
L,294.71,308.84,1398.0,44.9,320.0,1
L,296.1,309.86,1417.0,44.25,110.3,0
L,299.53,313.57,1477.0,47.74,133.4,1
L,300.49,313.85,1576.0,35.65,280.0,1
H,299.22,311.86,1651.0,47.21,133.1,1
M,299.56,311.25,1429.0,48.07,176.2,0
H,292.46,304.72,1132.0,29.05,224.0,1
H,300.76,313.56,1640.0,59.47,305.8,1
M,296.64,309.8,1400.0,49.4,114.5,0
L,295.79,310.1,1537.0,42.84,124.6,0
H,300.47,312.36,1443.0,31.69,282.6,1
L,297.65,311.58,1589.0,46.91,54.8,0
M,300.4,313.36,1589.0,57.35,196.6,1
L,296.91,311.84,1566.0,41.52,190.4,0
L,295.58,307.52,1641.0,47.28,217.4,1
L,296.92,309.91,1563.0,38.71,228.3,1
M,298.48,311.52,1544.0,32.98,111.0,0
L,297.17,308.36,1593.0,30.94,129.3,0
L,297.65,311.15,1816.0,44.46,223.9,1
H,294.61,306.83,1607.0,46.74,156.6,0
M,297.4,309.1,1464.0,35.45,310.3,0
L,300.78,313.27,1463.0,33.32,69.9,1
H,298.52,312.33,1483.0,44.91,159.0,0
L,300.81,313.13,1647.0,49.15,252.9,1
M,298.9,310.47,1549.0,38.47,87.2,1
M,297.9,310.96,1471.0,41.51,173.1,0
L,297.64,311.66,1269.0,58.15,77.2,0
L,298.3,310.34,1563.0,28.09,112.8,1
M,296.15,308.25,1714.0,51.26,223.6,1
M,296.62,310.16,1534.0,59.61,251.5,1
L,297.28,311.27,1485.0,47.74,115.7,0
L,296.31,310.29,1506.0,52.25,265.3,1
M,299.18,312.06,1367.0,53.44,197.5,0
L,296.79,308.83,1664.0,54.27,169.7,0
L,298.15,312.68,1303.0,31.92,168.4,0
L,296.63,307.72,1324.0,55.63,186.2,1
M,302.91,316.05,1568.0,39.36,144.2,1
L,295.11,308.34,1346.0,38.78,320.0,1
L,297.0,311.41,1693.0,50.82,177.5,0
L,299.4,313.13,1545.0,31.65,215.7,1
L,297.0,310.1,1176.0,35.78,180.1,1
L,297.48,311.58,1475.0,34.36,213.2,0
H,298.44,312.75,1362.0,46.72,272.9,1
M,295.84,306.62,1503.0,50.66,285.9,1
L,294.56,308.69,1239.0,26.5,193.7,1
L,295.26,307.01,1782.0,36.02,274.7,1
L,298.61,309.53,1497.0,45.21,174.0,1
L,298.27,311.75,1772.0,49.47,93.7,0
M,299.9,312.84,1691.0,31.12,234.2,1
M,299.21,311.01,1486.0,49.77,254.9,1
M,296.06,309.25,1519.0,45.99,112.0,0
L,298.08,314.3,1462.0,26.87,320.0,1
H,296.95,310.94,1671.0,51.05,160.8,1
L,297.43,311.31,1508.0,63.66,63.9,1
L,297.49,311.95,1636.0,50.17,267.1,1
H,300.93,315.33,1431.0,36.49,297.4,1
M,293.42,306.31,1548.0,35.28,280.6,1
L,296.93,310.64,1541.0,38.08,233.0,1
M,298.86,310.41,1499.0,34.15,257.5,1
H,301.05,314.55,1126.0,50.87,205.3,1
L,298.76,311.71,1491.0,46.65,220.9,1
H,301.4,314.77,1710.0,42.93,314.2,1
M,299.94,311.02,1530.0,30.0,102.1,1
L,298.4,311.57,1370.0,63.2,217.9,1
M,296.98,308.99,1336.0,38.99,95.7,0
M,297.86,308.25,1509.0,48.34,227.4,1
L,299.19,310.49,1643.0,41.47,155.4,0
L,296.34,308.85,1587.0,64.55,294.2,1
L,297.94,311.33,1431.0,52.92,94.5,0
M,296.65,307.05,1571.0,59.15,248.6,1
H,295.82,309.68,1546.0,33.35,108.0,0
L,297.78,310.39,1632.0,51.38,253.4,1
L,299.71,313.99,1720.0,64.99,100.2,1
H,301.05,316.0,1354.0,50.11,80.1,1
M,295.53,308.39,1541.0,29.39,79.8,1
L,298.53,309.12,1517.0,32.35,89.8,1
M,295.4,309.94,1609.0,52.73,150.5,0
L,299.54,310.88,1434.0,47.05,225.4,0
L,298.49,310.13,1322.0,54.31,210.9,1
H,297.6,309.95,1674.0,27.16,110.0,1
M,298.25,310.24,1367.0,53.99,144.8,1
L,298.57,312.53,1241.0,40.77,143.5,1
M,296.05,308.55,1407.0,48.56,45.1,0
L,295.59,307.92,1704.0,56.92,94.9,1
L,297.45,307.93,1662.0,31.58,235.2,1
L,298.98,311.56,1270.0,55.64,104.2,1
L,296.03,310.25,1867.0,45.58,48.3,1
L,298.92,311.94,1262.0,50.43,310.6,1
L,298.7,311.83,1116.0,54.01,140.2,0
M,296.59,309.88,1447.0,34.99,320.0,1
L,295.0,309.13,1810.0,45.85,171.1,0
L,295.4,306.81,1419.0,52.09,146.5,0
L,296.32,309.28,1604.0,63.27,137.3,1
L,297.51,308.67,1252.0,24.83,255.7,1
M,298.46,311.11,1155.0,39.67,258.6,1
M,301.6,315.72,1581.0,51.0,256.0,1
M,299.77,314.73,1360.0,48.05,224.7,1
L,301.65,315.33,1691.0,45.58,318.7,1
M,298.9,313.65,1432.0,52.7,214.4,1
L,301.91,315.97,1363.0,33.59,252.9,1
H,295.72,308.72,1421.0,36.72,197.9,1
H,295.47,307.53,1436.0,54.63,123.8,0
M,296.95,309.53,1589.0,37.35,301.9,1
L,296.02,309.83,1390.0,35.22,51.1,0
M,298.83,312.32,1232.0,31.91,137.7,1
L,296.13,309.51,1374.0,32.97,122.0,1
M,296.15,310.97,1468.0,20.02,85.4,0
L,297.93,311.27,1313.0,38.5,177.9,0
L,297.67,312.51,1628.0,62.78,140.6,1
L,299.49,314.02,1585.0,49.99,199.1,1
L,295.06,306.79,1370.0,36.68,263.4,1
L,297.85,310.25,1240.0,49.42,127.0,0
L,301.7,313.75,1481.0,56.73,278.1,1
L,298.46,310.0,1682.0,27.85,169.9,0
L,297.57,309.27,1444.0,33.96,225.0,1
L,296.3,308.96,1842.0,51.14,274.8,1
M,296.33,309.91,1596.0,44.99,210.1,0
M,296.66,309.91,1436.0,38.42,93.7,0
H,296.74,310.25,1517.0,45.44,210.9,1
L,298.49,311.35,1422.0,46.93,222.9,1
M,297.81,311.47,1536.0,61.43,301.9,1
L,297.16,309.53,1396.0,48.42,220.9,1
L,302.16,317.19,1734.0,46.75,122.2,0
L,296.72,309.56,1470.0,64.23,257.9,1
L,299.08,312.58,1336.0,30.97,131.6,1
M,298.77,312.84,1971.0,48.69,131.1,1
L,299.75,310.8,1491.0,34.59,166.6,0
M,295.25,305.93,1444.0,37.54,209.0,1
M,296.78,310.85,1548.0,34.9,233.8,0
L,299.09,312.86,1169.0,37.04,244.4,1
M,298.06,311.99,1433.0,31.51,71.9,0
M,298.6,312.55,1689.0,48.41,250.1,1
L,299.02,312.1,1343.0,37.95,257.7,1
L,298.68,311.36,1652.0,47.56,219.8,0
L,302.02,311.76,1299.0,66.05,122.4,1
M,302.5,314.95,1605.0,45.41,317.0,1
M,295.55,310.25,1583.0,40.5,283.5,1
H,299.27,312.96,1637.0,37.8,279.5,1
L,297.87,312.51,1726.0,36.7,218.5,1
L,296.01,308.3,1608.0,52.71,83.9,0
H,294.09,305.94,1652.0,43.65,211.8,1
L,299.74,311.8,1523.0,37.42,191.0,0
L,297.89,311.45,1437.0,54.99,226.5,1
L,294.28,308.34,1639.0,63.32,165.4,1
M,295.25,307.1,1624.0,37.48,301.3,1
M,298.16,309.71,1819.0,46.05,223.4,1
L,297.96,310.23,1454.0,45.24,204.2,1
M,299.68,312.8,1449.0,47.4,151.0,0
L,299.45,310.14,1541.0,59.82,190.9,1
L,298.63,310.83,1358.0,44.03,200.7,0
M,298.48,310.11,1615.0,27.26,242.0,1
M,298.22,312.69,1672.0,61.45,272.2,0
M,299.22,312.76,1490.0,42.53,160.4,0
L,298.49,311.48,1295.0,42.89,90.6,1
M,301.03,314.83,1651.0,19.85,112.6,0
M,296.26,310.5,1714.0,52.36,174.9,1
M,299.33,311.6,1478.0,63.07,59.3,1
M,296.73,308.35,1425.0,54.1,166.2,0
H,295.35,308.61,1548.0,50.53,287.8,1
H,296.52,310.47,1477.0,35.34,223.1,1
L,298.34,310.12,1639.0,44.64,238.0,0
M,297.55,312.36,1445.0,45.43,214.9,0
L,302.36,316.15,1364.0,26.02,254.9,1
H,297.11,310.13,1451.0,44.83,118.5,0
M,297.58,309.0,1501.0,42.98,274.3,1
L,301.54,314.41,1196.0,23.55,111.9,1
L,297.25,310.74,1475.0,68.85,51.2,1
H,298.98,311.28,1494.0,54.17,134.9,0
L,300.44,312.94,1603.0,37.28,61.0,0
H,299.17,311.46,1300.0,46.41,195.3,1
L,299.8,314.49,1247.0,44.87,181.5,1
L,297.49,312.47,1678.0,47.04,289.5,1
L,293.31,305.07,1668.0,26.6,104.1,1
M,299.12,310.37,1585.0,46.66,285.4,1
L,294.52,306.53,1302.0,52.67,56.7,1
M,298.3,310.24,1332.0,26.65,98.3,1
M,298.73,310.11,1646.0,32.74,145.2,1
H,296.11,307.33,1483.0,27.3,110.9,0
L,301.04,313.02,1466.0,46.86,150.0,0
L,300.15,312.46,1640.0,56.32,264.4,1
L,298.93,311.91,1587.0,61.58,132.1,1
L,300.9,314.04,1565.0,49.02,113.4,0
L,299.54,314.34,1483.0,44.34,244.2,1
L,298.0,312.06,1539.0,21.92,65.0,1
H,298.79,309.91,1443.0,49.87,196.8,0
L,298.22,309.82,1417.0,50.6,138.8,0
L,296.75,310.23,1703.0,31.12,144.5,1
M,296.97,309.76,1260.0,62.64,269.0,1
M,297.93,311.74,1707.0,15.14,213.6,1
L,300.98,314.55,1583.0,45.15,278.6,1
L,297.73,308.55,1608.0,43.63,111.3,1
H,299.45,311.79,1500.0,32.5,304.2,1
L,296.93,308.78,1304.0,42.51,97.8,0
H,293.84,307.22,1553.0,56.39,262.0,1
H,297.8,310.02,1300.0,45.45,238.7,1
H,302.81,315.02,1503.0,45.25,231.2,1
H,298.55,311.33,1714.0,27.69,63.3,1
L,303.28,317.94,1450.0,50.6,320.0,1
H,299.81,312.2,1679.0,27.09,283.6,1
L,297.98,309.87,1430.0,41.71,174.7,0
H,298.76,311.16,1461.0,49.01,54.3,0
M,299.63,312.81,1585.0,62.17,239.2,1
H,297.37,308.27,1451.0,36.74,150.4,1
M,293.73,307.08,1240.0,47.44,68.6,0
M,297.98,309.87,1721.0,40.73,258.4,1
L,298.21,311.53,1513.0,32.28,79.2,0
L,295.7,308.1,1349.0,44.38,199.3,1
L,295.05,306.5,1124.0,45.68,105.9,0
L,295.91,308.28,1461.0,40.45,188.0,0
L,293.59,308.66,1647.0,60.1,280.5,1
L,299.96,312.92,1671.0,34.46,54.5,0
L,297.97,311.41,1623.0,50.59,320.0,1
L,299.64,312.96,1409.0,47.73,227.8,1
L,296.74,311.15,1521.0,49.92,97.9,0
L,296.67,309.65,1404.0,52.95,146.4,1
L,297.59,309.38,1264.0,35.03,61.3,1
H,299.76,314.28,1651.0,57.62,270.6,1
H,298.55,311.48,1341.0,45.08,244.5,1
L,300.83,315.09,1587.0,46.16,103.0,0
M,300.89,314.5,1765.0,39.19,68.0,1
L,296.49,309.21,1468.0,57.34,170.6,0
M,299.11,310.35,1841.0,46.64,312.7,1
L,299.27,313.83,1586.0,28.6,84.5,0
M,294.07,309.3,1530.0,35.86,90.9,1
L,295.79,308.03,1644.0,41.67,249.8,1
L,296.2,310.06,1447.0,17.65,53.3,0
M,300.27,312.06,1636.0,45.83,180.9,0
L,299.37,311.79,1468.0,36.76,219.8,0
M,300.82,313.55,1436.0,38.86,271.1,1
L,295.54,308.39,1518.0,38.23,104.6,0
L,300.55,312.96,1658.0,42.01,282.1,1
H,297.14,311.09,1297.0,49.33,226.6,1
L,299.73,313.11,1531.0,64.03,234.2,1
L,296.92,309.15,1236.0,44.16,280.9,1
H,298.67,311.84,1689.0,43.71,224.9,0
L,296.79,310.6,1428.0,35.26,320.0,1
H,298.49,310.4,1682.0,43.47,316.5,1
H,301.47,315.59,1656.0,25.45,161.6,0
H,297.21,309.9,1454.0,56.5,232.9,1
M,295.07,309.09,1740.0,27.16,160.1,1
L,296.38,309.37,1314.0,65.75,240.5,1
H,298.53,310.17,1483.0,48.05,72.1,0
M,295.76,308.52,1801.0,30.57,75.1,1
H,296.23,309.49,1537.0,40.68,97.7,0
L,295.71,307.21,1798.0,34.14,175.9,0
L,296.87,311.88,1535.0,66.27,230.9,1
L,297.25,310.8,1702.0,40.17,175.5,1
H,299.43,311.86,1785.0,42.92,283.7,1
M,295.89,308.92,1371.0,29.35,223.2,1
H,300.0,313.47,1430.0,43.71,246.6,1
L,295.29,307.8,1558.0,30.41,183.1,0
H,297.7,308.88,1601.0,56.39,76.3,1
L,295.98,307.64,1558.0,49.2,218.2,1
M,295.51,309.16,1773.0,37.68,273.1,1
H,298.43,313.46,1526.0,40.54,207.5,1
M,297.02,309.18,1718.0,32.52,100.5,0
L,298.55,311.28,1482.0,32.82,311.7,1
L,297.74,310.48,1674.0,50.43,213.8,0
L,301.37,313.58,1691.0,53.2,80.5,1
M,299.13,312.7,1708.0,27.06,94.2,0
H,298.22,309.98,1342.0,46.81,267.2,1
M,297.65,310.38,1536.0,60.98,311.9,1
L,296.29,308.09,1539.0,52.21,86.5,0
H,297.12,311.21,1567.0,13.95,150.3,0
L,296.73,310.37,1492.0,67.39,217.3,1
L,299.77,311.53,1476.0,37.94,263.5,0
L,296.95,308.4,1723.0,37.88,129.7,1
H,300.38,312.16,1475.0,21.81,121.7,0
M,295.15,307.9,1667.0,43.12,65.5,0
H,297.94,308.48,1549.0,44.0,92.6,1
M,299.4,312.35,1594.0,22.21,204.5,0
M,294.57,307.64,1593.0,51.84,155.1,0
H,296.74,311.19,1211.0,51.23,43.2,1
L,299.12,312.9,1528.0,50.56,181.9,0
H,296.39,309.76,1941.0,31.84,90.1,1
L,296.47,309.2,1862.0,32.69,193.7,1
M,297.72,309.22,1568.0,55.14,205.7,1
M,298.34,311.92,2171.0,37.09,179.9,1
L,298.48,309.93,1443.0,42.64,186.4,0
M,297.61,310.17,1350.0,62.62,93.2,0
L,295.74,307.53,1218.0,49.66,238.4,1
L,293.81,305.58,1588.0,46.01,79.9,1
L,295.52,308.72,1146.0,29.64,65.5,1
M,300.2,313.51,1417.0,34.45,193.5,1
L,297.06,310.69,1525.0,48.07,93.1,0
H,299.8,312.52,1813.0,35.94,122.3,1
L,299.07,311.88,1367.0,33.07,109.5,1
L,299.98,312.45,1322.0,54.52,230.8,1
L,294.95,307.5,1472.0,50.06,297.7,1
L,297.64,311.22,1546.0,42.84,124.6,1
L,292.97,306.16,1322.0,60.54,178.1,0
H,298.26,314.15,1694.0,29.69,107.3,0
H,295.95,309.43,1887.0,48.87,72.0,1
H,298.0,312.98,1866.0,48.21,61.1,1
L,302.08,314.89,1702.0,40.89,50.1,1
H,300.75,311.74,1422.0,42.63,183.0,0
H,296.27,308.91,1655.0,58.68,231.6,1
H,298.81,312.28,1685.0,49.07,78.1,1
L,295.24,309.42,1614.0,35.48,143.0,1
M,301.61,315.99,1787.0,48.65,262.7,1
L,298.22,311.01,1664.0,60.67,210.6,1
L,298.63,311.14,1399.0,51.58,127.4,0
M,300.92,314.35,1377.0,63.17,61.9,1
L,298.15,311.05,1677.0,28.92,245.9,1
L,297.88,312.49,1492.0,41.97,72.3,0
L,296.22,309.46,1497.0,48.63,320.0,1
L,298.0,312.67,1658.0,29.54,114.0,0
L,297.53,310.94,1590.0,42.64,150.4,0
M,296.75,308.33,1830.0,28.98,162.3,1
L,295.88,308.93,1306.0,52.39,100.2,0
L,298.54,310.28,1260.0,39.41,161.0,1
L,300.23,310.8,1353.0,22.06,83.6,1
L,299.13,311.61,1563.0,54.78,196.0,0
L,300.95,312.71,1258.0,52.04,213.9,0
L,298.98,312.19,1650.0,47.75,312.5,1
L,299.63,312.82,1480.0,44.74,78.3,0
M,296.05,308.87,1378.0,63.24,144.6,1
L,292.97,303.73,1437.0,51.62,163.9,0
M,298.13,312.16,1295.0,58.21,245.9,1
M,297.28,310.36,1539.0,54.53,152.0,0
M,297.88,309.13,1729.0,62.21,234.3,1
L,297.75,310.67,1678.0,41.61,272.6,1
H,300.19,315.14,1417.0,34.32,320.0,1
L,297.36,309.46,1294.0,38.47,175.9,1
M,296.12,310.01,1638.0,23.47,233.4,1
M,294.8,307.21,1663.0,44.46,68.2,0
L,297.16,309.33,1455.0,61.71,65.2,1
L,296.87,308.74,1403.0,42.99,95.1,1
L,298.9,312.04,1547.0,61.11,85.0,0
M,298.34,311.41,1371.0,61.7,47.9,1
L,297.38,309.74,1358.0,45.49,229.9,1
L,297.88,311.51,1416.0,48.26,137.6,0
L,300.58,314.41,1392.0,52.69,80.7,0
L,298.7,312.3,1459.0,36.73,33.5,0
H,300.84,315.1,1527.0,38.55,133.7,0
L,293.39,306.93,1343.0,47.94,85.1,0
L,298.45,311.85,1381.0,50.35,72.1,1
M,296.39,310.63,1208.0,35.07,171.5,0
L,297.1,309.33,1486.0,39.55,122.4,0
M,298.38,312.05,1633.0,50.27,261.3,1
M,297.5,311.54,1599.0,61.6,98.5,1
M,297.34,310.85,1723.0,37.93,289.8,1
H,299.68,314.92,1695.0,40.76,266.8,1
L,298.71,312.37,1602.0,40.5,231.0,1
H,299.52,310.07,1283.0,43.67,192.1,1
L,300.62,313.74,1646.0,55.58,271.9,1
L,301.53,314.55,1450.0,59.77,69.4,0
L,300.32,313.17,1497.0,52.82,60.4,0
H,300.52,314.41,1418.0,30.21,87.4,0
L,300.49,313.46,1609.0,42.85,198.5,0
M,298.59,311.9,1458.0,42.71,303.9,1
M,297.44,312.66,1327.0,42.23,176.8,1
L,296.11,309.2,1481.0,52.3,187.0,1
L,297.29,310.26,1488.0,71.95,174.3,0
H,297.85,310.7,1562.0,48.66,95.3,0
M,298.34,313.16,1488.0,41.42,130.3,1
M,296.57,310.44,1567.0,27.98,51.9,0
H,297.4,310.11,1403.0,35.33,94.3,0
M,298.43,312.6,1450.0,32.32,293.2,1
L,297.26,310.32,1720.0,29.58,276.8,1
H,297.79,311.54,1245.0,44.52,122.3,1
L,299.36,312.26,1506.0,39.96,270.8,1
L,294.77,306.79,1485.0,55.44,136.4,0
L,295.65,306.76,1434.0,19.28,138.3,0
L,297.33,309.3,1408.0,62.09,209.2,1
H,296.75,307.52,1618.0,38.71,211.0,1
H,299.8,312.29,1573.0,38.61,110.6,0
M,298.64,312.43,1376.0,28.07,193.3,1
L,299.83,315.13,1670.0,36.07,152.0,1
H,300.3,312.91,1117.0,55.3,219.5,1
L,295.8,309.15,1524.0,42.76,186.2,1
M,298.19,310.57,1473.0,33.17,243.7,1
M,298.14,310.69,1575.0,19.33,95.0,0
L,296.25,309.55,1639.0,42.59,135.3,0
L,300.46,312.47,1490.0,39.4,87.8,1
L,298.52,312.77,1433.0,50.74,309.0,1
M,299.62,314.06,1535.0,38.45,62.5,1
L,296.7,308.41,1381.0,47.48,170.4,1
L,298.27,311.98,1721.0,57.47,255.5,1
M,298.17,312.55,1633.0,44.36,204.3,0
L,299.82,313.44,1146.0,28.82,132.1,0
H,298.66,311.98,1250.0,45.45,96.5,0
L,296.72,310.4,1402.0,52.78,116.1,1
H,300.56,312.93,1466.0,23.55,111.6,1
L,298.66,311.5,1542.0,45.92,50.5,0
H,297.14,309.04,1825.0,38.14,178.3,1
H,298.15,311.62,1318.0,52.5,275.5,1
L,298.16,310.43,1495.0,38.58,98.2,0
L,299.48,313.58,1314.0,65.69,184.1,1
M,296.89,308.16,1370.0,37.43,310.3,1
L,300.36,312.28,1527.0,41.92,154.2,0
L,297.75,310.77,1426.0,45.22,259.7,1
L,297.11,308.35,1518.0,45.23,178.8,0
L,296.96,309.58,1695.0,44.93,67.7,0
L,295.71,307.44,1364.0,51.55,79.4,0
L,299.25,313.47,1453.0,38.68,245.7,1
H,296.93,309.99,1334.0,36.35,320.0,1
M,296.06,310.74,1711.0,50.09,269.4,1
H,302.13,315.13,1545.0,60.88,91.8,0
H,299.95,311.33,1427.0,44.83,277.7,1
L,299.2,312.14,1513.0,29.14,126.9,0
H,299.62,311.94,1295.0,45.44,211.6,1
L,296.01,308.97,1566.0,45.8,151.0,1
M,296.57,309.46,1513.0,54.95,195.4,1
L,297.2,312.71,1675.0,46.27,212.0,1
L,298.45,312.8,1669.0,73.88,227.7,1
L,299.49,313.27,1605.0,47.8,281.1,1
L,299.85,312.02,1602.0,33.97,277.3,1
M,301.58,314.67,1512.0,55.31,232.2,1
H,299.03,313.04,1503.0,32.9,133.4,1
M,298.29,311.39,1667.0,32.63,76.1,0
M,299.02,312.74,1357.0,37.45,70.4,0
L,296.8,309.95,1526.0,57.56,149.7,1
L,297.82,309.67,1440.0,47.09,138.2,0
L,296.37,310.35,1465.0,44.37,149.5,0
H,299.33,311.07,1802.0,53.12,132.0,1
L,296.97,310.03,1565.0,44.55,179.3,0
L,295.78,309.83,1524.0,31.37,117.9,0
L,296.45,308.89,1550.0,40.65,320.0,1
L,296.6,309.26,1788.0,45.94,71.5,1
M,299.68,315.28,1269.0,55.41,320.0,1
L,301.72,315.38,1490.0,40.09,74.9,1
M,297.28,309.5,1689.0,53.53,218.6,1
H,297.85,311.58,1476.0,52.08,263.5,1
M,298.53,310.07,1629.0,35.28,263.9,1
M,297.54,311.87,1471.0,59.77,142.5,0
L,297.44,311.14,1633.0,42.14,243.7,1
L,297.8,311.71,1496.0,53.54,158.9,0
L,296.86,308.41,1328.0,24.37,96.5,1
H,295.71,309.85,1615.0,47.96,207.8,0
H,294.67,309.55,1411.0,24.72,236.3,1
L,298.26,312.29,1467.0,50.62,151.6,1
L,299.78,313.14,1421.0,49.03,265.6,1
L,297.28,309.56,1417.0,34.8,114.1,0
L,297.95,311.86,1423.0,45.46,232.1,1
M,295.03,307.45,1416.0,54.84,170.1,1
H,298.82,313.14,1636.0,28.54,153.3,1
L,299.12,313.02,1597.0,45.86,224.1,1
H,299.94,311.81,1310.0,43.43,56.9,0
L,299.2,312.91,1500.0,40.06,172.2,0
L,297.07,310.25,1572.0,54.93,155.7,1
M,299.57,314.11,1327.0,38.98,120.3,1
M,296.91,307.97,1555.0,39.02,54.1,1
M,299.55,314.53,1443.0,24.61,72.4,0
M,297.59,312.84,1420.0,55.89,278.4,1
H,298.94,312.56,1510.0,55.58,225.5,1
M,297.57,310.51,1361.0,44.61,160.7,0
M,300.16,312.54,1355.0,40.37,118.1,1
H,298.55,311.91,1519.0,36.62,286.1,1
M,297.72,311.43,1503.0,46.4,268.9,1
L,293.73,306.66,1270.0,34.92,245.8,1
H,297.82,311.03,1668.0,47.28,309.5,1
L,297.87,309.34,1659.0,45.56,192.2,1
H,295.65,310.09,1502.0,40.94,274.5,1
H,300.7,313.76,1742.0,32.64,320.0,1
M,297.03,310.79,1388.0,46.56,146.6,0
M,296.09,309.46,1351.0,42.0,294.3,1
L,298.39,310.82,1344.0,33.6,118.8,1
L,301.96,315.01,1633.0,57.18,263.9,1
L,298.23,311.46,1585.0,43.19,261.1,1
L,298.69,312.29,1480.0,40.43,281.8,1
L,300.05,312.92,1493.0,38.48,175.1,0
H,296.61,310.04,1424.0,38.92,303.8,1
L,299.01,310.8,1587.0,38.61,272.9,1
M,296.85,309.82,1475.0,56.73,71.9,1
M,299.48,312.12,1580.0,60.26,118.2,1
L,297.89,311.86,1342.0,39.79,320.0,1
L,295.63,307.25,1765.0,50.26,192.9,1
L,297.07,307.91,1533.0,63.84,266.6,1
H,297.37,309.25,1460.0,52.81,34.3,0
L,298.73,311.67,1602.0,39.68,210.2,1
L,298.21,309.82,1442.0,34.77,144.6,0
L,295.33,309.49,1460.0,55.34,247.0,1
L,301.74,314.53,1391.0,46.32,219.3,0
M,298.47,311.29,1485.0,38.87,171.0,0
M,296.61,307.53,1471.0,40.34,85.9,0
L,297.78,311.17,1419.0,45.39,99.5,1
L,294.9,308.37,1559.0,40.0,136.3,0
L,299.02,312.89,1425.0,50.11,80.6,0
L,295.66,308.69,1771.0,44.79,296.7,1
L,298.57,311.99,1818.0,64.26,286.5,1
H,300.17,312.14,1754.0,50.82,188.0,0
M,301.0,313.63,1531.0,34.62,115.9,1
H,295.7,308.94,1760.0,24.81,320.0,1
L,298.4,310.13,1334.0,47.46,162.6,0
H,300.04,314.85,1553.0,54.86,132.8,1
L,298.45,309.34,1477.0,29.44,117.3,0
L,298.57,310.77,1223.0,32.17,179.5,1
H,296.33,308.42,1405.0,52.35,275.1,1
M,296.72,309.82,1354.0,47.94,258.1,1
M,297.56,312.05,1523.0,39.05,145.7,1
M,302.72,316.15,1620.0,52.47,134.8,1
L,294.56,306.41,1445.0,33.97,124.1,1
M,297.28,310.22,1404.0,43.17,246.7,1
L,297.68,310.04,1525.0,21.7,269.9,1
H,297.92,311.05,1451.0,33.44,33.1,0
L,298.33,310.37,1254.0,37.31,140.8,1
H,299.87,313.79,1500.0,54.26,34.8,0
H,300.11,312.37,1499.0,31.23,165.7,0
H,294.02,305.8,972.0,45.71,61.4,1
H,299.23,313.47,1427.0,48.01,95.5,0
L,297.89,309.43,1676.0,33.69,253.1,1
L,295.8,306.99,1464.0,39.64,144.7,0
M,297.51,310.83,1714.0,35.63,150.5,0
M,297.56,310.72,1628.0,23.21,226.5,1
H,294.62,308.75,1505.0,35.39,79.8,0
L,295.1,308.7,1032.0,37.58,95.8,1
L,297.83,310.3,1229.0,31.74,282.7,1
L,297.83,310.35,1718.0,41.72,153.7,0
M,295.61,307.97,1510.0,37.08,143.6,1
M,298.05,310.78,1403.0,46.91,309.8,1
M,297.88,311.98,1677.0,35.02,249.9,1
M,293.91,306.05,1529.0,50.59,262.4,1
M,297.41,310.93,1491.0,53.48,114.4,0
L,299.07,311.8,1515.0,53.19,102.7,1
L,299.4,313.17,1364.0,58.43,123.1,1
L,293.5,306.29,1688.0,61.55,151.4,0
L,295.93,307.58,1544.0,31.86,154.1,0
M,296.46,310.11,1485.0,55.2,241.6,1
L,301.74,314.67,1405.0,60.52,158.0,1
H,297.56,309.88,1587.0,57.6,94.4,1
L,297.87,309.04,1468.0,25.63,148.8,1
H,300.99,315.14,1462.0,45.96,184.3,1
M,300.71,313.33,1330.0,34.05,229.1,1
L,297.63,310.47,1345.0,36.04,42.5,1
H,295.38,309.33,1807.0,41.41,128.6,1
L,299.15,311.53,1560.0,30.07,251.4,1
M,296.22,309.82,1881.0,43.57,200.9,0
M,298.6,310.87,1457.0,62.07,126.8,0
L,298.13,312.29,1569.0,62.77,79.5,1
L,298.07,313.02,1584.0,48.71,178.2,1
L,298.15,311.39,1417.0,52.51,136.7,1
L,296.31,309.59,1649.0,45.75,320.0,1
L,300.19,311.27,1590.0,35.38,82.2,0
L,294.59,308.85,1600.0,49.79,120.3,0
L,300.31,312.82,1393.0,42.39,284.6,1
L,299.23,313.89,1519.0,53.52,79.0,1
L,301.29,313.59,1319.0,45.82,217.0,1
M,298.6,310.17,1432.0,45.69,70.4,0
M,296.36,308.92,1427.0,40.27,153.3,0
L,296.53,307.28,1777.0,40.41,255.7,1
L,301.68,314.84,1630.0,52.11,268.8,1
M,300.77,314.47,1361.0,51.95,265.2,1
L,295.15,308.71,1354.0,31.57,320.0,1
L,298.06,309.91,1531.0,35.56,196.9,0
H,296.41,309.51,1749.0,39.77,167.8,1
M,299.77,313.6,1736.0,36.62,303.1,1
H,298.19,312.55,1505.0,56.57,271.6,1
L,299.58,312.54,1498.0,44.04,111.2,0
H,300.07,313.27,1641.0,45.95,198.8,1
M,297.74,312.7,1806.0,53.68,121.5,1
M,301.18,315.27,1732.0,33.0,93.2,1
M,297.61,310.78,1760.0,48.27,95.1,1
M,300.77,312.22,1713.0,53.12,204.5,0
L,295.29,309.25,1631.0,44.77,169.2,1
M,296.1,309.1,1703.0,38.85,120.6,1
M,299.89,312.34,1394.0,41.52,87.9,0
M,293.81,308.84,1399.0,59.23,141.1,1
L,300.3,312.01,1459.0,49.13,288.0,1
L,295.88,311.21,1377.0,65.86,219.6,1
L,298.34,309.58,1630.0,49.74,33.3,0
L,299.52,312.96,1302.0,48.8,190.7,1
M,301.38,314.99,1528.0,55.25,187.0,0
L,300.54,313.27,1513.0,36.57,183.6,0
L,299.83,312.68,1635.0,39.31,234.5,1
M,297.53,310.63,1362.0,53.31,267.5,1
L,296.94,310.59,1764.0,43.07,147.2,0
L,295.92,308.95,1617.0,33.02,230.3,1
L,296.36,310.05,1747.0,45.57,54.4,1
L,296.18,309.78,1642.0,31.02,242.2,1
M,301.38,315.18,2045.0,53.57,91.1,1
H,300.63,314.79,1413.0,44.47,266.4,1
L,295.78,310.18,1507.0,72.8,152.5,1
L,301.7,313.9,1551.0,58.4,320.0,1
M,300.65,313.72,1653.0,35.05,232.0,1
L,296.92,308.34,1378.0,32.93,168.7,0
H,296.42,310.81,1418.0,34.78,254.8,1
L,297.34,311.36,1497.0,49.74,238.5,0
L,299.72,314.16,1518.0,49.33,150.7,1
M,296.48,310.41,1493.0,54.15,259.9,1
L,301.31,313.9,1577.0,54.76,273.7,1
H,297.52,311.79,1595.0,53.98,204.2,1
L,300.62,314.38,1513.0,34.37,163.6,0
M,296.34,308.94,1410.0,42.13,146.5,0
H,297.76,309.9,1518.0,32.97,124.2,0
L,297.13,309.15,1450.0,35.5,129.3,0
M,297.77,311.99,1707.0,35.16,136.4,1
H,295.44,308.92,1729.0,54.52,96.4,0
L,295.2,307.98,1358.0,43.46,246.5,1
L,297.9,311.56,1715.0,42.4,300.2,1
L,295.03,306.79,1697.0,47.03,291.9,1
L,299.88,315.37,1513.0,36.82,175.1,0
M,299.26,312.29,1469.0,33.93,257.0,1
L,296.92,310.61,1527.0,43.96,270.1,1
L,297.83,310.24,1514.0,60.0,202.6,1
M,295.59,308.15,1744.0,38.9,244.8,1
H,299.28,314.61,1743.0,34.15,228.3,1
L,299.6,313.92,1640.0,42.6,97.6,0
L,296.25,308.81,1385.0,58.4,52.2,1
L,298.12,310.71,1567.0,30.52,154.3,0
L,297.22,312.71,1531.0,48.91,238.9,1
M,299.58,311.29,1353.0,47.6,223.9,0
L,298.22,313.79,1597.0,29.95,68.2,0
M,300.05,312.26,1874.0,57.91,265.3,1
L,298.24,312.78,1289.0,33.82,136.3,0
H,295.98,309.87,1264.0,47.3,217.2,1
L,296.66,309.28,1275.0,51.83,296.9,0
H,295.14,307.81,1733.0,46.39,317.0,1
L,299.56,311.92,1594.0,49.65,212.1,1
M,293.6,306.81,1398.0,38.76,271.4,1
L,296.93,311.49,1569.0,44.29,44.6,1
L,296.57,311.47,1623.0,43.4,63.1,0
L,297.6,310.57,1789.0,56.11,99.8,1
L,299.66,314.69,1225.0,42.02,248.9,1
H,296.74,309.41,1406.0,51.06,170.4,0
M,300.93,312.83,1414.0,30.42,266.0,1
H,299.54,312.17,1335.0,48.29,168.6,0
M,297.6,311.67,1434.0,44.4,75.7,0
M,301.72,316.1,1365.0,43.17,220.8,1
L,298.72,312.03,1500.0,39.1,200.6,0
M,295.85,309.45,1571.0,42.13,121.7,0
H,299.07,310.47,1542.0,58.11,254.7,1
L,295.32,309.82,1533.0,37.89,143.1,0
H,299.56,312.21,1499.0,45.49,119.4,1
H,297.11,310.05,1525.0,58.16,151.3,1
H,300.17,313.91,1328.0,49.57,156.4,0
M,298.07,310.07,1435.0,54.51,302.4,1
L,297.06,310.81,1489.0,52.5,139.6,1
L,293.63,305.53,1466.0,40.32,61.4,1
L,299.71,313.72,1648.0,50.5,207.2,1
L,297.89,310.6,1547.0,56.29,134.6,0
L,300.56,313.74,1389.0,50.83,152.5,0
L,297.18,309.41,1499.0,46.56,196.3,0
L,297.1,311.25,1413.0,39.67,208.9,0
M,298.33,311.75,1400.0,41.15,253.0,1
M,300.61,313.87,1612.0,31.7,66.8,1
L,299.99,314.34,1506.0,45.51,82.6,1
M,294.46,308.12,1576.0,35.92,181.9,0
L,298.33,312.63,1653.0,38.22,118.9,1
H,297.26,309.58,1369.0,68.39,75.4,1
L,298.73,313.23,1295.0,42.57,256.0,1
L,298.25,310.51,1477.0,54.74,136.0,0
H,296.45,309.86,1399.0,40.97,108.8,1
L,296.85,308.66,1439.0,44.37,163.2,0
H,299.19,311.43,1489.0,55.01,182.1,1
M,296.44,310.53,1620.0,41.9,137.1,1
H,300.91,312.79,1595.0,38.31,187.4,0
H,297.15,311.18,1606.0,31.33,274.7,1
H,299.21,310.82,1572.0,59.4,309.8,1
L,297.26,310.68,1439.0,43.57,278.5,1
L,296.7,311.32,1815.0,50.98,202.7,1
M,296.97,310.79,1438.0,39.37,171.2,1
M,297.06,309.76,1526.0,33.35,169.2,0
M,300.01,314.0,1425.0,42.66,58.6,1
H,299.88,313.16,1394.0,55.35,216.4,1
M,298.01,308.71,1439.0,32.08,134.8,0
L,300.26,313.59,1577.0,36.73,250.2,1
H,296.48,310.94,1464.0,39.08,65.5,0
H,295.98,308.15,1494.0,40.86,170.2,0
M,298.3,311.05,1266.0,27.54,229.6,1
H,301.3,315.02,1549.0,35.36,71.2,0
M,297.17,311.09,1250.0,56.91,115.8,1
L,296.03,308.02,1423.0,35.71,82.8,1
L,298.76,310.59,1394.0,54.59,285.4,1
L,302.06,315.58,1538.0,51.37,141.0,1
M,297.18,309.81,1489.0,33.23,196.5,0
L,296.45,308.94,1466.0,44.72,87.7,0
M,296.62,310.31,1813.0,34.38,276.1,1
L,300.05,314.39,1274.0,62.44,210.0,1
L,297.2,312.1,1332.0,39.02,258.8,1
M,299.65,314.53,1391.0,50.92,155.6,1
L,298.7,312.93,1388.0,32.27,298.1,1
M,301.3,315.9,1569.0,41.29,101.4,0
H,302.61,316.01,1399.0,37.66,198.2,1
M,297.7,311.0,1744.0,24.24,112.8,1
L,297.51,311.56,1553.0,43.07,102.3,0
L,299.69,313.68,1620.0,46.62,96.4,0
H,295.93,310.58,1429.0,49.53,126.0,0
L,298.0,310.27,1313.0,50.97,228.0,1
M,297.96,311.34,1601.0,37.26,190.7,0
L,297.75,310.36,1492.0,46.62,224.8,1
H,297.28,310.62,1542.0,42.96,248.9,1
M,296.03,307.1,1565.0,46.2,287.4,0
H,298.5,311.4,1415.0,42.54,222.8,0
L,295.8,306.73,1417.0,35.42,136.0,1
H,301.43,316.61,1264.0,55.84,89.9,1
M,299.19,313.16,1563.0,46.95,262.5,1
L,296.72,311.18,1657.0,51.87,156.8,0
L,295.56,307.56,1517.0,48.98,152.2,0
H,300.12,313.56,1632.0,44.21,112.3,1
L,298.35,311.74,1666.0,49.1,269.5,1
L,296.93,311.07,1355.0,51.1,228.9,1
H,299.03,310.71,1528.0,35.16,240.5,1
H,298.69,311.59,1482.0,51.01,189.8,0
H,295.91,306.86,1381.0,50.93,264.4,1
L,300.16,313.34,1519.0,41.5,110.0,0
L,295.89,306.42,1435.0,37.34,228.8,1
L,298.77,311.57,1781.0,39.77,159.8,0
L,298.99,311.72,1351.0,31.52,140.7,0
L,296.44,309.29,1337.0,62.16,92.8,1
M,300.19,312.11,1745.0,65.17,153.8,1
H,299.23,312.01,1368.0,52.96,158.0,1
L,297.69,310.24,1695.0,50.37,263.0,1
L,295.69,309.88,1529.0,57.8,100.3,0
L,301.46,314.26,1497.0,60.65,82.9,0
H,299.03,313.4,1511.0,47.7,184.1,0
L,298.02,311.09,1616.0,42.68,129.4,0
H,299.14,311.59,1418.0,44.04,77.9,0
M,300.15,312.01,1579.0,47.42,287.3,1
M,299.08,315.06,1461.0,41.23,300.4,1
M,298.31,311.62,1594.0,58.58,298.5,1
M,298.26,310.09,1648.0,33.27,112.2,1
H,297.86,311.28,1416.0,50.79,228.7,1
M,296.97,309.53,1411.0,37.88,223.7,0
H,295.13,305.79,1442.0,50.23,105.3,0
L,298.93,312.56,1640.0,53.82,232.0,1
L,292.47,305.06,1538.0,45.65,75.5,0
L,301.67,314.16,1453.0,26.95,80.1,1
H,299.96,314.26,1623.0,31.37,240.2,1
M,294.42,307.98,1497.0,54.97,189.9,0
L,298.69,312.39,1484.0,49.99,205.0,0
L,297.41,310.54,1669.0,39.77,307.0,1
M,301.49,315.49,1443.0,40.68,163.3,0
M,294.94,307.68,1407.0,37.24,280.1,1
H,295.11,306.79,1419.0,41.41,300.7,1
L,298.87,311.99,1523.0,45.69,141.5,0
M,300.59,312.25,1378.0,37.85,269.4,1
L,303.02,316.7,1311.0,41.24,145.4,1
M,300.53,312.85,1512.0,37.3,99.9,0
L,300.43,311.57,1614.0,28.08,70.3,0
L,296.7,310.08,1675.0,35.0,303.2,1
M,300.57,313.48,1305.0,43.58,100.4,0
M,296.95,311.65,1427.0,51.68,283.2,1
L,300.52,315.15,1468.0,47.66,247.3,1
L,298.51,311.49,1433.0,33.77,79.6,0
M,295.71,307.11,1351.0,43.49,73.5,0
L,296.46,308.97,1431.0,46.81,183.9,0
L,295.33,308.56,1338.0,50.34,214.0,1
M,297.45,308.59,1597.0,46.28,283.9,1
M,302.0,311.76,1526.0,39.17,244.1,1
L,299.61,312.9,1373.0,34.39,229.4,0
M,296.67,310.26,1528.0,37.84,231.2,1
M,298.08,311.44,1309.0,55.49,227.7,1
M,297.73,310.98,1680.0,48.73,105.2,0
M,296.83,311.05,1372.0,20.94,92.0,1
H,296.17,307.08,1485.0,44.81,278.0,1
M,298.42,311.39,1594.0,45.76,166.7,0
M,297.1,308.29,1772.0,30.85,47.1,1
H,296.91,308.14,1588.0,41.24,191.2,0
L,298.85,315.21,1524.0,41.59,297.7,1
M,299.26,310.87,1498.0,35.43,126.4,0
L,292.71,308.19,1295.0,43.93,169.0,1
H,297.02,310.5,1532.0,53.69,121.7,0
M,296.2,307.09,1480.0,39.17,110.1,0
L,295.93,308.78,1552.0,34.77,210.9,1
L,296.62,309.09,1349.0,44.79,278.7,1
H,301.26,313.88,1460.0,46.12,69.7,1
H,296.93,311.2,1568.0,60.86,176.7,0
L,296.42,310.26,1617.0,37.68,305.3,1
H,294.15,307.34,1447.0,62.16,105.9,1
L,295.51,306.55,1639.0,59.62,214.4,1
L,297.75,313.0,1355.0,30.68,114.6,0
M,298.14,310.97,1399.0,32.39,194.0,0
M,299.65,313.84,1228.0,52.85,153.9,1
M,302.9,316.05,1364.0,58.57,84.9,0
L,296.49,309.61,1639.0,47.51,247.2,1
L,299.46,315.81,1431.0,43.86,82.6,0
L,301.08,315.12,1467.0,36.96,104.8,1
M,298.95,312.57,1508.0,37.55,98.0,1
M,298.6,310.8,1502.0,33.85,108.4,0
L,297.96,309.64,1104.0,44.14,218.7,1
L,296.42,308.61,1299.0,29.36,223.3,0
H,300.53,314.41,1517.0,38.7,232.5,1
L,302.11,316.11,1385.0,32.25,290.2,1
L,298.58,313.34,1574.0,47.24,175.5,1
H,302.03,314.58,1562.0,56.58,83.8,0
L,298.44,312.5,1355.0,36.98,87.6,1
M,296.16,306.44,1595.0,32.16,70.4,0
M,298.89,312.5,1571.0,47.41,45.9,0
M,299.29,312.89,1477.0,36.58,146.8,0
M,299.88,312.93,1377.0,44.9,71.1,1
L,298.73,311.28,1618.0,43.35,173.2,1
M,296.36,309.87,1422.0,38.31,186.2,1
M,300.72,312.38,1909.0,54.24,83.9,1
L,300.25,312.92,1644.0,54.77,310.4,1
M,291.31,304.72,1226.0,49.08,51.2,1
H,299.47,311.09,1369.0,38.67,78.2,0
M,295.96,309.82,1637.0,43.45,153.8,1
M,296.51,309.67,1754.0,28.05,46.1,1
M,297.33,311.66,1375.0,48.05,284.5,1
H,299.1,312.41,1573.0,44.72,226.5,1
M,298.41,310.86,1608.0,38.93,119.3,1
L,298.4,311.51,1659.0,42.61,239.8,1
M,300.24,313.42,1517.0,42.74,75.5,0
L,296.81,308.48,1895.0,49.83,86.4,1
H,296.49,310.03,1312.0,42.39,122.1,0
L,297.29,310.62,1481.0,40.25,197.4,0
L,296.21,307.84,1531.0,45.24,42.9,0
M,296.13,308.92,1448.0,50.07,233.6,0
H,294.93,307.75,1647.0,57.3,302.2,1
L,295.98,308.22,1654.0,42.77,120.6,0
H,298.65,311.96,1685.0,36.8,66.0,1
L,296.9,308.33,1706.0,51.29,138.8,1
H,295.96,309.11,1437.0,57.73,270.1,1
M,299.24,313.78,1474.0,55.27,208.6,1
H,297.74,310.17,1529.0,38.04,83.6,1
H,298.0,309.72,1538.0,44.89,197.8,1
H,297.98,312.67,1485.0,41.25,198.1,1
L,295.51,308.19,1506.0,51.15,214.2,0
M,297.05,308.91,1449.0,55.74,202.1,1
M,296.12,307.9,1550.0,48.01,252.9,1
L,296.25,308.53,1363.0,53.21,309.2,1
L,297.58,310.82,1487.0,36.95,166.9,0
L,296.26,309.14,1483.0,33.09,86.6,1
L,296.43,308.45,1376.0,62.0,288.1,1
M,298.41,310.98,1318.0,28.38,215.1,1
H,299.92,313.98,1279.0,52.29,114.2,1
M,298.31,313.13,1241.0,50.38,249.0,1
M,300.44,311.66,1258.0,39.73,141.1,1
L,296.9,309.94,1544.0,48.53,283.5,1
L,296.3,309.83,1541.0,56.58,97.6,0
M,298.16,311.43,1113.0,40.54,62.5,1
L,296.46,309.68,1628.0,44.83,229.0,1
M,298.42,311.09,1617.0,42.82,242.1,1
L,300.41,314.95,1702.0,38.46,294.5,1
L,298.0,310.78,1628.0,28.57,182.4,0
M,297.82,310.76,1317.0,33.34,246.2,1
H,297.17,309.3,1541.0,39.99,71.6,0
M,297.37,310.6,1220.0,49.25,160.7,1
L,296.18,310.12,1713.0,47.3,271.8,1
H,296.02,308.19,1679.0,51.26,224.8,1
L,294.39,307.19,1448.0,53.69,222.7,1
L,295.67,308.0,1315.0,58.97,239.5,1
M,300.41,314.12,1409.0,50.9,242.0,1
L,297.53,310.0,1599.0,41.88,276.3,1
M,295.6,309.28,1656.0,43.94,131.2,0
L,298.74,312.61,1372.0,50.04,287.3,1
L,300.46,312.8,1706.0,54.92,266.3,1
L,300.31,315.28,1582.0,45.63,112.0,0
L,296.47,307.69,1510.0,56.11,320.0,1
L,297.64,309.83,1486.0,34.5,261.8,1
M,296.32,309.1,1755.0,49.96,155.7,1
M,295.08,308.9,1743.0,37.78,261.5,1
L,295.98,306.76,1646.0,51.71,265.7,1
H,296.17,307.5,1434.0,64.18,217.1,1
L,297.52,308.23,1104.0,45.56,229.8,1
L,293.74,305.91,1624.0,49.91,59.4,0
L,298.2,311.1,1527.0,48.63,195.6,1
H,294.24,306.38,1630.0,35.59,261.7,1
M,296.61,312.03,1590.0,40.6,320.0,1
H,296.61,308.96,1339.0,31.06,149.3,0
L,300.54,314.39,1360.0,50.47,77.3,1
L,297.37,309.45,1440.0,44.48,172.5,0
H,296.44,312.99,1462.0,47.02,263.0,1
H,299.42,312.26,1617.0,49.69,288.6,1
L,297.1,309.09,1841.0,43.13,99.3,1
L,300.02,312.33,1481.0,50.4,303.6,1
L,298.83,311.17,1572.0,41.31,76.2,1
L,297.15,311.14,1408.0,57.31,152.1,1
M,294.95,307.95,1547.0,46.84,202.7,1
M,301.26,314.39,1499.0,39.72,201.1,0
L,294.03,306.28,1443.0,30.45,61.1,0
H,295.38,309.05,1632.0,36.8,179.5,0
L,296.45,310.36,1617.0,38.85,159.4,1
L,300.28,314.92,1100.0,64.62,103.0,1
M,294.74,310.32,1171.0,47.27,62.0,1
L,298.56,312.39,1518.0,42.98,206.9,1
M,297.34,310.72,1643.0,57.35,175.9,1
L,298.69,310.64,1540.0,43.65,258.4,1
L,296.56,308.76,1755.0,31.44,62.2,1
L,295.3,307.44,1523.0,22.21,285.6,1
L,301.08,312.05,1514.0,55.97,219.7,1
L,299.17,311.85,1543.0,47.16,137.9,1
L,299.84,313.28,1401.0,52.21,94.7,1
M,292.94,307.71,1368.0,48.88,221.8,0
M,299.49,310.82,1579.0,56.77,232.8,1
H,301.1,315.64,1490.0,14.84,263.5,1
M,299.31,312.21,1802.0,38.81,119.5,0
L,301.73,315.66,1506.0,49.4,120.0,0
H,296.33,309.47,1546.0,41.62,271.7,1
H,298.83,311.74,1558.0,42.27,299.6,1
H,301.98,317.47,970.0,31.59,143.8,1
M,299.11,312.76,1370.0,45.97,96.4,0
L,298.89,313.25,1444.0,53.46,139.6,0
H,296.07,307.8,1581.0,53.47,239.1,1
L,299.59,311.53,1445.0,53.39,85.2,0
H,295.51,309.89,1631.0,27.18,267.9,1
L,298.89,311.85,1216.0,53.27,264.0,1
L,296.32,308.91,1289.0,28.88,297.1,1
M,297.18,310.15,1605.0,67.87,236.8,1
M,295.28,309.21,1424.0,32.55,47.9,0
H,296.67,310.48,1545.0,39.68,130.2,1
L,296.93,309.06,1488.0,46.1,224.5,1
L,296.68,309.35,1220.0,27.53,219.3,1
H,298.79,311.21,1567.0,57.25,259.3,1
L,297.53,312.69,1483.0,43.27,106.4,0
L,297.94,312.83,1479.0,19.35,107.9,0
H,297.45,308.83,1807.0,42.41,186.6,1
M,298.49,310.67,1469.0,46.27,310.6,1
L,303.03,314.4,1471.0,45.83,277.3,0
M,295.77,306.9,1484.0,55.11,80.3,0
L,297.15,311.76,1405.0,24.58,151.0,0
M,298.72,310.52,1205.0,44.82,138.8,0
H,297.95,310.39,1717.0,32.56,89.4,0
M,295.82,307.05,1664.0,42.55,94.1,1
L,297.05,311.85,1574.0,42.0,69.0,0
L,295.79,306.87,1792.0,46.51,128.8,1
L,295.75,308.58,1645.0,42.36,111.9,1
L,295.94,309.27,1486.0,27.19,152.9,1
L,296.71,310.47,1505.0,42.81,244.6,1
L,296.78,308.4,1396.0,36.33,83.1,0
H,298.58,310.03,1499.0,34.92,104.6,0
H,296.33,310.77,1558.0,45.77,182.9,0
H,299.36,312.81,1560.0,37.52,246.0,1
H,301.6,313.48,1510.0,43.66,231.1,1
L,297.69,311.05,1611.0,46.56,156.4,0
L,296.59,310.84,1645.0,39.03,215.7,1
L,296.5,308.13,1659.0,45.21,254.5,1
M,296.41,307.67,1628.0,44.64,219.5,0
H,293.26,305.91,1445.0,44.55,198.9,0
H,298.64,310.59,1322.0,42.94,23.7,0
L,301.77,313.91,1680.0,60.85,146.5,1
H,300.55,314.55,1417.0,38.1,118.4,0
H,293.27,307.3,1705.0,57.97,189.7,1
H,299.32,313.39,1550.0,39.99,208.9,0
M,296.95,310.08,1712.0,42.37,183.9,0
L,293.16,305.78,1372.0,42.85,137.7,1
H,298.37,310.14,1551.0,34.76,251.0,1
L,299.5,313.1,1450.0,28.42,225.1,1
M,299.92,314.37,1553.0,46.61,295.7,1
H,298.31,313.48,1623.0,48.42,260.8,1
L,295.81,310.19,1282.0,36.57,242.6,1
L,297.69,311.83,1479.0,48.92,238.5,1
L,299.36,310.77,1280.0,45.5,148.1,0
L,297.46,310.18,1521.0,54.13,239.0,1
M,301.31,313.95,1163.0,51.29,183.5,1
H,295.48,309.13,1578.0,47.12,262.5,1
M,296.9,311.06,1543.0,54.42,61.9,1
L,299.91,312.8,1280.0,48.37,320.0,1
M,300.76,312.95,1347.0,45.76,78.7,1
M,298.76,310.28,1500.0,47.66,82.7,0
M,298.84,312.7,1691.0,50.34,240.1,1
M,297.66,310.56,1605.0,37.94,171.8,0
L,298.15,309.27,1701.0,56.48,215.0,1
H,297.59,311.15,1425.0,62.91,247.4,1
L,297.7,309.55,1722.0,57.52,213.4,1
M,299.41,312.8,1558.0,49.08,235.9,1
M,297.12,309.41,1510.0,60.22,175.8,1
M,299.31,311.04,1366.0,37.55,201.5,0
L,295.53,309.79,1577.0,52.16,136.8,1
L,296.68,309.58,1649.0,31.44,318.3,1
L,299.15,313.52,1615.0,34.8,185.6,1
L,299.67,312.09,1641.0,48.8,118.6,0
L,299.59,312.12,1619.0,50.02,210.6,0
H,297.46,307.25,1450.0,47.0,61.7,0
L,297.11,309.47,1610.0,49.42,223.2,1
L,297.8,310.4,1581.0,30.4,28.3,1
L,296.32,308.35,1624.0,50.02,212.5,1
L,295.93,308.42,1568.0,70.97,244.8,1
M,297.73,309.41,1252.0,41.98,95.1,1
M,296.72,307.91,1563.0,27.75,300.9,1
L,296.49,310.67,1458.0,38.51,208.5,1
L,293.61,305.3,1510.0,38.06,213.5,1
L,301.6,314.5,1505.0,57.89,109.8,1
M,294.83,309.39,1659.0,37.83,254.7,1
L,299.38,312.47,1719.0,34.46,268.5,1
L,296.95,310.45,1688.0,40.51,123.9,0
H,297.33,310.0,1729.0,40.83,224.3,1
L,298.53,313.52,1441.0,33.33,137.7,1
L,297.54,310.26,1377.0,44.9,216.0,1
M,299.16,313.32,1523.0,29.99,63.4,0
L,297.72,311.03,1649.0,33.62,282.7,1
L,297.88,310.2,1551.0,53.21,317.6,1
M,295.41,309.93,1674.0,40.44,275.4,1
H,298.81,311.11,1584.0,57.56,296.1,1
H,300.72,312.52,1600.0,52.55,196.4,1
L,301.09,314.52,1343.0,34.69,228.5,1
L,298.71,311.16,1644.0,39.66,206.4,1
L,300.92,311.35,1494.0,54.95,163.4,1
M,299.09,311.79,1635.0,48.55,265.3,1
H,297.28,309.64,1596.0,53.76,204.3,1
L,300.43,314.22,1312.0,36.97,273.3,1
L,295.62,309.8,1695.0,41.97,309.6,1
L,296.29,310.04,1396.0,47.65,108.5,0
M,297.34,312.12,1351.0,27.02,114.8,1
L,298.29,313.23,1340.0,47.72,259.5,1
L,299.39,313.99,1472.0,44.15,268.4,1
L,300.61,312.36,1478.0,34.04,169.4,1
H,300.31,312.5,1535.0,51.39,102.9,1
M,297.09,309.8,1194.0,43.67,130.8,0
L,293.18,306.13,1561.0,40.24,161.8,0
M,296.56,307.57,1512.0,39.93,125.8,0
M,298.25,311.61,1394.0,59.7,150.6,1
H,298.98,311.57,1676.0,52.0,137.3,0
M,298.59,311.82,1677.0,44.1,270.2,1
H,298.06,311.77,1684.0,34.66,162.4,1
L,300.64,311.9,1523.0,49.75,296.5,1
H,296.09,308.54,1534.0,39.12,147.6,0
L,299.49,313.09,1379.0,50.48,96.5,0
L,299.81,314.69,1441.0,46.23,137.5,0
L,298.14,312.12,1516.0,45.69,225.3,1
L,296.98,310.9,1399.0,37.13,228.5,0
H,298.65,312.0,1314.0,41.32,160.2,0
H,297.45,307.82,1413.0,43.19,301.5,1
L,296.46,309.66,1522.0,33.16,67.1,1
L,298.6,311.79,1645.0,34.28,283.7,1
L,298.29,312.12,1584.0,49.56,320.0,1
L,296.63,310.0,1558.0,49.17,230.2,1
H,297.32,311.91,1597.0,51.87,136.7,0
M,295.62,307.45,1396.0,35.0,68.9,0
M,298.06,310.95,1235.0,39.93,320.0,1
L,299.66,312.78,1284.0,28.67,272.0,1
L,298.45,312.26,1372.0,39.46,261.9,1
M,297.54,309.75,1322.0,38.68,78.9,1
H,299.14,311.24,1486.0,60.4,94.8,0
H,298.26,312.72,1744.0,57.09,247.6,1
L,301.92,316.87,1414.0,52.4,290.8,1
M,296.26,308.78,1436.0,34.07,111.7,0
L,297.73,312.18,1623.0,45.9,224.6,1
M,300.32,311.32,1566.0,42.76,218.6,1
L,296.73,308.99,1874.0,46.47,168.5,1
L,298.53,311.64,1469.0,45.11,103.6,0
L,298.35,312.8,1423.0,49.75,130.3,0
L,298.62,311.1,1635.0,56.14,247.9,1
H,297.56,312.45,1714.0,49.19,200.7,0
H,298.33,310.45,1467.0,53.49,172.4,0
M,294.99,307.49,1439.0,40.32,280.7,1
L,297.79,308.92,1248.0,32.42,270.4,1
L,297.49,310.61,1634.0,39.3,156.2,0
L,300.73,314.03,1273.0,53.38,157.2,1
H,296.47,309.45,1375.0,39.83,259.6,1
L,295.09,308.86,1564.0,60.7,315.4,1
M,300.95,314.21,1657.0,45.07,60.0,1
L,297.22,308.6,1365.0,42.23,128.2,0
H,300.35,313.94,1474.0,48.84,140.5,0
H,300.42,313.22,1771.0,21.83,231.0,1
M,295.97,307.46,1403.0,32.08,179.5,0
H,300.7,313.32,1283.0,45.18,286.2,1
H,298.28,311.33,1402.0,49.35,298.8,1
L,298.05,310.43,1345.0,37.78,225.8,1
M,298.55,311.83,1123.0,50.47,63.7,1
M,298.38,309.29,1300.0,54.72,97.6,0
L,295.74,307.14,1234.0,35.97,301.8,1
H,296.85,309.53,1784.0,45.27,179.2,0
H,298.05,311.07,1371.0,47.15,95.7,0
H,300.14,312.6,1635.0,52.38,55.3,1
L,302.46,315.5,1612.0,45.83,195.4,0
L,296.75,309.8,1385.0,49.24,158.4,0
M,300.22,314.55,1666.0,47.31,87.0,0
M,297.25,311.37,1730.0,53.61,46.9,0
L,298.33,312.2,1393.0,47.66,242.5,1
L,298.87,310.27,1681.0,56.19,207.4,1
H,297.24,309.91,1758.0,35.53,64.6,0
L,299.34,311.11,1807.0,57.03,174.2,1
H,291.92,305.22,1573.0,33.68,195.4,0
L,304.02,315.96,1305.0,34.52,139.0,1
L,295.58,308.37,1441.0,55.05,179.1,1
L,298.74,311.19,1422.0,50.83,154.4,0
L,299.14,314.61,1412.0,44.41,302.9,1
L,293.98,307.3,1554.0,44.13,84.9,0
M,294.22,307.21,1675.0,30.56,282.1,1
M,295.43,309.2,1472.0,44.67,248.3,1
L,298.31,310.57,1408.0,59.14,139.6,1
M,300.64,312.08,1309.0,49.15,98.8,0
L,295.67,309.14,1274.0,37.83,229.2,0
L,296.7,309.1,1475.0,46.64,248.3,0
H,294.73,306.54,1795.0,42.4,298.1,1
L,298.03,310.77,1235.0,43.4,158.1,0
H,299.79,314.33,1442.0,29.21,163.9,0
L,298.26,311.55,1433.0,56.24,133.7,1
L,296.56,310.38,1291.0,42.26,223.6,1
L,302.97,315.6,1672.0,44.32,258.3,1
M,296.98,309.3,1559.0,39.35,203.7,0
H,295.13,306.88,1620.0,57.97,273.5,1
M,301.98,314.9,1535.0,34.78,90.6,1
M,295.42,309.66,1408.0,37.54,176.8,1
L,297.72,311.98,1745.0,47.98,245.4,1
M,296.25,309.16,1856.0,41.62,55.0,0
H,298.36,312.36,1584.0,56.89,320.0,1
M,299.54,313.77,1688.0,43.67,189.8,1
H,295.58,307.63,1453.0,57.78,278.9,1
L,297.22,310.38,1522.0,47.71,271.9,1
H,299.26,311.78,1532.0,50.06,87.0,0
L,300.94,314.56,1355.0,44.79,156.2,0
M,295.84,308.03,1352.0,40.67,182.6,1
L,296.07,309.35,1608.0,25.1,311.7,1
H,298.83,312.53,1248.0,52.03,173.8,1
L,296.41,310.08,1764.0,39.67,116.6,0
H,296.82,310.95,1273.0,36.9,232.1,1
M,297.18,308.06,1400.0,43.57,265.5,1
L,295.46,308.74,1712.0,38.06,246.3,1
H,293.12,307.31,1604.0,40.28,83.3,1
L,295.15,308.45,1267.0,40.57,264.1,1
L,301.06,314.34,1589.0,45.37,117.5,0
L,298.46,312.56,1446.0,36.74,78.2,1
M,296.86,309.34,1472.0,53.76,295.9,1
L,298.6,311.15,1285.0,27.92,251.4,1
L,297.85,311.21,1564.0,53.44,64.9,0
M,297.67,311.83,1601.0,37.13,135.6,1
H,296.17,308.68,1337.0,41.75,217.7,1
L,296.32,309.04,1481.0,38.46,146.4,1
L,300.0,311.32,1160.0,48.57,267.6,1
M,298.65,312.97,1618.0,58.03,179.1,0
L,298.13,312.82,1487.0,65.81,144.9,1
M,299.18,313.63,1432.0,52.21,157.7,0
M,293.2,307.09,1044.0,20.58,190.0,1
H,293.89,307.06,1149.0,46.77,287.3,1
M,298.68,310.83,1420.0,49.08,154.9,0
H,297.82,309.02,1759.0,37.97,176.1,0
M,297.49,309.36,1287.0,33.16,167.6,1
L,298.75,310.82,1476.0,44.71,218.2,1
L,298.0,309.4,1360.0,41.15,76.9,0
H,298.12,312.16,1557.0,50.81,221.2,1
M,298.4,311.69,1343.0,63.88,258.6,1
L,299.25,311.4,1433.0,20.96,256.6,1
L,296.79,307.86,1764.0,34.67,289.1,1
M,297.56,308.85,1444.0,41.27,94.3,0
M,297.99,310.51,1519.0,26.66,272.4,1
L,296.18,308.98,1466.0,51.92,242.8,1
L,295.51,306.4,1421.0,29.36,129.9,0
L,298.53,311.47,1648.0,50.18,261.3,1
H,297.01,309.23,1434.0,22.37,122.8,0
L,297.22,308.42,1570.0,38.06,169.5,0
L,300.13,312.92,1234.0,29.99,180.6,0
L,296.64,309.43,1576.0,48.64,172.6,0
H,294.5,308.27,1596.0,43.57,119.6,0
L,298.51,309.82,1488.0,61.46,278.9,1
L,296.11,307.12,1613.0,45.61,294.8,1
H,297.27,310.07,1641.0,48.42,184.1,1
L,298.57,310.67,1502.0,35.76,171.0,0
L,296.07,309.55,1445.0,47.03,159.3,1
L,298.33,311.25,1400.0,58.6,22.0,1
H,299.12,309.78,1589.0,35.48,133.2,0
L,295.37,309.16,1445.0,45.59,221.6,1
L,298.41,310.23,1397.0,41.93,193.3,0
L,298.51,312.87,1642.0,33.71,196.4,1
L,299.48,312.02,1427.0,57.65,164.6,1
L,295.78,308.65,1626.0,40.16,163.3,0
L,301.8,316.23,1687.0,44.09,320.0,1
L,294.8,309.27,1378.0,60.14,187.8,1
M,298.35,311.31,1442.0,48.8,208.5,0
L,296.49,310.58,1340.0,46.81,267.5,1
H,296.3,310.05,1500.0,49.68,141.1,0
L,298.86,311.45,1463.0,50.58,278.2,1
M,299.3,309.79,1130.0,29.06,74.2,1
H,296.53,309.39,1577.0,43.62,299.8,1
L,299.84,314.16,1417.0,31.43,131.5,0
L,296.64,307.79,1399.0,57.29,196.7,1
L,298.65,310.6,1605.0,32.25,83.3,0
M,296.21,310.0,1611.0,63.84,252.6,1
H,298.35,310.67,1492.0,58.56,127.0,0
L,298.56,311.67,1343.0,46.96,295.2,1
L,292.05,304.83,1349.0,54.78,302.2,1
H,300.06,312.91,1590.0,36.89,309.6,1
H,304.31,317.72,1757.0,44.72,156.1,1
L,297.52,310.77,1335.0,56.06,211.8,1
M,296.88,310.17,1476.0,37.28,243.4,1
L,295.39,307.06,1405.0,61.59,284.7,1
M,298.3,311.4,1511.0,45.5,168.3,0
H,294.64,308.22,1534.0,40.74,97.8,0
L,298.22,311.96,1453.0,56.59,188.5,1
H,301.22,315.52,1368.0,39.15,290.8,1
L,296.35,311.14,1316.0,35.38,313.2,1
H,298.75,310.56,1235.0,32.57,150.8,1
L,298.98,312.94,1497.0,49.34,244.3,0
L,298.64,311.87,1405.0,36.37,201.1,0
M,301.66,314.92,1379.0,59.2,266.6,1
M,296.55,309.31,1394.0,53.41,204.8,0
L,297.44,308.17,1434.0,33.15,139.7,0
L,300.72,315.73,1789.0,43.22,220.6,1
L,295.28,309.52,1585.0,42.03,225.1,1
L,300.62,312.55,1419.0,42.51,112.0,0
H,301.24,314.47,1459.0,42.28,69.4,0
H,300.51,315.04,1720.0,33.39,281.2,1
L,296.13,311.86,1481.0,55.11,226.4,1
M,302.31,315.3,1582.0,44.61,236.6,1
M,295.96,310.04,1444.0,42.24,212.2,1
H,296.66,308.39,1438.0,45.14,94.7,0
M,296.2,309.62,1277.0,41.16,242.2,1
L,298.28,311.15,1529.0,39.89,102.1,1
M,295.32,309.42,1444.0,36.42,320.0,1
H,296.64,308.31,1278.0,39.83,273.1,1
M,294.15,305.05,1497.0,28.69,216.0,1
L,301.86,316.93,1493.0,41.72,198.8,1
L,297.52,311.13,1492.0,30.65,156.1,0
M,299.46,314.62,1596.0,38.14,145.3,0
L,298.03,309.42,1395.0,17.81,283.9,1
L,299.65,311.57,1524.0,31.33,191.4,0
L,301.0,313.45,1118.0,52.76,98.4,1
L,294.58,305.86,1458.0,41.88,194.6,0
L,297.27,312.02,1478.0,44.49,186.5,1
L,298.77,311.66,1533.0,43.76,112.2,0
M,297.09,309.09,1402.0,36.89,164.1,0
M,301.92,316.44,1579.0,58.65,304.6,1
L,297.73,310.86,1491.0,26.96,262.5,1
L,294.66,307.51,1586.0,44.72,62.9,0
L,296.99,310.34,1265.0,16.14,100.8,1
H,297.32,308.28,1315.0,40.35,263.0,1
L,300.9,314.82,1227.0,51.51,214.9,1
L,296.7,308.68,1583.0,47.53,277.8,1
L,296.74,309.07,1456.0,61.72,144.2,0
L,299.13,312.42,1312.0,60.67,253.1,1
H,299.79,314.23,1522.0,30.15,115.3,0
L,297.39,310.82,1572.0,45.83,102.6,1
L,298.39,311.42,1443.0,37.2,142.8,0
L,298.54,309.72,1342.0,26.63,262.9,1
M,298.14,310.25,1340.0,27.88,118.2,1
L,298.14,310.97,1561.0,37.93,162.4,0
H,296.1,309.43,1385.0,50.21,109.8,1
L,297.63,310.13,1402.0,45.29,230.2,1
M,297.69,309.52,1319.0,32.82,245.0,0
L,296.94,310.92,1458.0,47.05,243.1,1
M,301.22,314.29,1619.0,40.86,93.3,0
L,297.01,311.66,1398.0,45.74,172.0,0
H,296.98,310.83,1417.0,51.14,104.7,0
M,298.11,310.27,1706.0,60.12,123.0,1
L,300.0,313.7,1673.0,57.42,117.1,1
H,298.75,313.39,1372.0,42.38,177.7,0
L,295.7,307.54,1736.0,50.58,124.4,0
M,296.5,309.96,1566.0,29.06,118.3,1
M,301.14,313.67,1510.0,46.99,252.4,1
L,299.96,313.73,1273.0,38.16,125.0,1
H,298.63,311.55,1987.0,46.43,292.7,1
H,300.81,314.86,1416.0,52.46,88.9,1
H,296.78,311.34,1389.0,37.66,149.7,0
H,299.13,310.61,1562.0,38.24,218.2,1
H,296.44,308.39,1322.0,36.88,56.1,0
M,300.98,314.81,1734.0,51.43,274.6,1
L,298.67,310.12,1395.0,37.6,320.0,1
M,295.14,310.22,1279.0,42.2,226.8,1
L,300.0,312.97,1405.0,42.41,184.0,0
H,298.61,309.98,1584.0,39.07,200.7,1
M,300.71,313.92,1507.0,42.84,230.6,1
M,299.25,313.07,1471.0,55.8,310.1,1
M,294.62,308.23,1483.0,51.79,320.0,1
M,297.05,312.22,1488.0,40.58,300.9,1
L,298.05,311.62,1576.0,43.87,161.5,0
L,294.55,306.45,1547.0,45.2,288.9,1
L,299.03,310.94,1196.0,41.71,139.3,0
L,297.84,309.76,1461.0,41.55,172.0,0
H,299.15,312.21,1573.0,44.49,174.7,1
L,296.92,310.23,1809.0,34.5,117.7,1
L,299.89,313.36,1832.0,53.78,263.8,1
H,296.22,309.33,1688.0,27.34,103.6,1
L,295.9,308.07,1458.0,47.28,256.7,1
L,297.23,309.31,1386.0,39.23,243.1,0
L,299.7,311.91,1289.0,37.33,287.8,1
M,297.94,310.94,1567.0,31.59,292.6,1
L,297.25,310.17,1636.0,27.13,155.4,0
L,298.02,310.92,1495.0,38.75,118.7,1
L,296.44,309.7,1505.0,45.65,143.9,0
H,298.19,310.63,1385.0,55.14,236.7,1
M,298.34,309.97,1519.0,42.98,258.5,1
H,297.63,311.19,1264.0,57.57,112.8,1
H,298.26,309.14,1584.0,23.76,111.3,0
M,298.76,310.26,1656.0,47.21,184.9,1
L,296.9,310.12,1950.0,53.36,219.1,1
L,298.34,310.5,1480.0,31.26,254.4,1
H,298.38,311.28,1512.0,26.67,147.3,0
L,299.56,313.49,1636.0,45.32,259.5,1
H,300.66,313.92,1545.0,45.08,190.0,1
L,294.17,305.02,1525.0,48.84,197.5,1
H,294.6,308.67,1423.0,53.18,313.3,1
L,296.0,308.75,1557.0,47.98,215.2,1
L,297.32,310.01,1833.0,28.98,168.1,0
L,305.38,318.67,1252.0,42.07,320.0,1
H,296.72,310.28,1508.0,53.78,195.7,0
L,299.46,311.81,1601.0,52.59,263.5,1
M,299.97,312.87,1441.0,46.78,73.5,0
L,297.3,309.27,1495.0,56.52,256.7,1
M,297.41,310.78,1384.0,56.93,182.1,1
H,297.21,309.37,1221.0,52.46,175.0,0
H,302.49,314.94,1509.0,33.58,220.5,0
L,297.99,310.15,1441.0,42.34,107.5,0
L,296.66,310.04,1302.0,50.98,287.2,1
L,299.01,310.15,1486.0,28.1,180.4,0
L,297.22,310.51,1354.0,52.31,164.5,0
M,298.5,312.14,1317.0,32.28,277.7,1
L,296.71,308.83,1480.0,38.95,142.4,0
L,298.36,310.85,1447.0,43.33,137.8,1
H,300.83,314.44,1401.0,46.21,94.3,1
M,297.56,310.24,1615.0,45.59,316.3,1
L,291.98,305.02,1492.0,44.36,294.6,1
L,299.05,311.6,1290.0,50.33,83.5,1
L,298.51,312.35,1735.0,32.14,48.1,1
M,298.43,312.06,1428.0,33.48,235.0,1
L,296.53,308.46,1437.0,37.98,320.0,1
H,297.87,311.81,1741.0,49.62,290.3,1
M,294.16,305.87,1093.0,45.82,86.6,0
H,298.53,313.78,1208.0,34.57,145.4,1
M,298.72,313.08,939.0,47.4,150.7,1
M,296.58,310.24,1635.0,67.42,163.2,1
M,294.86,308.0,1286.0,27.13,91.0,1
L,298.71,310.42,1361.0,48.74,134.1,1
L,300.08,312.77,1383.0,58.17,110.2,1
L,303.18,315.69,1606.0,43.63,66.0,1
H,296.78,310.65,1624.0,27.88,64.4,0
L,296.44,309.76,1699.0,45.61,146.6,1
L,298.06,309.19,1388.0,46.92,154.7,0
L,296.42,307.56,1811.0,47.62,75.0,0
H,299.37,311.71,1676.0,40.86,254.7,1
L,296.47,309.01,1305.0,36.74,96.2,0
L,298.4,308.3,1664.0,44.37,157.8,0
L,296.77,311.26,1620.0,46.67,132.2,0
M,298.19,311.61,1582.0,36.39,222.3,1
M,298.62,311.12,1547.0,49.02,98.4,0
H,296.04,310.0,1396.0,41.26,177.7,0
H,296.2,309.81,1459.0,42.79,175.8,1
M,299.69,312.95,1466.0,42.59,165.7,0
M,299.1,311.26,1393.0,58.15,115.1,1
M,298.86,312.37,1490.0,58.04,26.3,0
M,299.41,313.27,1271.0,31.12,221.3,0
L,298.12,311.2,1626.0,41.45,258.5,1
M,299.44,313.89,1475.0,43.47,222.1,1
L,295.62,308.16,1587.0,34.01,233.1,0
M,294.51,307.12,1283.0,48.69,320.0,1
M,299.24,313.36,1749.0,38.27,304.0,1
L,299.52,312.35,1166.0,32.23,47.6,1
L,299.76,312.57,1508.0,45.51,196.8,0
L,295.13,308.23,1517.0,48.7,181.7,1
M,299.56,316.18,1634.0,31.37,25.3,0
L,298.26,312.56,1462.0,46.92,126.6,0
M,301.25,313.55,1436.0,40.1,217.1,0
L,296.31,310.2,1341.0,67.86,82.0,1
L,295.33,309.44,1363.0,43.49,126.5,0
L,296.79,309.18,1463.0,30.47,252.6,1
L,296.68,308.65,1601.0,46.3,223.8,0
L,297.43,309.17,1420.0,47.83,103.6,0
H,301.06,314.0,1411.0,39.04,181.8,0
L,300.96,314.31,1471.0,40.28,195.5,0
H,299.04,310.28,1588.0,31.2,281.2,1
M,298.39,312.44,1621.0,50.52,119.1,0
L,299.86,313.24,1566.0,37.78,93.2,1
H,298.09,311.57,1647.0,33.39,109.9,0
M,299.66,311.87,1546.0,44.76,183.5,0
M,299.63,312.38,1313.0,41.3,320.0,1
M,300.34,312.89,1378.0,31.13,123.6,1
L,293.05,306.68,1519.0,45.5,226.1,0
M,296.3,308.66,1442.0,50.52,187.2,0
M,299.86,314.45,1531.0,60.27,295.4,1
M,296.22,308.44,1358.0,35.71,175.4,1
H,293.25,305.95,1691.0,46.87,276.5,1
H,298.05,311.23,1215.0,39.84,89.2,1
L,298.16,309.19,1215.0,48.52,143.4,1
L,298.87,311.46,1316.0,70.34,250.7,1
M,297.95,309.31,1159.0,28.23,219.4,1
L,301.7,316.27,1494.0,31.46,159.4,0
H,297.25,310.33,1540.0,56.37,134.1,0
L,297.77,310.91,1690.0,41.51,300.5,1
M,294.69,307.23,1521.0,42.35,89.1,0
L,298.53,310.75,1423.0,53.78,271.8,1
L,297.65,310.2,1215.0,49.11,53.4,1
L,296.43,309.42,1326.0,51.02,38.3,1
L,297.39,309.76,1486.0,67.48,120.5,0
H,298.98,312.49,1592.0,38.49,139.8,1
L,297.97,310.52,1562.0,56.13,300.5,1
L,296.92,310.96,1506.0,36.75,320.0,1
L,298.32,310.37,1087.0,50.64,248.8,0
L,296.32,309.31,1587.0,31.29,179.1,0
M,296.26,309.22,1454.0,49.26,180.4,1
L,297.6,310.44,1542.0,61.15,261.5,1
L,296.9,309.71,1250.0,31.84,279.9,1
L,296.35,310.25,1571.0,34.08,233.5,1
L,299.54,315.32,1546.0,59.22,264.9,1
L,296.28,308.98,1582.0,43.21,207.6,1
H,298.03,310.6,1636.0,35.45,313.2,1
L,296.56,311.18,1568.0,49.65,225.6,1
M,298.74,310.4,1270.0,27.9,168.2,1
L,298.79,312.0,1624.0,39.01,215.1,1
H,297.31,309.14,1488.0,36.81,137.0,0
M,297.47,309.34,1704.0,57.47,226.2,1
M,298.81,312.14,1379.0,49.15,296.5,1
M,296.46,306.89,1595.0,43.72,241.3,1
M,293.74,308.54,1610.0,38.35,84.0,1
M,295.09,306.61,1618.0,46.7,56.3,1
L,296.32,309.41,1669.0,50.07,207.9,1
M,297.41,311.14,1394.0,70.84,308.1,1
L,296.42,308.31,1525.0,56.33,130.0,1
M,298.43,311.33,1250.0,42.07,81.9,1
M,298.97,311.65,1501.0,53.82,226.5,1
L,296.98,310.53,1510.0,44.09,79.9,0
L,295.16,308.32,1540.0,42.46,295.9,1
L,295.35,308.02,1524.0,40.76,120.6,1
H,298.26,309.31,1618.0,28.88,169.4,0
L,297.9,309.52,1435.0,48.37,280.8,1
L,298.54,311.42,1630.0,21.34,152.5,0
L,298.62,311.18,1320.0,54.39,171.0,1
H,294.12,305.46,1737.0,62.37,50.1,1
L,298.81,309.24,1544.0,54.84,236.4,1
L,299.3,314.13,1695.0,23.1,196.8,1
M,298.69,310.35,1308.0,37.73,38.3,0
L,298.3,310.05,1738.0,36.86,60.2,1
H,298.68,310.54,1686.0,38.8,211.5,0
M,297.15,309.87,1512.0,60.69,138.2,1
L,300.85,314.99,1559.0,61.59,42.5,0
L,298.21,311.18,1461.0,22.54,78.4,1
L,296.96,309.74,1272.0,42.19,305.9,1
M,296.44,310.36,1862.0,43.09,236.8,1
M,298.34,314.0,1467.0,47.46,76.2,0
M,297.69,310.84,1344.0,58.54,135.4,0
M,297.29,312.68,1493.0,49.84,266.7,1
M,298.13,312.79,1732.0,51.36,135.2,1
L,299.31,312.01,1922.0,54.16,95.2,1
H,296.38,311.32,1536.0,46.76,242.2,1
L,295.76,307.99,1459.0,50.5,187.6,0
L,295.21,306.27,1260.0,71.41,198.6,1
H,295.11,309.37,1646.0,34.06,90.5,0
H,297.02,308.59,1934.0,41.06,159.4,1
L,293.84,305.25,1465.0,41.2,125.6,0
H,296.6,309.77,1482.0,51.29,222.5,0
L,302.03,316.5,1327.0,27.27,282.2,1
M,296.86,311.1,1600.0,56.96,89.8,0
L,297.87,310.71,1494.0,42.43,106.7,0
L,297.22,311.97,1405.0,29.77,144.0,0
M,299.58,313.96,1505.0,37.8,150.2,1
M,295.8,310.91,1197.0,51.46,212.7,1
L,297.76,311.92,1579.0,50.07,264.4,1
L,297.28,310.25,1536.0,51.65,53.6,1
M,298.16,310.74,1496.0,35.29,265.1,1
L,296.71,309.56,1612.0,56.42,146.6,0
M,295.96,309.53,1446.0,49.76,289.4,1
H,296.21,309.46,1652.0,35.75,200.6,1
H,300.11,312.21,1427.0,49.93,262.7,1
M,300.32,313.66,1434.0,56.0,264.9,1
L,294.27,307.95,1472.0,68.73,265.6,1
L,297.9,310.84,1586.0,36.39,261.9,1
M,297.44,310.05,1509.0,38.2,250.7,1
L,300.44,315.75,1508.0,19.99,199.9,1
L,298.31,309.43,1593.0,52.6,254.6,1
M,299.64,312.59,1312.0,64.54,250.2,1
H,297.81,309.67,1297.0,44.11,240.4,1
H,298.86,311.97,1524.0,47.06,40.2,0
M,297.09,308.55,1729.0,37.6,98.7,1
L,295.77,309.31,1333.0,49.34,151.9,0
H,299.8,311.55,1650.0,60.01,53.9,1
M,297.94,310.33,1419.0,40.18,284.3,1
M,300.07,314.71,1576.0,45.79,105.9,0
H,295.6,309.78,1775.0,38.14,77.0,1
M,301.12,315.29,1679.0,33.67,279.3,1
L,297.7,311.25,1436.0,47.89,195.5,1
L,299.57,313.9,1719.0,54.0,143.3,1
L,298.65,312.25,1393.0,52.27,197.7,1
L,298.49,313.79,1697.0,29.22,68.9,0
M,298.57,311.26,1546.0,47.71,74.4,0
H,296.7,310.0,1743.0,38.24,262.1,1
L,300.37,311.31,1610.0,40.34,294.0,1
L,296.66,308.82,1377.0,42.59,320.0,1
L,294.75,308.14,1613.0,29.41,236.4,1
L,301.04,311.62,1529.0,34.46,150.4,1
M,295.42,309.38,1631.0,46.53,259.6,0
L,298.98,312.23,1587.0,45.23,178.6,0
L,298.02,311.78,1459.0,46.41,62.0,0
M,299.95,314.92,1525.0,61.22,122.5,1
L,296.2,308.74,1344.0,45.64,151.5,1
L,298.19,311.88,1596.0,38.68,68.2,0
L,296.28,309.0,1502.0,51.16,234.7,1
H,300.0,313.7,1295.0,36.38,298.1,1
L,296.29,309.29,1344.0,56.91,228.7,1
L,298.36,313.29,1606.0,40.77,139.5,1
H,298.11,310.12,1511.0,59.13,227.4,1
M,299.13,310.77,1404.0,56.88,265.4,1
L,296.89,308.96,1295.0,43.22,221.7,1
M,295.68,309.76,1213.0,22.86,53.7,0
L,300.14,314.27,1524.0,37.45,217.7,0
L,297.54,309.95,1746.0,52.16,305.0,1
M,296.23,310.36,1309.0,29.95,187.8,0
M,303.58,316.17,1464.0,50.29,127.0,1
L,299.43,311.48,1606.0,26.57,320.0,1
M,294.64,305.68,1255.0,45.31,142.4,1
M,297.62,312.27,1671.0,41.66,320.0,1
L,301.66,318.62,1564.0,59.99,57.2,1
L,295.76,309.03,1548.0,39.52,248.5,0
M,298.03,312.08,1250.0,42.83,173.6,1
H,294.66,308.43,1540.0,55.27,127.9,0
H,299.37,314.77,1493.0,44.52,77.9,1
M,295.71,308.34,1240.0,42.16,144.9,1
L,297.57,308.83,1529.0,47.63,250.9,1
L,295.23,308.05,1595.0,62.78,72.3,1
M,299.17,311.2,1594.0,35.87,114.7,0
H,293.76,305.84,1554.0,38.72,320.0,1
L,301.53,312.89,1742.0,37.49,155.1,0
H,302.34,315.99,1411.0,33.43,218.3,1
M,301.89,316.75,1399.0,41.43,290.3,1
L,294.77,308.98,1506.0,35.45,130.1,0
M,298.02,311.02,1438.0,59.21,173.6,0
L,299.16,312.55,1589.0,35.09,241.0,1
M,296.59,309.7,1684.0,30.91,73.9,0
M,299.89,311.89,1620.0,28.86,312.3,1
L,297.97,311.15,1588.0,32.22,133.6,0
M,298.83,313.21,1679.0,44.04,268.4,1
M,298.42,311.01,1103.0,46.23,249.6,1
M,297.97,311.94,1641.0,42.32,144.6,1
L,299.99,314.0,1728.0,41.8,127.5,1
L,300.08,313.69,1291.0,42.85,140.1,1
M,297.23,310.41,1598.0,43.68,280.9,1
H,295.71,308.45,1524.0,31.53,264.5,1
L,302.78,315.74,1320.0,65.01,210.9,1
M,299.25,311.45,1667.0,24.96,290.5,1
L,292.68,307.23,1464.0,35.58,144.8,0
H,299.54,311.03,1441.0,29.51,300.2,1
L,296.47,310.21,1637.0,36.79,219.1,1
L,298.67,309.65,1450.0,41.58,280.2,1
L,294.26,306.62,1525.0,39.35,262.9,1
L,299.64,309.99,1406.0,49.39,316.3,1
L,298.89,311.5,1453.0,53.76,191.8,1
L,295.6,306.36,1345.0,41.6,302.4,1
L,300.37,312.26,1372.0,53.44,258.9,1
L,298.95,312.84,1613.0,29.66,133.5,0
H,298.22,311.51,1432.0,23.41,101.3,1
L,296.66,309.13,1673.0,52.17,262.6,1
L,299.46,311.03,1384.0,47.71,306.0,1
M,296.96,312.3,1492.0,38.87,257.4,1
M,298.51,311.31,1681.0,54.89,194.1,1
L,299.24,311.79,1446.0,32.61,173.9,1
M,302.22,315.1,1700.0,31.97,170.6,1
L,297.38,311.02,1616.0,38.95,144.3,1
L,299.31,313.15,1646.0,32.68,105.4,0
L,296.38,308.35,1497.0,22.21,266.4,1
L,294.74,308.56,1498.0,29.11,201.6,1
M,297.33,310.3,1740.0,52.36,281.3,1
L,298.77,311.95,1222.0,37.26,136.5,0
M,295.54,309.69,1569.0,39.04,236.4,0
M,299.91,312.65,1255.0,63.19,32.1,0
L,296.81,310.45,1663.0,34.43,87.6,1
M,296.84,308.81,1376.0,36.26,244.3,1
M,299.0,309.72,1513.0,35.92,118.0,0
L,298.7,310.63,1331.0,49.32,192.1,0
L,295.31,308.66,1531.0,50.06,153.8,1
L,300.24,313.63,1361.0,43.92,160.7,1
H,299.37,312.28,1534.0,37.16,204.5,0
L,296.48,309.96,1628.0,47.29,145.3,1
M,296.92,309.27,1280.0,54.39,267.6,1
L,299.04,312.1,1526.0,51.58,155.4,0
M,298.96,310.99,1503.0,46.43,183.7,0
M,298.11,307.85,1524.0,41.13,280.5,1
M,298.81,312.15,1340.0,50.86,236.5,1
H,299.62,311.48,1408.0,44.95,104.7,0
L,296.98,309.11,1242.0,63.15,49.6,1
L,301.78,315.0,1208.0,49.92,126.3,1
L,296.51,308.98,1376.0,36.43,296.5,1
L,296.54,308.79,1527.0,41.63,104.0,0
M,296.95,309.65,1505.0,46.11,225.4,0
H,298.54,311.67,1050.0,34.89,97.5,1
L,297.26,310.23,1296.0,25.2,229.3,1
L,299.81,312.83,1127.0,29.11,182.3,1
L,296.68,310.42,1466.0,44.61,237.6,1
M,299.92,313.34,1260.0,48.34,87.6,1
H,293.93,307.67,1565.0,32.69,228.6,1
H,299.47,312.18,1643.0,40.22,79.6,1
L,302.03,315.78,1666.0,38.9,174.2,1
M,298.78,311.51,1324.0,39.1,285.8,1
L,295.03,307.16,1554.0,41.19,190.1,0
M,298.33,310.58,1418.0,40.36,246.7,1
L,296.9,309.45,1293.0,31.89,320.0,1
L,297.79,311.4,1615.0,50.66,209.7,1
M,297.47,310.47,1627.0,58.66,158.8,1
M,297.65,311.78,1608.0,40.67,83.4,1
L,299.27,311.34,1539.0,41.58,220.1,1
L,295.75,308.68,1538.0,62.47,87.9,1
H,298.76,311.42,1588.0,37.59,126.3,0
M,299.22,311.89,1493.0,70.06,82.2,0
L,300.46,315.78,1307.0,51.8,103.0,1
M,294.14,307.25,1240.0,45.2,145.1,1
M,302.31,316.72,1632.0,41.08,272.8,1
M,297.8,311.26,1624.0,38.13,129.4,0
L,298.38,313.13,1301.0,37.82,225.2,1
L,300.45,312.36,1575.0,47.02,173.8,0
L,296.74,312.39,1675.0,47.9,191.8,0
L,299.32,310.76,1563.0,48.21,296.0,1
L,296.36,310.98,1560.0,42.18,254.8,1
L,300.42,312.89,1443.0,42.59,109.9,0
H,298.14,313.23,1337.0,39.61,207.9,1
L,296.15,306.95,1583.0,53.99,160.5,0
L,296.89,309.41,1511.0,32.35,215.0,1
H,300.63,314.89,1494.0,36.34,253.9,1
H,294.8,306.44,1490.0,46.33,256.5,1
M,294.46,308.39,1319.0,45.26,294.0,1
L,297.07,309.27,1502.0,60.77,274.9,1
M,299.26,312.96,1376.0,49.4,214.4,0
M,302.25,314.54,1514.0,27.41,242.1,1
L,296.62,309.89,1465.0,25.28,202.6,1
H,296.36,309.24,1536.0,65.14,54.0,0
M,294.78,308.75,1542.0,55.79,52.2,1
M,295.96,308.7,1769.0,39.72,263.0,1
L,299.11,311.24,1320.0,52.29,216.3,1
M,296.59,310.15,1592.0,40.52,102.6,0
L,294.91,308.84,1748.0,39.7,82.8,1
M,295.42,307.49,1428.0,60.99,45.4,1
M,298.04,309.26,1844.0,47.46,247.9,1
L,300.59,314.85,1453.0,50.02,102.4,1
L,293.86,307.17,1355.0,30.58,141.1,1
L,298.62,310.96,1451.0,41.81,88.0,0
H,299.63,312.69,1666.0,47.71,121.5,0
L,296.53,309.93,1624.0,48.94,240.8,1
L,299.03,310.36,1765.0,39.6,258.1,1
L,297.65,309.29,1611.0,47.91,115.2,0
L,298.42,312.39,1471.0,51.54,295.2,1
L,297.87,311.85,1613.0,38.99,291.8,1
L,296.39,310.11,1498.0,37.28,153.5,1
M,301.07,312.68,1731.0,44.9,159.3,1
L,298.63,310.38,1437.0,56.32,27.7,1
M,299.08,312.53,1522.0,58.59,112.5,1
H,300.48,311.9,1450.0,27.68,195.8,0
M,296.59,308.88,1341.0,49.62,320.0,1
L,300.25,314.08,1322.0,43.65,229.3,0
M,299.32,311.2,1357.0,29.27,163.3,1
L,297.23,310.86,1416.0,38.07,277.2,1
L,297.81,310.18,1441.0,46.3,71.2,1
H,302.16,313.52,1544.0,51.18,245.9,1
H,297.36,309.2,1758.0,45.11,91.8,0
L,297.02,309.4,1655.0,45.05,297.4,1
L,294.69,307.87,1547.0,39.1,199.5,0
M,298.86,312.98,1621.0,43.73,316.1,1
M,295.93,308.05,1591.0,48.93,216.0,1
L,299.33,313.6,1775.0,28.77,143.9,1
L,299.52,310.9,1477.0,41.86,111.0,0
L,296.13,309.98,1401.0,54.1,90.1,1
L,300.85,313.46,1549.0,60.07,89.1,1
M,296.96,309.97,1560.0,44.3,233.3,1
M,300.08,311.64,1124.0,39.79,124.0,0
H,299.02,312.5,1640.0,52.52,135.4,1
M,299.93,312.06,1450.0,42.07,244.8,1
M,300.55,313.21,1606.0,28.19,286.2,1
L,299.74,313.48,1347.0,46.45,158.3,0
M,294.25,307.52,1532.0,32.21,124.6,1
M,297.45,311.25,1364.0,40.23,179.2,0
M,298.37,309.91,1404.0,45.1,155.2,1
M,296.89,309.3,1424.0,49.35,130.1,0
L,297.34,309.44,1538.0,51.65,165.4,0
H,294.95,308.41,1566.0,56.53,317.1,1
M,297.08,311.76,1509.0,37.56,215.8,1
H,297.62,311.71,1482.0,51.29,274.6,1
M,299.46,311.64,1289.0,50.54,252.4,1
M,297.85,311.32,1631.0,60.31,239.2,1
L,295.77,308.46,1613.0,29.72,113.8,0
H,297.9,310.65,1419.0,28.64,168.9,0
M,298.22,309.69,1662.0,47.1,186.7,0
L,297.89,310.79,1488.0,33.48,104.4,1
H,296.73,309.24,1530.0,24.6,170.4,1
L,302.35,316.88,1751.0,28.43,244.0,1
L,299.12,311.41,1581.0,34.2,80.6,1
L,299.21,310.84,1510.0,54.15,142.3,0
L,298.33,310.11,1644.0,38.57,144.9,0
L,299.2,312.18,1553.0,21.09,296.3,1
L,299.97,313.78,1720.0,46.68,156.4,0
L,301.24,314.26,1395.0,37.27,126.8,1
M,297.93,311.95,1776.0,78.31,111.5,1
M,296.9,309.86,1668.0,36.5,230.2,1
M,295.41,308.53,1555.0,51.29,186.5,0
M,295.92,307.59,1491.0,49.2,320.0,1
H,296.21,308.22,1642.0,18.01,217.2,1
L,297.09,310.7,1609.0,30.11,160.0,0
H,299.67,312.19,1479.0,40.34,198.3,0
H,298.95,312.65,1477.0,30.91,208.3,1
L,296.72,308.49,1796.0,26.61,128.7,1
L,301.12,312.73,1566.0,41.59,109.9,1
H,301.36,314.27,1480.0,44.5,240.0,1
M,297.47,309.81,1414.0,43.33,77.1,0
L,298.28,311.53,1677.0,30.94,100.0,0
H,296.68,308.96,1525.0,45.85,237.8,1
H,298.34,311.71,1548.0,22.41,104.1,1
M,297.01,312.01,1479.0,51.27,77.8,1
H,296.17,307.85,1445.0,59.08,79.1,0
L,298.53,311.14,1509.0,28.68,103.7,0
L,296.98,310.47,1806.0,43.41,232.7,1
L,296.79,309.8,1332.0,36.12,236.3,1
L,300.03,313.36,1833.0,45.47,91.1,0
L,296.47,309.92,1478.0,40.34,284.1,1
M,301.08,314.87,1387.0,51.42,248.0,1
M,298.82,312.6,1382.0,53.13,185.1,0
L,299.9,311.59,1413.0,29.11,202.4,1
L,294.1,308.34,1652.0,44.24,153.0,1
H,297.31,311.57,1839.0,36.36,254.8,1
M,297.5,310.53,1369.0,37.38,265.1,1
M,296.28,308.95,1358.0,44.51,320.0,1
H,294.76,308.53,1723.0,36.73,185.1,1
L,296.02,309.16,1586.0,35.21,142.6,0
L,297.72,311.43,1449.0,51.02,235.3,1
L,301.89,316.55,1455.0,50.74,316.2,1
L,297.33,312.03,1491.0,48.08,302.6,1
M,302.55,314.71,1348.0,32.4,34.0,0
L,298.27,310.31,1392.0,48.9,205.6,1
L,299.01,311.95,1505.0,43.52,236.4,1
H,294.1,308.33,1382.0,39.29,132.1,0
L,297.77,311.33,1561.0,57.56,107.1,1
L,295.51,307.69,1543.0,45.87,45.6,1
L,294.65,306.91,1228.0,27.35,69.4,0
L,297.98,310.49,1274.0,40.99,207.7,1
L,296.72,309.96,1588.0,48.89,156.8,0
H,299.93,311.23,1667.0,51.09,165.7,0
L,296.38,309.4,1608.0,46.61,100.8,1
H,300.15,313.84,1553.0,49.22,172.8,1
L,300.27,315.58,1324.0,29.03,270.9,1
L,300.54,313.49,1512.0,70.1,300.2,1
M,298.67,310.11,1617.0,60.19,320.0,1
M,298.23,311.73,1486.0,58.07,218.7,0
L,297.34,309.79,1367.0,58.18,141.5,1
L,299.21,311.19,1514.0,51.08,193.2,0
L,293.79,304.85,1784.0,36.06,74.8,1
L,294.48,307.95,1558.0,41.82,25.4,1
H,299.48,313.17,1598.0,31.84,272.7,1
L,296.4,309.53,1318.0,53.61,285.3,1
L,298.56,311.58,1451.0,73.7,253.1,1
L,294.92,307.83,1539.0,52.85,272.5,1
L,295.93,310.46,1742.0,43.7,149.8,0
L,297.16,310.46,1520.0,55.97,193.4,1
M,292.27,306.11,1610.0,40.96,269.9,1
L,295.64,307.88,1518.0,38.03,300.3,1
L,302.68,313.59,1525.0,38.09,86.4,0
L,296.85,309.58,1615.0,40.89,273.2,1
L,299.02,312.62,1725.0,49.86,303.5,1
M,298.94,311.01,1555.0,54.38,189.7,1
H,296.83,310.65,1460.0,36.71,138.5,1
L,296.24,308.72,1496.0,38.68,320.0,1
L,297.73,311.18,1399.0,47.73,151.7,1
M,295.84,307.48,1579.0,48.31,222.7,1
M,297.78,310.03,1563.0,29.83,222.9,0
L,295.84,307.97,1431.0,21.82,295.5,1
L,298.67,310.51,1683.0,42.95,266.9,1
M,297.26,311.11,1549.0,41.05,143.6,0
L,299.23,312.61,1474.0,40.14,77.6,1
H,297.25,310.8,1416.0,60.06,257.8,1
M,297.31,308.83,1507.0,38.38,226.4,1
L,298.64,309.58,1180.0,48.05,191.7,1
L,295.35,308.13,1606.0,32.88,294.4,1
M,295.02,308.19,1452.0,69.54,304.4,1
M,297.91,310.03,1408.0,65.52,109.1,1
H,298.2,310.41,1336.0,23.84,132.6,1
L,299.32,310.5,1580.0,41.93,283.6,1
L,300.11,314.29,1441.0,43.83,288.1,1
M,298.9,310.27,1114.0,52.24,219.6,1
L,297.71,311.29,1508.0,46.29,269.6,1
L,295.01,308.61,1661.0,63.35,290.1,1
L,297.65,310.8,1318.0,52.02,280.9,1
M,299.28,312.54,1423.0,26.97,161.3,0
H,301.66,313.72,1673.0,38.54,287.7,1
H,294.94,307.58,1716.0,27.92,114.3,0
L,296.05,309.41,1811.0,28.93,72.0,1
M,298.21,309.9,1642.0,49.99,108.2,1
L,295.03,307.24,1805.0,42.75,293.1,1
M,299.06,313.95,1487.0,41.25,320.0,1
M,297.14,307.81,1533.0,38.34,88.4,0
L,301.54,311.13,1635.0,26.33,189.5,0
M,298.1,309.27,1413.0,36.8,166.2,1
H,299.58,310.65,1521.0,51.13,188.9,0
L,298.46,312.06,1352.0,43.54,121.9,1
L,299.19,311.73,1616.0,45.85,155.6,0
L,296.22,307.02,1555.0,41.16,163.7,1
L,296.12,307.12,1515.0,59.54,67.4,1
H,298.18,311.22,1349.0,52.92,231.0,1
M,299.8,313.57,1494.0,42.76,100.1,0
H,298.52,310.48,1656.0,34.77,149.5,1
M,296.69,310.35,1437.0,53.78,267.0,1
L,298.96,310.42,1479.0,58.87,297.7,1
L,295.87,309.92,1456.0,45.25,292.7,1
L,297.86,310.61,1499.0,49.15,245.9,1
H,296.43,309.37,1602.0,44.13,200.1,1
L,295.67,310.61,1519.0,40.97,226.8,1
L,298.55,314.36,1744.0,43.97,255.8,1
L,296.48,309.79,1453.0,40.9,155.3,1
H,296.17,309.64,1545.0,54.42,284.6,1
H,296.28,307.81,1200.0,32.75,41.5,1
H,297.26,310.13,1697.0,49.35,306.6,1
M,299.85,312.56,1446.0,58.49,78.9,0
M,299.28,313.7,1502.0,37.05,77.8,0
M,293.34,307.36,1281.0,61.16,304.1,1
M,301.3,314.72,1823.0,30.01,152.1,1
M,302.06,315.81,1365.0,47.74,144.1,0
L,298.23,311.47,1706.0,51.17,61.8,1
L,298.95,312.46,1579.0,26.4,137.7,1
H,297.91,311.84,1498.0,42.16,164.1,0
L,298.05,312.06,1474.0,38.15,200.4,1
H,297.64,311.89,1359.0,49.59,98.6,0
H,297.05,309.46,1608.0,28.34,247.2,1
H,298.99,310.44,1756.0,37.53,92.5,1
H,297.4,310.07,1447.0,36.13,67.1,0
L,301.54,313.51,1417.0,52.67,93.9,0
M,298.66,311.51,1865.0,50.31,184.3,1
L,300.32,313.86,1625.0,29.43,253.2,1
L,297.45,310.4,1420.0,43.98,122.6,0
M,302.23,315.01,1399.0,42.21,302.9,1
M,299.6,313.1,1412.0,39.19,166.9,0
L,302.41,315.79,1669.0,44.16,298.1,1
H,294.95,307.28,1520.0,45.76,278.2,1
M,296.56,307.58,1386.0,48.56,185.2,0
M,302.85,315.5,1361.0,54.23,202.9,1
L,297.11,311.46,1596.0,64.0,260.0,1
M,300.24,314.59,1475.0,44.4,141.1,0
L,299.03,311.27,1497.0,36.4,108.4,1
L,299.75,313.85,1631.0,61.56,74.7,1
M,297.05,307.98,1363.0,53.39,262.0,1
M,298.29,312.25,1635.0,36.74,198.9,0
L,299.24,314.15,1589.0,47.97,264.9,1
L,296.77,309.02,1518.0,43.49,152.9,0
L,298.35,310.95,1508.0,29.06,174.0,1
L,297.18,310.16,1732.0,33.37,188.0,1
M,298.68,312.34,1375.0,40.66,215.7,1
M,296.1,311.06,1467.0,38.64,205.7,0
M,299.9,313.55,1521.0,41.85,188.1,1
L,299.73,311.93,1689.0,46.67,29.4,0
L,297.03,309.55,1458.0,48.01,155.1,0
L,296.81,310.09,1360.0,44.27,226.4,1
M,299.89,312.44,1500.0,46.47,182.0,0
H,296.39,310.98,1602.0,47.79,320.0,1
L,296.8,311.2,1591.0,36.55,221.2,1
L,296.69,309.95,1453.0,56.48,225.7,1
H,304.19,316.96,1351.0,37.66,283.4,1
H,297.79,311.19,1585.0,41.34,117.2,0
L,298.71,310.76,1616.0,42.5,51.4,0
L,298.02,310.59,1625.0,44.07,243.4,1
M,296.75,309.98,1716.0,46.75,221.6,1
M,302.81,315.86,1551.0,35.32,272.1,1
L,296.08,309.01,1411.0,46.47,161.9,1
L,297.9,310.68,1504.0,51.65,231.7,1
L,296.86,309.83,1268.0,39.16,220.2,1
H,298.09,310.02,1579.0,50.14,111.6,1
L,296.99,309.15,1292.0,32.88,221.4,1
L,295.34,307.96,1294.0,45.52,190.5,1
M,298.46,311.36,1842.0,38.91,167.6,0
L,299.96,311.96,1330.0,43.16,142.2,0
L,295.58,309.35,1489.0,50.9,161.5,0
M,300.48,314.68,1588.0,38.38,70.0,0
M,299.66,311.24,1707.0,42.48,81.9,0
M,298.9,309.54,1588.0,36.03,223.4,1
M,300.83,314.36,1806.0,52.06,260.9,1
