spindle_rpm,feed_rate_mmpm,cut_depth_mm,power_kw,vibration_mm_s,coolant_lpm,tool_temp_c
2860,202,0.49,7.78,3.06,20.3,42.31
1373,428,3.6,20.04,6.28,29.1,61.35
3031,237,0.36,12.23,3.17,14.1,47.21
1067,652,5.63,27.77,8.64,29.2,73.22
1484,383,3.33,15.92,6.43,17.2,66.33
715,0,0.0,0.0,0.37,0.0,22.23
3090,184,0.65,10.68,2.33,17.8,50.93
3123,205,0.44,7.41,1.5,19.0,46.4
3221,210,0.4,9.98,1.47,12.0,49.46
881,584,5.68,29.01,7.61,30.2,79.21
2952,238,0.95,5.49,2.64,15.5,47.26
1195,621,5.75,26.51,7.55,31.9,80.85
1353,367,3.81,22.22,5.8,28.5,65.16
826,0,0.0,2.85,0.06,2.9,23.59
2938,235,0.78,6.69,2.44,19.6,53.4
3137,135,0.31,8.79,2.19,20.7,54.37
1080,649,6.75,30.18,8.82,27.0,84.6
3031,174,0.59,8.48,2.64,24.5,52.79
1693,387,3.94,14.78,5.62,27.0,69.55
1071,580,6.29,25.89,7.01,26.1,86.47
1196,537,6.22,26.22,8.0,30.2,76.92
2906,82,0.05,8.86,1.08,16.2,53.19
1057,673,5.73,25.46,8.34,27.5,82.24
590,14,0.32,1.99,1.96,2.1,34.98
1667,405,3.76,16.74,5.56,20.1,59.63
624,42,0.48,2.39,0.78,0.0,24.56
2905,238,0.79,7.39,1.66,21.0,46.08
1015,709,5.54,24.62,7.99,33.9,80.82
556,0,0.0,2.22,0.98,0.0,22.26
1632,476,3.15,16.82,5.68,22.8,64.08
782,0,0.29,2.78,2.1,4.6,35.42
645,12,0.2,0.0,0.17,1.6,25.0
2943,282,1.06,10.13,3.31,15.7,49.31
2997,98,1.3,6.96,1.43,18.2,48.21
3129,197,0.97,6.52,2.38,16.9,38.64
1577,391,3.57,21.39,5.11,18.6,70.31
1184,555,5.55,25.67,8.63,32.3,78.6
605,7,0.03,2.34,0.0,0.0,19.72
1240,350,3.86,18.33,5.49,23.6,65.37
519,0,0.17,0.0,1.06,0.0,25.53
2992,223,0.27,9.25,3.21,21.5,41.05
978,617,6.58,20.1,9.34,27.6,79.92
3049,180,0.54,10.07,3.58,18.0,43.67
877,0,0.39,3.69,0.0,5.5,30.94
3132,118,1.46,10.98,2.58,23.0,49.06
2957,113,0.17,11.19,2.73,19.1,52.05
552,0,0.0,0.6,0.33,0.0,28.64
3226,279,0.12,9.28,3.68,15.8,49.18
735,0,0.56,0.59,0.17,0.0,27.12
2922,126,0.66,9.58,1.84,23.3,42.48
597,0,0.0,0.0,0.78,0.4,21.13
1672,464,2.97,15.68,4.57,18.7,56.46
1453,386,2.7,16.89,4.8,27.9,58.44
2865,102,0.77,9.18,1.16,22.5,47.48
1036,576,5.87,25.07,7.89,31.4,68.19
719,0,0.0,2.26,0.27,0.0,21.61
1171,577,6.4,27.44,8.71,33.5,70.96
3297,168,0.0,7.16,1.19,21.1,43.86
3044,189,0.21,9.0,1.57,14.8,50.92
1307,373,3.95,21.16,5.08,23.6,56.99
1439,436,3.14,17.53,5.01,22.9,61.38
964,626,5.82,27.74,9.17,34.5,68.85
1550,370,3.93,18.21,4.58,27.7,57.93
1593,387,3.82,17.72,5.47,29.9,61.93
3287,132,0.22,8.9,3.31,14.5,46.94
538,11,0.39,2.94,0.71,4.1,25.48
1559,454,3.14,18.65,5.97,20.8,56.35
600,126,0.04,1.35,0.0,0.0,28.19
955,624,6.25,27.1,8.73,25.8,80.21
1040,658,6.48,25.87,8.76,32.9,70.09
2725,257,0.51,7.42,1.53,26.2,48.62
574,109,0.0,1.16,0.02,4.7,29.98
859,0,0.0,1.21,0.92,1.8,36.8
2922,97,0.67,9.22,2.46,15.7,38.93
1138,628,6.11,26.11,7.77,29.2,86.37
1203,484,6.04,20.5,8.94,26.2,71.89
3110,283,1.05,8.63,2.71,20.0,47.26
3137,194,1.31,8.11,2.64,17.8,56.1
711,0,0.0,3.41,0.58,1.7,27.83
3109,223,0.27,7.03,1.95,22.5,51.77
1645,393,3.59,20.0,5.12,28.1,57.85
1183,580,6.24,28.9,8.62,29.2,75.92
1622,440,3.54,17.3,6.66,23.7,57.79
1541,398,3.7,15.0,5.4,20.9,64.78
1378,572,5.57,20.7,9.61,32.8,76.38
1440,428,3.86,20.76,5.71,23.1,57.34
1385,459,2.26,17.6,4.83,27.3,67.88
1234,592,6.1,26.79,9.03,29.6,73.79
1406,386,3.77,18.83,5.56,31.4,63.98
1774,313,3.46,15.66,5.35,29.3,48.06
821,24,0.0,2.49,0.88,4.8,39.53
3007,116,0.62,10.29,2.47,15.5,38.44
1717,423,3.9,19.38,6.02,26.5,55.03
978,555,5.83,27.56,8.65,31.1,72.48
1471,401,4.4,19.33,4.82,27.0,50.7
1221,694,6.2,24.63,9.33,28.4,74.91
739,2,1.37,1.61,0.0,0.5,35.77
499,53,0.13,4.14,0.0,1.7,36.55
879,69,0.82,0.38,0.0,0.0,27.17
1495,419,3.61,16.54,4.18,27.4,61.44
2779,137,0.43,4.24,1.51,18.6,43.3
626,47,0.01,3.77,1.07,7.2,32.99
776,0,0.05,5.0,0.85,6.1,22.92
1040,624,6.45,24.67,6.97,26.6,79.04
1001,510,6.08,26.79,9.22,35.2,79.69
659,36,0.61,1.03,0.26,1.9,22.83
2936,196,0.38,9.07,1.31,18.1,40.29
997,591,6.38,29.21,9.21,32.1,76.55
519,19,0.0,0.69,0.0,2.8,25.99
1548,398,3.03,18.0,5.16,22.2,64.04
1077,591,5.41,27.39,8.24,29.8,65.35
879,0,0.61,1.15,0.82,0.0,32.97
3261,208,0.38,9.83,1.47,19.5,57.32
931,591,5.88,28.64,9.01,28.5,82.59
1282,392,3.0,17.13,5.87,20.3,57.82
989,589,5.33,26.28,8.39,30.8,72.36
1026,553,6.35,25.57,8.41,30.1,77.68
3134,162,0.99,9.14,1.12,16.9,39.04
1442,458,3.47,17.35,4.96,22.7,61.47
587,29,0.2,2.44,0.0,0.2,29.12
742,0,0.23,0.0,0.16,1.1,20.94
1076,578,5.82,23.47,8.44,30.1,74.73
620,0,0.1,2.31,0.04,6.1,21.09
1561,392,3.73,19.09,5.72,28.0,59.54
683,0,0.44,1.95,0.93,5.4,28.83
1539,354,4.09,17.3,5.33,25.8,62.27
2978,163,0.86,11.8,1.84,15.8,44.21
903,595,6.42,23.07,7.49,34.7,71.51
804,0,0.0,1.27,0.0,0.5,31.33
750,0,0.0,3.79,0.0,0.0,19.98
3040,142,0.38,9.05,0.83,20.1,44.46
1279,622,5.99,21.82,8.18,28.8,75.26
3069,113,0.21,12.04,2.65,19.7,42.37
1418,429,3.15,15.48,5.94,28.0,63.98
914,582,5.99,24.58,9.1,25.1,71.61
1438,320,2.92,21.53,5.31,26.0,77.38
1360,355,3.48,16.18,6.13,30.0,59.77
1289,411,3.15,19.35,4.56,30.0,70.9
1686,402,3.59,20.51,5.92,26.3,54.34
1206,546,6.28,26.46,9.96,24.7,70.17
1429,438,3.48,16.53,5.0,25.0,63.42
1522,338,4.28,13.57,6.31,26.1,60.62
2801,167,0.2,6.91,1.5,21.2,52.0
1033,641,6.36,24.41,8.22,28.7,75.36
1598,407,3.18,17.92,4.63,25.7,59.67
1497,319,3.77,19.92,5.78,29.4,60.81
1607,463,2.83,17.28,4.86,25.9,63.42
2672,186,0.99,7.48,2.2,17.3,47.79
718,0,0.11,0.73,0.16,0.0,32.61
1043,584,4.86,25.61,8.56,29.5,78.8
3262,192,0.9,9.5,2.06,18.2,51.52
1646,396,3.73,17.92,4.99,25.2,65.05
3054,140,0.76,6.56,2.47,18.4,46.08
1443,467,3.38,16.52,6.1,26.7,69.57
1664,458,3.92,16.08,5.27,23.4,58.91
3027,200,1.23,8.66,1.22,20.4,50.6
712,0,0.41,1.68,0.0,2.5,27.7
2944,147,0.25,9.95,1.17,18.2,47.35
2876,279,0.34,8.94,2.19,17.7,46.47
3014,182,0.69,8.64,2.11,15.6,49.78
1624,395,3.86,20.8,5.92,26.7,61.18
1171,381,3.32,19.99,6.1,25.4,63.03
1220,609,6.17,26.02,9.49,24.6,76.85
2839,196,0.58,8.48,1.02,15.5,53.63
1277,642,6.38,27.25,8.97,32.1,89.01
586,49,0.29,0.67,0.55,0.0,32.91
737,20,0.39,0.35,0.37,0.0,28.61
1075,594,5.98,23.18,8.29,29.4,68.74
3174,157,0.6,8.48,2.21,17.4,47.6
2852,174,0.5,8.87,1.49,16.8,51.96
2874,164,0.82,7.35,2.01,21.6,43.67
2982,248,1.12,8.02,2.7,15.6,45.38
2974,229,0.78,10.29,3.03,22.3,51.22
743,44,0.0,3.36,0.5,0.0,30.87
1249,484,2.91,17.41,4.8,21.2,64.09
829,0,0.0,0.0,0.36,0.0,32.79
1321,360,3.7,18.55,5.81,29.3,62.78
1515,459,3.36,16.3,5.39,25.5,68.06
2907,150,0.29,12.55,2.87,22.8,48.33
1491,433,4.5,19.88,6.18,27.8,66.57
1057,643,6.29,25.36,9.42,30.3,75.7
524,0,0.09,2.25,0.0,5.7,28.03
1560,401,3.34,18.32,6.02,28.2,60.21
3105,104,0.68,9.76,1.98,17.7,48.07
2747,206,0.72,13.29,2.45,19.4,41.07
1518,361,2.82,15.02,4.37,16.9,63.59
1475,303,2.65,18.61,4.89,26.1,61.67
1486,383,3.22,20.09,5.81,23.8,55.79
1531,436,4.25,19.46,5.68,20.8,62.87
1087,624,6.08,27.57,10.19,31.0,76.9
649,0,0.37,3.79,0.48,0.6,27.09
1629,450,3.53,15.22,6.71,25.7,63.45
1107,662,5.98,28.92,6.6,28.7,78.23
1660,473,3.22,19.81,4.79,24.0,67.78
766,44,0.0,0.0,0.38,3.2,21.51
745,54,0.0,0.0,1.18,5.2,27.35
2855,97,0.0,8.54,2.22,16.4,44.85
2935,174,1.46,8.41,1.45,20.2,59.38
736,0,0.58,1.25,0.97,0.0,25.07
1161,636,5.24,24.13,9.12,30.1,77.86
2856,181,0.85,10.51,1.96,13.0,48.58
1312,533,5.9,24.87,8.17,33.0,77.78
1503,326,3.14,16.13,6.2,23.6,56.92
985,588,5.71,24.54,8.86,34.7,76.13
3239,149,1.51,8.12,3.18,19.7,44.99
1169,496,6.59,26.0,8.07,25.1,73.37
1666,473,3.58,17.55,6.11,20.1,63.9
1035,602,5.57,25.46,8.38,27.8,72.41
3194,218,1.34,10.03,2.13,15.6,54.15
1422,364,3.52,20.68,5.72,25.5,56.6
1206,623,5.86,24.02,7.74,32.6,73.08
1021,554,6.08,23.46,8.8,30.7,77.25
1409,354,3.53,17.05,4.45,27.2,52.17
653,0,0.0,2.0,0.0,5.1,30.75
999,662,5.4,25.76,8.1,35.8,78.83
1196,620,5.98,25.32,7.78,31.8,90.61
2889,65,1.09,5.88,1.25,22.6,44.59
974,603,6.38,25.99,8.48,33.4,82.49
1462,403,3.38,17.86,5.0,24.3,57.69
1330,367,3.38,20.88,5.4,27.8,64.12
1144,587,5.33,25.29,8.81,29.5,73.99
1467,403,3.36,18.33,5.21,26.4,69.7
1099,559,5.76,27.9,10.12,35.0,79.83
3151,224,0.32,8.12,2.02,11.1,52.87
3109,234,0.26,8.05,1.26,18.9,47.32
1463,419,3.75,16.61,5.19,22.9,59.87
1631,428,3.43,15.3,4.38,20.6,66.47
2863,125,0.3,5.27,1.19,16.4,44.11
2906,93,0.44,8.3,2.69,20.2,46.52
1507,417,3.46,18.06,5.46,25.8,70.44
1172,515,6.16,26.84,8.74,30.0,78.58
2977,216,0.04,9.46,2.58,15.0,46.62
793,0,0.38,3.69,0.58,2.9,25.37
826,1,0.0,0.0,1.08,0.0,26.44
674,54,0.27,4.06,1.23,0.2,26.58
1319,664,6.13,25.99,8.82,31.3,73.7
1468,349,4.06,16.98,6.29,24.4,56.43
1233,573,5.87,28.57,9.02,30.6,73.52
852,0,0.0,1.05,0.78,2.0,23.26
834,0,0.27,0.24,0.0,3.2,25.41
667,20,0.18,1.52,0.78,6.0,30.1
1421,486,4.29,19.37,5.31,27.8,59.37
3133,119,0.88,4.43,1.46,20.8,43.88
2997,109,0.09,10.37,1.66,15.3,58.44
1099,666,5.51,29.0,8.26,25.7,74.76
2858,248,0.12,10.27,2.86,14.4,45.96
2863,241,1.48,5.12,2.38,18.7,43.04
1120,614,5.34,29.07,8.37,33.1,73.14
3093,123,0.5,6.57,1.42,20.6,47.45
2892,162,1.01,14.33,1.2,18.4,53.48
1572,410,3.89,18.83,5.11,22.3,60.15
2710,139,0.24,10.0,2.86,18.7,49.06
1133,633,5.83,28.33,7.62,31.4,70.22
3137,115,0.55,10.27,0.68,22.3,48.97
704,0,0.53,0.0,0.57,4.6,24.5
752,0,0.0,3.25,0.11,0.6,30.38
1127,566,6.69,25.11,8.56,33.4,77.56
862,0,0.27,5.44,0.49,5.4,33.72
2891,89,0.0,9.53,1.39,17.5,46.27
715,30,0.18,0.0,0.35,2.1,33.67
2976,157,0.95,9.48,2.73,12.6,36.37
556,0,0.22,0.0,0.0,4.9,23.85
2981,123,0.83,8.1,3.31,14.1,49.49
2899,99,0.6,8.39,2.66,20.3,42.73
3090,190,1.15,10.68,1.56,14.8,49.44
1559,375,3.35,17.93,4.16,22.5,61.5
1405,393,3.37,19.25,5.21,28.2,66.67
2887,130,0.53,10.54,1.47,17.5,47.37
880,502,5.93,24.61,8.89,31.6,76.12
671,0,0.0,4.0,0.0,0.1,15.79
744,0,0.0,1.11,0.19,0.9,26.14
2999,257,0.68,10.67,2.41,22.2,52.85
1003,537,6.08,24.75,9.63,30.8,78.31
1265,627,6.19,23.88,7.69,35.5,66.08
3094,262,0.43,8.82,2.81,23.1,56.19
1123,538,5.83,25.91,8.43,27.4,86.37
1102,621,6.38,25.19,8.48,31.1,75.24
2891,204,0.21,5.96,2.81,18.1,50.21
1533,410,4.08,19.02,5.19,23.9,67.96
1450,404,3.82,20.34,4.94,20.1,56.87
1131,478,6.49,24.85,8.94,28.7,82.05
3052,179,0.75,7.22,2.53,20.6,45.14
1345,468,3.73,20.48,5.2,29.9,60.69
1622,348,3.4,16.34,5.98,26.0,61.66
1391,451,3.8,17.89,4.88,22.4,58.31
1508,412,3.7,22.05,5.26,24.7,61.51
3084,131,0.68,12.46,0.89,21.6,54.89
506,15,0.0,2.59,0.72,0.4,24.26
1466,402,3.27,17.88,4.8,23.9,57.51
1432,345,3.48,14.71,5.11,24.3,54.37
1523,414,3.75,17.72,2.92,24.2,56.51
959,537,6.52,26.02,9.2,25.9,82.71
1648,381,3.31,16.6,6.04,26.9,51.92
1299,352,3.21,19.42,5.35,28.2,66.66
916,23,0.07,1.11,0.05,1.5,21.48
3054,155,0.19,9.45,1.94,21.3,50.73
2984,126,0.83,13.0,2.21,17.2,45.14
1614,346,3.56,14.83,6.48,27.1,51.95
2974,229,0.25,10.63,1.6,18.3,52.15
992,541,6.48,25.22,8.46,30.8,74.97
700,26,0.0,2.25,1.57,1.5,24.15
1409,421,3.61,19.23,5.6,27.8,64.9
707,0,0.18,1.86,1.23,0.0,28.39
1333,471,3.6,17.14,5.82,26.3,60.28
1474,406,3.36,17.27,6.14,25.4,64.77
1409,395,3.46,18.63,7.41,26.1,63.46
2947,238,0.04,8.51,1.79,19.0,50.41
1026,550,5.87,25.0,8.06,29.9,84.74
2895,135,0.61,6.44,2.49,20.3,47.35
3176,204,0.39,8.7,2.64,25.2,43.96
1017,19,0.1,0.0,1.02,0.6,24.28
1481,336,2.56,18.11,5.91,26.0,54.13
1444,425,3.54,18.54,5.92,27.8,66.9
3079,160,0.42,9.04,2.32,18.9,42.0
560,0,0.74,0.0,0.24,1.4,34.91
3017,141,0.39,11.52,2.08,15.0,49.07
1543,338,3.28,18.17,4.4,26.3,54.8
1217,632,6.54,24.75,8.39,31.2,73.23
1602,319,3.85,15.37,5.75,30.0,63.01
972,609,5.81,26.57,9.39,32.2,76.4
713,10,0.0,2.89,0.0,0.0,31.03
2815,174,1.12,8.25,3.47,13.5,43.81
855,51,0.54,0.27,0.84,0.0,33.22
3026,161,1.19,7.27,1.05,21.2,43.35
919,558,6.45,24.76,7.44,32.3,64.25
868,69,0.24,1.85,1.27,0.7,27.08
3175,146,0.39,9.87,2.49,22.5,46.08
1338,604,6.55,28.79,7.71,28.1,71.99
1381,374,4.02,18.75,5.62,26.8,59.53
2828,132,1.28,8.35,2.65,18.8,45.82
3159,203,1.42,7.81,2.07,15.5,51.42
1730,464,3.04,19.08,5.12,22.9,63.22
1247,581,5.63,20.77,9.44,30.1,69.71
1127,639,5.56,24.59,8.76,25.7,76.21
1453,327,3.38,18.73,5.7,24.5,54.98
575,113,0.0,0.66,1.48,3.5,27.18
2999,250,0.95,13.99,2.0,18.3,46.86
2845,172,0.74,9.18,3.43,17.8,44.91
827,0,0.0,0.0,2.46,0.1,24.98
636,3,0.5,2.87,0.97,7.3,24.36
3075,177,1.38,9.64,2.74,21.1,46.94
3122,150,0.34,13.57,1.59,18.2,54.48
1685,408,4.0,17.89,6.23,24.7,65.68
899,0,0.47,1.48,0.54,4.0,25.52
1455,340,3.42,18.74,5.89,26.2,58.44
2997,201,0.18,8.42,1.87,18.9,43.98
3022,165,0.75,10.99,1.62,16.2,54.02
678,0,0.02,0.28,0.7,0.0,16.38
1354,598,5.43,24.73,7.94,27.6,68.23
3194,84,0.58,7.05,2.91,17.9,45.08
1132,651,5.93,28.81,7.98,26.6,88.1
1501,387,3.59,16.93,4.62,20.0,62.03
428,39,0.33,0.78,0.65,0.0,22.14
2952,129,0.04,12.92,1.48,18.9,53.86
1792,419,3.64,15.05,4.93,20.9,63.14
766,0,0.0,0.0,1.8,3.0,30.3
847,60,0.0,2.24,1.39,0.8,28.88
2880,203,0.52,9.61,2.37,14.0,53.21
3028,200,1.15,9.58,2.79,16.4,56.63
1540,320,3.99,17.75,5.92,28.7,64.95
1357,407,4.2,23.32,5.39,30.4,59.43
3260,79,1.05,12.17,1.88,25.6,57.16
2905,113,0.23,8.76,2.3,12.3,46.18
972,612,5.39,24.85,9.29,28.0,68.6
874,14,0.04,3.79,1.06,0.0,24.23
3015,195,0.75,7.03,2.12,19.3,57.15
2686,192,0.95,9.22,3.11,18.1,44.36
1121,636,5.88,27.06,7.9,32.9,73.03
1022,607,6.37,22.64,8.36,28.9,74.17
1568,349,3.66,18.23,5.34,24.2,63.03
3129,120,0.77,8.44,2.68,21.9,46.07
3038,146,0.51,8.0,2.56,14.9,50.87
1255,413,3.46,17.96,6.25,23.5,59.99
2962,197,0.75,10.58,2.34,18.7,43.41
1246,590,6.18,27.65,7.39,28.5,79.36
996,595,5.56,27.68,8.97,30.5,87.27
3099,157,1.05,10.01,1.94,16.3,58.55
1181,710,6.08,21.59,9.7,32.4,83.77
1697,324,3.72,19.11,5.63,24.8,51.82
1559,349,3.95,18.04,6.44,28.0,56.23
2828,154,1.01,5.34,1.86,18.7,50.36
1495,417,3.39,18.61,5.63,28.3,59.07
1440,474,4.22,18.1,5.92,26.0,58.94
1412,389,2.64,14.3,6.71,26.9,58.21
409,0,0.0,0.0,0.0,0.0,21.88
2623,102,0.62,6.81,0.64,18.2,48.5
2836,175,0.0,13.22,2.56,21.4,49.12
1535,349,3.7,19.65,4.96,27.9,61.32
1593,333,3.56,19.4,5.28,18.6,61.59
3050,207,0.38,3.67,2.24,20.3,49.73
3168,228,1.04,7.76,2.6,16.9,43.34
858,0,0.14,0.0,0.64,7.7,29.68
3026,275,1.2,10.65,1.69,17.1,46.59
1035,568,5.14,26.75,7.54,26.5,88.01
1755,400,3.56,18.69,5.78,24.9,58.8
876,0,0.5,0.0,1.13,3.6,25.42
1126,587,5.67,23.87,9.44,27.6,71.86
1408,479,3.65,16.4,4.64,27.5,64.14
1067,617,5.69,28.57,7.86,33.4,82.53
3027,189,0.64,11.7,1.41,15.3,56.36
2758,197,0.68,10.64,1.74,20.0,46.5
1058,549,5.8,28.23,8.86,27.5,86.3
1076,680,5.98,26.47,9.55,31.4,78.55
1766,371,3.33,19.58,5.54,24.1,61.2
2782,199,0.85,5.5,1.19,16.3,47.97
1537,404,2.96,20.93,6.65,23.0,64.19
1300,481,4.12,19.23,6.33,23.4,59.23
1565,446,4.75,18.92,5.78,25.7,61.66
1024,634,6.03,27.11,7.93,24.8,75.38
1025,617,5.91,22.27,7.66,32.3,71.1
1492,445,3.0,20.53,5.04,22.9,64.07
1646,375,4.47,16.38,7.14,23.2,66.01
860,0,0.0,0.4,2.35,3.9,31.72
2911,150,0.1,4.92,2.05,20.6,54.36
1074,615,5.74,27.63,8.96,27.2,78.78
1065,681,5.85,25.83,7.02,33.5,84.96
2966,180,0.35,8.07,2.68,14.8,40.77
1675,444,3.41,14.45,4.32,27.2,62.09
1416,377,2.78,16.27,7.2,24.2,55.54
2827,134,1.24,7.22,0.94,19.4,40.74
1239,536,6.17,24.49,7.97,30.3,85.2
1470,357,3.21,19.01,6.65,22.9,69.18
1334,383,3.11,19.96,6.01,23.3,71.21
2773,100,0.76,10.04,1.71,19.0,45.92
3014,289,0.42,7.62,2.22,20.1,57.4
1655,398,4.73,18.54,5.03,21.3,60.9
1614,533,3.2,17.2,4.24,25.2,60.09
3029,189,0.2,8.53,1.98,15.5,42.98
3065,112,1.03,9.23,2.56,14.8,48.48
1340,408,2.92,21.03,5.14,33.7,60.77
3012,154,0.64,8.65,2.26,18.7,52.44
1394,412,4.21,16.83,5.75,23.6,70.63
548,9,0.07,2.88,1.15,1.6,21.79
1487,370,2.92,20.54,4.84,31.5,61.66
1454,429,4.02,21.7,5.55,23.3,55.39
2895,239,0.0,5.38,1.45,16.5,47.35
2842,163,0.8,6.54,2.88,21.4,48.99
1615,375,3.47,17.07,4.22,20.3,70.15
1462,325,3.33,20.65,7.07,26.9,61.92
2794,166,0.34,7.93,1.47,18.9,44.05
1683,381,3.13,17.8,6.58,24.4,57.07
690,0,0.63,3.39,0.13,5.4,31.24
2952,184,0.62,4.06,2.82,15.4,58.16
3111,123,0.74,6.5,2.55,20.3,52.51
1247,522,5.82,24.56,8.95,28.9,78.3
1398,413,3.11,18.18,5.94,30.7,60.47
910,0,0.0,0.0,1.02,0.0,27.65
1551,330,3.09,17.77,5.22,25.7,59.47
1385,414,3.72,18.35,5.64,22.9,63.88
2891,128,0.59,12.74,1.46,16.9,49.31
2959,166,0.68,10.87,1.68,17.2,40.28
1460,442,3.42,20.17,6.07,24.7,60.78
770,0,0.82,0.2,0.91,3.3,28.66
1315,495,3.69,19.2,4.76,22.4,58.7
3104,143,0.04,11.57,1.89,18.5,51.18
1539,326,2.69,13.71,5.1,23.8,63.16
1269,463,3.15,15.88,5.51,22.2,65.25
2829,228,0.83,7.11,2.48,18.5,47.7
684,0,0.25,3.09,0.67,1.7,21.09
3053,122,0.57,8.42,1.45,20.9,49.49
1403,369,3.63,15.3,5.41,19.1,66.58
1586,387,3.52,23.27,5.04,25.1,61.16
1495,421,3.25,20.64,6.01,28.6,53.07
1647,379,3.29,16.68,4.91,26.3,61.54
1051,673,5.63,30.23,9.38,33.2,79.71
1450,392,2.97,20.27,6.54,28.2,59.52
3185,267,0.53,10.39,2.41,18.5,54.92
699,61,0.0,0.04,0.56,0.0,29.47
1372,406,3.06,21.05,6.02,25.8,66.63
1072,584,6.19,27.8,7.71,25.8,81.4
1534,453,3.7,18.89,5.46,20.3,65.26
3136,252,0.7,9.33,2.19,16.8,39.09
1208,401,3.71,17.92,5.61,21.8,59.54
1093,636,5.61,22.13,8.79,33.1,81.54
544,0,0.07,3.37,1.1,2.3,27.62
2965,160,0.47,3.34,1.81,17.5,49.01
715,0,0.44,4.04,0.28,0.0,26.71
1303,426,4.17,17.54,5.77,22.7,63.0
1407,401,4.09,17.15,5.76,28.9,53.84
675,0,0.47,0.0,1.16,4.5,26.31
1717,470,2.59,17.44,5.81,23.8,63.72
1412,541,3.41,19.65,5.02,25.9,65.24
1152,616,5.63,26.26,8.73,32.1,78.21
1401,265,2.62,13.33,4.86,23.9,59.92
1047,534,5.92,24.53,8.28,28.1,78.24
3077,143,0.89,12.86,3.38,13.9,44.23
1511,476,3.36,18.74,5.65,25.3,65.47
2925,133,0.74,6.38,1.65,16.9,51.94
1055,589,5.87,25.75,8.2,27.4,78.01
1330,384,3.59,18.45,4.59,24.2,57.09
2950,91,0.62,7.98,1.5,15.9,50.79
3016,172,0.59,8.74,1.47,14.5,46.1
2706,162,0.8,5.98,2.19,15.7,41.25
1742,361,2.77,19.09,5.22,24.2,58.52
3082,251,0.36,10.18,2.33,12.7,36.7
474,6,0.59,2.43,2.45,0.9,30.05
1769,445,3.51,17.75,6.53,24.0,58.32
693,146,0.17,0.0,0.0,2.7,34.21
3230,140,0.81,10.4,2.93,16.7,49.51
1181,496,6.13,25.89,8.39,33.4,75.4
1237,505,6.42,22.92,8.63,35.2,78.84
1328,347,3.29,20.01,5.82,24.3,70.82
1126,655,5.79,23.22,9.89,25.6,72.02
1118,680,6.03,26.18,8.52,31.2,81.65
756,9,0.0,2.3,0.62,0.0,32.34
3134,159,0.28,8.91,2.12,18.2,48.5
603,0,0.31,2.01,0.63,0.0,24.69
2902,230,0.0,9.0,1.8,16.7,46.01
2977,148,0.08,9.68,2.11,15.4,54.44
1530,380,3.58,15.15,5.7,24.4,65.05
647,63,0.5,3.03,0.64,5.8,22.52
1159,714,6.12,28.81,8.42,27.3,74.84
1061,566,6.2,28.83,8.37,31.8,83.17
1512,368,3.81,16.22,5.25,29.7,58.08
1137,706,6.19,25.12,8.66,32.8,70.71
796,81,0.26,0.61,0.0,0.0,23.42
3081,162,0.99,7.31,2.8,23.3,49.6
1498,476,3.03,16.4,5.42,24.7,59.85
2976,140,1.13,12.23,3.28,19.7,40.77
1807,352,3.74,17.88,6.07,25.4,62.77
1465,396,2.93,17.08,4.55,24.4,51.41
2892,235,0.36,4.84,3.36,16.2,42.89
1297,333,3.6,14.5,4.54,24.5,68.84
2869,177,1.08,9.82,2.5,17.7,55.66
1253,591,6.03,29.16,8.15,28.5,76.58
3043,254,0.52,11.29,2.23,18.3,46.54
1513,432,3.89,18.74,5.81,24.9,68.12
1594,322,2.84,20.03,5.63,25.6,66.13
1480,384,3.79,19.1,5.19,19.4,59.83
1401,369,2.96,17.52,4.86,28.2,60.58
2828,236,0.74,5.68,2.26,20.0,50.26
2967,167,0.75,11.49,3.11,17.3,49.02
728,0,0.3,0.0,1.27,1.9,34.1
1584,356,3.34,14.71,5.42,25.0,53.23
3141,210,0.25,7.67,2.5,20.2,47.48
1392,412,3.18,16.8,5.73,25.2,67.45
1113,558,5.55,23.66,7.95,27.1,76.26
2942,151,0.37,6.05,2.53,14.0,39.71
400,46,0.0,2.46,0.24,2.9,32.8
1003,528,6.33,28.57,8.14,33.9,84.61
1280,433,3.78,18.52,6.05,25.7,67.75
2770,175,0.61,9.8,2.38,14.1,54.25
3005,262,0.75,12.96,2.83,19.1,50.96
864,0,0.0,0.93,0.7,9.6,35.04
1211,545,5.63,24.53,7.58,30.0,78.32
1584,440,3.56,17.62,5.7,27.8,61.76
1293,559,5.29,22.45,9.0,28.0,75.89
2974,262,0.0,9.74,3.38,18.4,41.63
812,0,0.06,0.11,0.75,1.0,24.71
3137,216,1.24,8.59,2.87,9.5,43.43
1345,356,2.76,16.19,5.15,19.7,62.17
1105,630,6.79,25.56,8.65,34.4,75.99
1589,434,3.99,18.4,5.42,27.1,66.0
2955,159,0.0,7.44,1.23,22.0,53.91
1475,408,3.44,17.49,6.25,21.1,65.98
1664,405,3.09,16.78,6.23,31.3,57.4
859,1,0.44,0.86,0.73,0.0,37.43
1483,417,4.5,17.98,6.06,30.3,63.4
980,581,6.1,26.38,8.41,34.9,77.53
872,543,6.49,23.44,8.34,34.5,79.13
571,0,0.0,1.21,0.0,1.0,33.87
638,13,0.0,3.75,1.36,0.0,26.91
3227,188,1.02,9.97,2.96,20.7,39.56
1553,390,3.45,16.3,5.85,24.5,58.64
1377,615,5.94,26.08,9.23,30.1,80.32
1521,492,4.01,19.67,5.99,29.2,63.56
1483,343,3.91,16.05,5.29,28.7,57.26
1167,630,5.83,27.66,7.65,29.5,73.41
1318,317,3.66,18.16,3.7,24.4,57.32
3029,191,0.71,10.72,1.77,17.8,50.31
884,545,6.51,24.88,8.67,27.4,74.41
1139,613,6.05,23.75,8.11,31.8,76.69
1250,345,3.71,19.72,5.04,22.8,61.15
2972,48,0.7,10.1,3.07,17.3,49.68
1532,411,3.15,18.01,5.45,22.6,61.09
2876,256,1.0,8.24,1.69,17.2,48.78
3166,211,0.56,5.54,3.0,18.0,44.8
1077,632,6.36,29.31,9.07,21.3,72.69
3053,123,0.48,7.52,3.18,13.1,36.07
771,10,0.41,3.02,0.26,0.9,34.09
1366,358,3.41,21.75,5.62,25.6,67.01
3082,211,1.0,11.27,1.26,17.4,38.26
2867,201,0.29,9.26,1.76,18.1,51.02
2965,133,0.36,11.24,1.12,22.5,51.44
3051,160,0.0,11.51,3.13,31.9,40.68
981,599,6.32,25.83,8.57,26.4,76.89
3015,127,1.04,8.18,1.45,12.3,46.09
2890,179,1.23,8.93,1.13,15.3,60.58
939,666,5.95,23.95,7.75,32.1,80.09
1493,399,3.85,17.82,5.04,22.8,72.38
1149,581,6.63,22.71,8.73,28.2,72.62
1158,531,6.06,25.87,8.64,27.7,78.05
2988,91,0.92,9.15,1.65,17.2,52.1
413,67,0.13,2.78,0.0,0.0,22.75
1180,564,6.05,23.08,7.6,32.1,75.33
1222,619,6.38,24.55,8.48,29.3,77.98
3076,103,0.65,6.15,1.99,19.1,57.43
524,0,0.0,1.35,0.36,0.8,25.98
564,62,0.02,0.0,0.41,3.4,28.3
1075,574,6.39,28.21,9.59,23.4,80.8
949,0,0.23,5.24,0.0,4.4,30.04
929,705,6.03,27.47,9.39,29.9,70.47
610,0,0.56,0.24,0.0,6.2,22.0
2875,124,1.08,4.79,1.56,18.5,45.91
1154,652,5.84,27.41,8.76,28.9,73.71
1389,413,3.45,16.28,5.35,25.8,61.3
667,0,0.76,1.7,0.0,0.0,27.29
3135,160,0.59,7.56,2.21,18.7,50.0
810,593,6.87,25.43,8.84,30.1,79.46
1201,537,7.0,25.13,8.68,31.8,76.05
2956,233,0.71,8.0,2.41,16.8,57.99
960,523,5.76,27.72,10.04,31.5,72.95
1751,427,3.88,21.98,5.9,23.5,50.49
1539,351,4.17,15.84,5.43,22.4,53.36
1367,305,3.86,19.08,4.57,24.0,68.33
2832,127,0.59,10.96,3.56,12.3,55.7
1488,368,4.29,16.93,6.1,24.8,63.71
794,11,0.0,1.41,0.52,0.0,27.37
1095,640,7.11,27.17,9.21,29.8,73.76
1498,336,3.41,13.03,4.71,22.8,58.2
1697,521,2.93,16.57,5.24,27.5,67.07
1579,388,3.81,19.27,7.21,22.9,67.22
2945,282,1.21,4.93,2.24,19.2,46.82
1569,296,2.77,18.37,6.0,23.7,59.45
1396,385,3.35,15.91,5.49,26.8,58.34
684,8,0.33,1.91,2.08,4.3,26.08
3044,177,0.77,7.79,2.11,16.0,52.54
1142,595,5.81,29.41,8.86,29.6,75.76
1168,684,6.04,25.39,7.48,26.8,80.32
1607,351,3.18,19.03,4.23,27.6,64.7
2914,186,0.74,9.85,1.95,20.4,49.28
1480,459,3.43,13.28,6.83,26.1,58.99
2772,113,0.4,10.4,1.69,11.9,42.05
3008,113,0.0,13.41,1.82,15.5,44.06
2749,146,0.97,6.09,2.19,19.1,49.52
1068,591,5.91,25.84,8.41,34.8,81.8
3048,180,0.64,10.93,2.97,15.3,49.48
1549,383,3.29,18.39,4.75,19.0,59.69
2965,170,0.34,9.28,1.23,17.8,61.41
3023,277,0.64,8.78,2.23,10.7,42.71
1244,375,3.55,19.29,5.82,25.3,57.27
2817,196,0.76,10.36,1.7,21.4,52.08
2840,144,0.58,10.51,2.26,24.2,38.42
765,87,0.5,3.17,0.29,3.4,24.19
1559,402,3.36,18.31,5.14,20.8,61.4
1616,414,3.68,15.46,5.66,28.2,54.46
887,0,0.04,0.0,1.43,1.5,24.82
3224,214,1.16,10.46,2.62,14.7,44.86
590,36,0.0,0.21,0.9,1.6,23.74
3071,255,0.3,11.3,2.31,15.7,37.82
2900,180,0.43,6.29,2.31,20.7,51.19
776,0,0.0,3.2,0.59,6.8,24.04
963,649,6.17,26.32,8.48,32.0,79.14
1237,683,6.2,27.93,8.3,32.1,80.06
887,506,5.93,26.58,8.38,33.5,67.59
1314,556,6.12,28.0,8.28,30.7,79.83
668,0,0.0,1.59,0.65,0.9,30.61
750,96,0.79,0.97,0.87,2.3,29.81
1653,454,4.52,17.13,5.59,22.4,61.95
649,10,0.0,0.51,0.12,0.0,33.76
3190,226,0.43,11.81,2.17,18.7,47.8
1352,382,3.21,18.17,4.56,23.2,69.7
1007,634,6.44,24.56,8.18,30.0,76.56
1479,324,3.83,17.76,6.15,33.2,67.7
2955,256,0.73,10.05,2.46,25.1,39.1
3235,162,0.16,13.13,2.22,18.6,45.56
2854,162,0.2,6.29,4.12,16.5,48.41
2925,113,0.64,9.41,3.14,18.1,44.65
1020,530,6.62,27.05,8.34,34.2,78.7
2990,209,0.97,6.22,2.48,17.1,40.43
750,0,0.0,1.4,0.0,4.4,31.02
3083,167,0.0,12.7,2.79,21.0,59.96
947,665,5.85,26.05,7.92,27.0,71.73
572,22,0.0,3.4,0.94,0.7,29.5
1054,617,6.91,26.28,8.67,27.1,83.9
1252,326,3.64,17.93,4.22,27.8,68.56
1622,419,3.36,15.11,5.33,22.4,60.78
1160,670,6.21,26.55,8.14,31.6,77.3
1447,467,3.63,17.64,4.99,29.3,62.91
3053,196,0.26,7.04,2.19,18.7,41.95
1046,528,6.3,28.69,6.58,32.7,75.43
919,619,6.34,27.15,8.8,29.6,76.74
818,19,0.12,2.99,0.77,7.0,31.74
1136,593,5.02,25.8,8.28,33.9,75.45
2969,182,0.69,8.68,2.0,12.3,56.51
1181,605,5.41,27.11,7.22,28.7,77.64
833,0,0.0,0.93,0.82,2.1,36.22
1277,368,3.23,20.46,4.54,23.2,60.59
1664,395,3.48,18.46,5.28,28.1,61.02
693,0,0.0,1.93,0.17,0.0,21.6
2896,172,1.18,7.41,3.01,16.7,45.94
3062,183,0.55,11.51,3.65,15.9,41.43
1515,368,3.8,21.71,5.74,26.3,58.93
1493,398,3.79,18.12,5.15,23.4,59.79
1212,648,6.11,27.91,9.51,31.3,72.49
690,2,0.14,0.0,0.55,3.3,20.06
1458,419,3.46,14.63,4.95,20.0,51.35
2854,109,1.37,6.38,1.77,19.9,51.79
1420,339,3.43,19.14,4.49,21.3,53.98
1762,408,3.32,17.42,5.17,22.5,62.05
516,0,0.0,5.58,0.81,1.1,23.18
1034,632,5.31,27.45,7.94,35.7,66.78
2965,150,0.32,6.95,1.99,17.8,49.34
3135,163,0.97,12.01,0.97,17.0,50.01
920,36,0.04,0.49,0.0,0.0,22.19
456,0,0.59,4.44,0.39,0.9,28.28
891,39,0.0,1.19,0.16,10.8,28.64
1210,556,6.52,23.36,8.3,36.2,81.87
3040,251,0.69,8.23,2.29,18.7,49.58
669,0,0.39,3.18,1.03,3.4,25.09
1521,435,3.93,19.29,5.23,22.3,62.04
1549,435,3.26,15.84,5.43,27.4,58.45
1622,429,3.59,16.64,5.19,24.1,58.12
1661,428,3.64,14.89,5.01,19.7,63.6
2887,241,0.74,10.0,1.73,20.7,44.9
1331,450,3.65,13.76,6.79,26.5,60.83
3203,244,0.53,12.1,2.05,22.2,51.28
3027,200,0.77,5.14,2.7,10.4,57.99
1471,367,4.08,20.33,5.72,22.4,64.22
2959,111,1.26,7.5,1.3,19.1,42.26
696,0,0.0,1.53,0.09,5.6,31.85
1192,572,5.8,22.37,10.19,29.3,81.34
1641,430,4.09,16.87,5.98,27.1,52.59
576,67,0.0,0.0,1.57,5.7,22.53
1188,601,5.58,27.18,8.79,26.4,76.63
2900,158,0.54,10.43,2.6,12.4,51.09
664,0,0.0,1.75,0.0,3.7,32.27
652,0,0.06,3.87,1.15,3.4,29.12
1587,329,3.63,17.6,5.54,22.3,57.2
1451,369,3.43,15.55,5.01,27.9,56.99
1669,483,3.53,19.22,5.53,25.3,57.04
590,0,0.0,2.78,0.74,0.2,23.71
503,14,0.0,1.36,0.28,6.0,32.26
2916,213,1.36,6.88,1.53,16.6,44.12
608,0,0.0,2.34,0.82,1.2,32.17
1557,366,3.87,19.16,5.58,27.0,65.02
1411,327,3.09,16.63,5.28,26.1,65.5
658,36,0.35,0.0,0.27,0.0,31.78
2765,196,0.17,10.28,3.07,15.9,44.09
632,0,0.48,1.78,0.0,7.1,31.92
845,33,0.38,3.24,0.94,0.0,28.28
758,17,0.0,2.53,0.2,5.4,32.1
1357,421,2.93,19.59,6.19,23.7,66.74
2921,220,0.24,6.15,2.1,22.5,48.99
1450,416,4.08,19.26,5.39,20.1,62.51
1423,351,3.98,14.65,5.06,26.6,66.22
513,14,0.0,3.69,0.0,2.3,30.65
3045,141,0.1,10.53,1.67,13.0,47.63
1321,481,3.88,17.71,4.38,18.2,67.0
1762,465,3.79,17.66,5.73,20.4,67.53
637,24,0.0,3.67,0.74,0.0,15.03
2889,142,0.51,9.72,0.69,18.5,42.33
1553,367,3.63,20.4,6.73,26.9,65.01
1527,372,3.27,16.12,4.5,23.4,67.02
1563,325,3.7,17.28,5.1,25.1,67.12
1657,408,3.26,19.03,5.11,24.1,71.29
1414,455,3.42,16.88,5.88,23.1,58.89
930,555,6.87,27.27,7.1,28.2,71.6
744,16,0.0,3.98,0.0,0.0,35.18
770,31,0.0,5.03,0.62,6.8,25.83
1617,393,4.19,19.17,6.38,27.1,63.69
1180,588,6.32,27.29,9.01,31.6,75.65
1591,364,3.22,16.33,6.99,26.2,60.49
1128,612,5.82,25.65,7.79,23.9,86.16
1577,329,3.4,15.32,4.7,18.9,59.38
1674,421,3.3,16.82,4.08,25.1,63.79
1429,386,4.07,15.69,5.66,24.1,60.04
1100,593,5.53,25.39,7.21,30.6,78.74
1163,624,6.14,25.38,8.49,30.6,74.56
1306,662,5.33,24.6,7.3,32.2,70.2
1254,504,6.41,21.34,9.98,25.1,72.9
3029,189,0.0,9.98,1.87,14.2,55.81
808,0,0.0,2.15,1.22,0.8,24.32
1471,403,3.55,15.93,5.9,26.6,62.49
2725,158,0.67,5.05,1.82,13.0,46.87
3135,178,0.3,13.14,3.26,21.8,45.89
1495,444,3.03,20.28,5.95,22.8,58.44
2949,141,0.93,11.73,2.02,22.7,53.77
804,103,0.0,1.75,0.77,0.0,32.56
2995,209,0.64,6.82,2.25,20.5,50.72
1212,677,6.3,24.42,7.27,28.3,83.48
1145,574,5.29,25.15,8.12,31.1,70.93
1031,469,6.13,24.89,9.1,31.6,73.28
1442,456,3.92,19.73,6.42,18.9,60.3
3029,160,0.12,8.75,2.73,18.6,45.98
3072,118,0.59,9.73,2.99,21.5,48.21
775,98,0.0,3.7,0.67,0.0,31.52
3125,111,0.41,8.67,1.66,16.5,45.15
1597,355,3.36,20.71,3.59,28.4,63.14
2952,170,0.15,7.44,2.5,17.4,41.57
677,14,0.0,3.23,0.2,0.3,35.39
1351,456,3.18,19.79,4.84,25.9,56.52
1461,343,3.04,18.32,5.29,24.9,50.43
1386,455,3.75,17.84,4.39,22.7,61.43
707,36,0.0,0.55,0.56,0.0,28.69
1259,660,6.47,25.1,7.76,29.3,84.24
1506,420,3.51,15.45,5.61,27.8,59.53
1234,648,6.06,25.8,9.28,30.3,84.03
761,0,0.13,0.69,1.81,6.5,33.63
1598,363,4.26,17.85,5.88,26.1,54.1
1143,543,5.51,28.61,7.93,25.3,77.83
3129,311,0.77,8.57,2.81,16.5,35.62
1439,396,3.12,16.77,3.88,26.2,57.84
744,25,0.0,0.0,0.39,3.5,32.2
1342,514,3.59,21.03,5.33,25.0,61.35
823,72,0.11,2.76,1.35,0.0,29.03
1130,677,6.3,23.68,8.09,32.5,87.58
864,621,5.98,25.92,9.0,28.1,85.97
814,0,0.23,1.12,1.07,3.6,29.41
1507,352,3.61,17.03,6.04,25.7,55.05
3194,190,1.7,11.89,2.22,20.4,55.52
1425,361,3.19,17.11,5.3,25.9,57.66
1538,458,3.46,19.36,5.72,25.6,73.01
1171,570,6.17,24.14,8.4,26.8,80.31
3007,157,1.27,9.94,1.66,18.6,55.53
1195,576,5.68,25.4,7.95,33.0,83.83
778,31,0.0,2.58,0.14,4.6,22.82
1490,387,3.52,16.87,4.77,26.8,61.47
2831,228,0.42,6.41,1.69,18.4,47.53
1195,659,6.05,25.29,8.79,26.7,79.0
726,107,0.0,2.22,0.0,2.1,25.89
3217,90,0.9,9.73,1.42,18.2,46.19
3157,246,0.13,10.02,1.87,18.8,44.4
1450,402,4.18,22.04,5.64,24.3,62.85
1120,644,6.7,26.39,9.33,30.4,76.12
1409,321,3.7,20.54,5.9,29.7,64.63
3150,179,0.8,9.45,1.5,23.8,43.18
770,80,0.1,0.0,1.82,0.0,27.45
2889,160,0.63,5.51,2.27,13.6,49.28
656,0,0.0,0.59,0.13,0.0,28.22
1067,541,6.63,26.03,8.36,32.3,86.57
1538,373,4.11,20.07,5.59,25.3,56.75
1663,431,4.14,19.15,6.67,22.2,61.83
3073,174,0.07,6.56,0.98,14.5,38.84
1050,651,6.0,26.15,7.29,32.7,84.71
2980,208,0.91,10.03,3.13,14.2,48.75
3100,140,0.42,10.22,1.92,15.4,53.92
1600,437,3.34,18.98,5.15,23.4,56.47
3065,179,0.41,5.66,1.92,17.9,52.27
704,0,0.43,2.43,0.0,2.3,16.23
1685,295,3.86,17.05,5.58,25.2,55.42
1441,399,3.1,17.47,4.35,26.0,62.96
697,0,0.57,3.37,1.36,1.9,38.11
1567,417,2.68,18.55,6.38,26.7,64.75
980,619,6.19,25.57,7.87,32.5,73.71
1408,383,3.97,16.65,5.51,24.4,70.9
1454,441,3.11,18.29,6.11,17.2,68.69
3134,163,0.44,8.75,1.23,26.0,45.28
981,618,6.34,30.09,8.8,32.8,83.72
1328,441,3.46,17.56,4.79,21.6,65.36
1343,394,3.84,18.31,5.52,19.7,59.89
1541,383,3.45,14.62,5.11,23.4,55.7
2802,148,1.18,9.93,1.65,18.9,42.39
3053,225,0.66,7.96,1.56,22.2,54.3
1179,576,5.2,24.13,8.06,25.6,83.47
3064,116,0.81,6.79,2.54,14.5,52.44
1537,338,3.31,18.54,4.8,27.1,56.7
1151,500,5.64,26.18,8.9,31.8,75.9
949,584,5.1,29.29,8.65,27.4,77.78
707,0,0.0,1.55,0.44,5.8,34.41
1232,635,5.84,24.02,7.8,28.5,73.85
2923,233,0.53,5.5,0.84,13.7,52.67
2932,202,0.29,13.0,3.13,14.7,52.39
1022,652,6.47,26.82,7.87,28.9,85.18
2903,223,0.82,8.33,2.49,15.8,45.05
1535,464,3.88,15.17,5.5,25.5,64.45
2974,171,0.98,12.63,2.67,16.7,46.58
1738,411,3.44,20.36,5.65,28.3,55.4
1112,563,5.89,26.82,8.52,31.4,75.86
1422,426,3.1,18.95,5.31,26.4,62.65
1453,358,3.57,18.16,5.65,24.9,67.15
1303,387,3.72,16.33,5.76,26.3,60.3
1051,578,6.0,27.49,8.74,26.1,74.15
1448,386,3.85,19.65,6.18,25.0,57.36
885,566,6.7,23.39,9.04,32.1,79.72
1066,624,6.46,24.31,7.96,28.8,82.04
1408,660,6.08,22.38,9.99,28.9,81.38
646,12,0.0,1.38,0.42,0.0,21.1
1206,535,6.0,21.99,8.69,33.8,72.41
1012,597,6.84,26.47,9.72,34.0,85.96
3207,143,0.53,10.97,2.72,16.8,50.07
3131,193,0.87,2.72,2.71,16.5,45.35
2876,213,0.46,10.14,1.75,15.0,54.8
1046,597,6.11,26.86,8.63,28.9,88.39
1679,255,3.37,15.23,5.22,20.4,57.92
2789,236,0.77,9.96,2.63,12.2,44.47
3251,218,0.78,12.47,2.74,21.7,41.22
2937,191,0.37,8.28,1.8,16.3,49.82
3014,111,0.26,9.28,2.19,20.0,43.31
1585,369,3.12,22.23,5.09,25.6,62.88
616,18,0.69,0.0,0.0,0.0,30.17
1577,483,3.69,13.72,5.86,26.4,66.92
1242,470,3.66,17.78,5.09,23.5,72.1
1368,378,3.35,19.9,5.66,24.0,61.89
729,0,0.0,4.17,0.78,1.0,26.66
661,0,0.01,1.2,1.95,0.6,37.42
1238,578,5.47,25.93,8.5,30.5,85.56
506,39,0.0,4.75,1.38,1.1,30.29
1149,618,6.06,26.24,10.17,29.0,75.87
1494,392,3.06,20.01,4.94,26.6,61.76
502,0,0.4,3.95,1.85,0.8,23.82
1408,491,6.58,25.02,8.07,30.2,82.11
2865,110,1.3,7.73,3.59,19.9,46.18
645,0,0.28,0.01,1.99,1.1,38.4
1571,467,3.65,14.57,5.78,23.2,59.43
1073,623,6.08,25.64,9.11,28.6,83.72
810,0,0.14,1.46,1.07,3.7,23.06
930,669,5.37,28.63,7.47,32.9,68.47
1227,621,5.43,26.61,8.35,31.3,84.6
3007,79,1.28,12.84,2.66,22.6,48.15
2964,225,0.3,7.81,2.53,16.3,53.07
1476,420,3.24,14.28,6.9,26.9,54.28
1608,433,3.61,16.66,5.9,24.8,61.91
641,37,0.83,3.81,0.0,2.6,33.05
1300,451,3.68,13.36,5.49,27.5,55.45
1332,473,3.18,18.45,5.09,24.7,65.17
836,659,5.92,25.09,8.87,26.0,70.04
2943,90,1.21,8.21,1.32,17.7,54.04
2866,142,0.92,6.47,1.74,15.3,47.22
1041,572,5.4,26.5,6.92,32.6,82.88
633,0,0.0,6.8,0.0,4.3,28.65
1464,425,3.35,18.82,4.73,26.0,53.45
1197,650,5.78,30.77,9.12,32.1,81.25
3074,189,0.58,9.2,3.35,18.1,51.48
1425,430,3.16,20.66,6.95,25.8,63.77
2928,184,0.38,11.24,2.41,22.0,42.9
3019,106,0.9,7.32,3.07,18.7,58.02
487,0,0.0,2.59,0.75,0.3,24.47
1190,556,6.18,24.13,9.65,32.9,86.54
2836,139,0.23,7.99,1.23,17.6,49.75
2888,217,0.31,10.74,2.06,18.4,49.72
2983,179,0.0,8.1,2.86,16.1,43.48
1268,615,5.46,24.83,8.5,31.3,74.56
2888,220,0.0,6.23,4.1,17.9,47.5
533,0,0.0,1.48,1.06,2.5,25.23
763,74,0.02,1.56,0.9,1.5,27.6
2980,176,0.74,7.39,3.1,18.1,49.93
3082,173,0.83,11.4,2.03,21.9,43.1
1001,578,6.34,26.16,8.6,23.1,78.1
1354,373,3.45,18.98,6.13,27.2,70.71
1158,585,5.89,27.18,8.03,29.4,83.23
1276,671,6.15,27.08,9.17,32.3,81.75
718,0,0.0,0.0,1.36,1.2,32.01
2870,196,0.63,11.95,3.15,15.1,47.49
469,0,0.51,3.51,0.35,0.8,25.61
766,0,0.0,0.67,0.51,2.1,25.18
1828,327,3.09,18.71,4.93,25.7,65.28
688,0,0.0,1.77,0.86,2.4,34.71
2970,260,0.65,8.25,1.78,20.4,51.71
579,23,0.0,0.0,1.26,0.3,18.56
796,1,0.0,1.01,0.48,0.8,26.59
1670,296,4.23,18.19,6.21,20.4,66.08
3068,187,0.37,11.64,2.37,22.5,47.28
2971,226,1.29,8.57,1.74,16.7,50.09
2985,51,1.08,10.96,2.88,17.3,43.52
2807,193,0.3,8.89,1.98,18.6,54.1
2858,152,0.9,8.66,1.74,15.7,44.69
1329,373,3.12,19.1,4.7,22.0,58.15
3007,177,1.73,10.34,3.15,17.7,49.69
1463,391,3.72,18.6,6.12,18.8,65.19
2957,188,0.76,10.74,2.43,19.1,44.08
1164,596,5.9,25.3,7.25,28.9,80.06
3016,203,0.79,9.32,2.04,22.8,46.19
1128,603,5.89,27.93,8.33,30.9,80.99
1457,345,3.33,19.63,5.42,26.1,68.77
1583,401,3.38,18.83,4.82,20.6,56.61
1454,409,3.83,19.05,5.98,23.5,64.51
1373,480,3.52,15.98,6.27,23.5,65.15
720,39,0.71,0.08,0.69,6.3,28.09
823,633,6.62,31.36,7.93,32.5,79.08
626,142,0.0,0.0,0.0,4.4,26.17
1416,419,3.33,19.37,5.43,24.3,61.99
1070,634,6.68,28.72,9.32,28.5,79.22
594,0,0.09,3.51,0.96,5.7,27.24
3110,170,1.11,7.76,2.14,19.0,45.92
687,51,0.24,0.06,1.13,4.0,34.35
964,662,6.39,27.14,9.43,30.4,78.37
498,0,0.39,2.9,0.8,2.9,24.76
725,0,0.0,1.18,0.84,0.0,31.98
2903,172,0.65,9.06,3.08,17.4,39.99
948,624,6.2,24.93,8.36,33.4,73.63
535,0,0.27,0.0,0.58,0.0,31.98
2957,261,0.19,7.84,1.29,16.7,54.93
726,12,0.61,0.57,0.22,2.3,34.43
1494,453,3.59,15.49,4.57,21.5,62.28
3097,165,0.88,9.49,2.46,22.2,47.73
1677,339,2.66,15.99,6.47,27.6,60.5
3123,125,0.0,12.52,2.07,23.6,47.86
1437,328,3.44,16.08,5.64,30.1,56.11
3067,144,0.19,6.65,3.12,14.1,48.58
788,7,0.0,3.44,0.0,2.7,27.21
3096,242,0.13,7.02,1.7,22.4,55.81
1654,425,3.5,17.66,5.99,24.1,75.46
1544,411,3.62,19.8,5.7,24.0,63.32
3271,339,0.6,8.89,1.82,14.4,46.06
1216,332,3.75,18.22,5.25,23.5,63.48
553,27,0.0,3.69,0.34,7.7,26.65
1359,272,3.48,18.25,5.56,21.3,68.91
3066,190,0.05,7.38,2.53,15.0,50.71
2790,178,0.89,11.49,3.73,17.2,53.79
2731,208,0.6,8.23,1.18,19.7,53.51
1502,397,2.53,18.4,4.74,28.5,60.89
2976,217,0.73,5.1,2.0,19.0,40.2
1314,672,7.01,24.24,9.05,29.4,71.45
676,0,0.28,3.11,0.0,5.6,23.27
2973,175,0.32,12.29,3.07,15.5,50.38
668,39,0.85,0.0,1.15,0.8,29.28
1147,602,5.73,25.81,8.62,39.5,72.19
695,21,0.45,0.0,0.82,1.4,35.3
3261,146,0.0,6.67,1.67,14.3,40.16
1301,442,5.73,29.42,8.06,30.1,75.41
729,25,0.0,2.06,0.0,5.5,26.85
3192,117,0.89,10.88,1.62,20.2,47.74
2892,263,0.26,9.11,1.76,19.5,56.47
1013,685,5.34,26.54,9.09,28.6,77.64
1147,550,5.87,28.02,9.25,31.3,75.89
2946,172,0.84,8.17,3.95,19.0,45.85
2992,167,0.04,12.52,2.14,11.2,41.18
1373,434,3.69,18.01,5.88,21.1,69.01
681,35,0.52,1.55,1.66,3.7,23.5
854,497,6.24,26.24,9.79,33.9,69.35
3016,164,0.71,11.39,1.44,22.1,53.56
907,645,6.38,25.68,8.48,32.1,75.05
3139,134,0.62,9.36,2.77,11.6,52.55
1249,492,4.19,16.42,4.85,17.5,63.31
2963,133,1.44,9.79,1.37,19.2,45.98
1470,472,3.33,18.22,5.13,25.3,53.94
3015,125,0.3,9.09,1.52,17.6,49.07
2924,182,1.04,8.94,2.33,16.5,45.07
490,63,0.0,0.15,0.43,4.5,27.8
1373,454,3.71,14.88,4.7,24.2,55.02
1555,383,3.38,15.03,5.99,26.3,57.13
1376,432,3.64,21.87,7.21,23.2,62.92
1619,401,3.41,20.13,3.78,29.3,63.84
882,0,0.54,3.62,0.58,0.0,21.12
2969,165,0.62,7.31,2.5,14.3,40.28
2773,211,1.49,9.63,1.13,18.9,46.25
3153,204,0.31,6.33,3.71,17.1,58.91
1438,420,3.27,19.56,5.09,24.6,59.63
3138,124,0.29,11.78,1.91,19.2,49.89
1481,447,3.07,16.42,3.92,22.8,67.6
1582,412,3.18,18.35,5.2,26.7,63.04
800,41,0.1,0.0,0.51,4.1,30.38
1560,421,4.04,17.58,5.16,27.3,65.85
559,29,0.0,0.7,1.29,1.6,26.02
1392,396,2.88,18.13,6.57,19.7,55.02
1431,360,3.44,17.04,3.91,23.3,63.24
3069,217,0.56,8.26,1.61,14.9,52.83
1169,694,6.28,24.93,8.83,24.7,77.25
1312,405,3.44,16.69,6.68,24.5,67.58
1015,619,6.36,27.19,7.73,30.8,77.34
1124,544,5.74,22.25,8.79,26.9,84.8
1486,430,3.12,14.92,4.86,19.3,62.72
3043,173,0.86,10.51,2.54,16.9,41.45
751,44,0.0,1.85,0.13,1.9,23.9
1432,374,3.82,14.77,5.42,24.7,61.03
1469,475,2.92,21.76,5.02,26.5,65.39
926,586,6.5,24.44,8.37,31.7,80.13
573,5,0.34,4.37,0.0,8.1,38.51
2915,277,0.33,6.78,1.83,20.4,45.24
1093,566,6.52,24.24,8.28,28.0,79.67
1556,362,3.1,14.08,5.91,29.5,70.59
1617,433,3.43,15.48,6.48,24.3,62.8
1432,391,3.51,17.87,4.42,24.4,57.14
671,0,0.0,2.36,0.65,0.0,26.76
1433,424,3.17,16.11,5.87,25.6,63.93
1497,363,3.23,17.79,4.83,24.5,61.66
3221,205,0.0,8.96,1.89,12.8,47.24
1561,390,3.22,14.0,5.98,29.7,67.24
1071,594,5.66,24.38,7.94,34.7,82.6
962,526,5.25,27.31,8.69,29.2,83.04
1269,435,3.12,19.21,5.39,27.5,73.06
2800,161,0.81,6.57,2.37,14.3,43.97
3038,59,0.76,10.57,1.51,17.1,47.6
1540,359,3.89,12.95,5.46,24.9,59.82
2909,231,0.48,7.98,2.61,21.1,47.07
3108,190,0.97,8.03,1.28,19.7,47.46
673,83,0.1,2.03,0.52,3.0,22.85
1245,395,3.42,16.91,6.6,26.2,62.94
1581,340,3.48,19.33,4.6,29.6,60.27
680,43,0.07,2.7,0.92,4.5,29.25
822,31,0.0,0.0,0.22,0.0,25.57
1600,395,3.42,16.29,5.2,23.7,60.33
1415,454,4.1,15.61,5.1,19.2,64.51
1250,647,5.53,24.76,8.74,31.3,74.0
1174,583,6.24,23.19,8.14,26.8,81.17
3054,197,0.78,5.65,1.88,18.0,48.13
937,637,5.71,25.94,7.62,24.1,83.52
2969,213,0.55,8.19,1.4,13.4,48.13
1069,537,6.06,25.26,7.77,25.1,71.71
1660,530,3.87,18.53,5.7,24.5,66.24
2727,131,0.58,5.91,0.34,17.6,42.17
3078,143,0.65,10.91,3.0,14.5,45.14
833,70,0.26,2.94,1.18,0.0,26.76
1371,380,3.42,18.48,5.64,21.6,59.94
769,0,0.54,0.64,0.0,0.0,27.93
858,0,0.0,2.0,0.5,2.8,29.64
785,0,0.0,2.16,0.0,1.3,26.05
1461,313,3.39,17.42,5.14,27.0,59.92
2883,266,0.24,7.88,1.11,20.6,44.45
734,0,0.11,4.58,0.83,1.3,29.49
689,0,0.0,0.82,1.48,0.0,30.62
674,0,0.26,0.94,0.3,0.0,16.63
644,67,0.13,3.12,2.09,0.6,33.98
1535,437,3.04,17.53,4.96,28.7,66.01
1080,669,6.38,22.17,9.32,31.8,79.26
1530,448,3.85,19.45,4.71,24.5,64.14
509,69,0.0,0.0,0.0,2.2,28.36
1374,370,3.18,19.14,5.32,22.4,66.41
1201,635,6.25,25.64,8.76,31.8,81.22
1504,482,2.92,18.83,5.94,21.6,67.7
679,0,0.27,2.65,0.31,0.0,28.76
1623,336,3.35,17.38,5.39,30.3,58.55
1422,400,4.03,18.73,5.97,24.1,69.44
722,0,0.0,2.08,1.32,0.0,32.53
1778,404,3.25,16.71,4.71,21.7,69.35
982,32,0.0,0.0,0.2,2.1,31.16
1486,420,3.32,18.26,6.78,27.9,64.35
1672,437,3.02,20.45,6.11,21.7,69.55
1591,319,3.85,19.56,6.61,18.7,59.94
1289,461,4.16,20.1,5.1,26.2,65.77
1390,363,3.56,15.69,6.11,22.5,64.97
2926,134,0.06,7.35,2.03,15.0,47.16
512,0,0.0,0.0,0.0,0.0,28.81
3260,212,0.78,8.42,2.18,18.5,46.82
3109,153,0.29,9.43,2.81,20.7,52.67
640,61,0.0,0.62,0.94,0.0,29.87
621,55,0.0,0.31,0.13,0.0,21.29
1035,623,6.31,27.76,9.53,30.9,85.37
2959,170,0.48,11.13,2.51,16.0,38.36
1472,422,3.91,17.42,4.64,24.1,62.07
772,2,0.16,0.0,0.07,0.0,27.13
2974,269,0.32,6.55,1.35,15.7,43.87
892,0,0.11,1.86,1.07,0.0,28.12
944,566,5.99,24.31,9.15,27.4,88.63
2974,316,0.59,11.07,0.75,17.2,42.89
1098,622,6.47,23.98,6.72,27.1,74.58
2947,237,0.83,11.47,1.72,20.9,57.86
2997,120,1.18,12.05,1.37,20.3,41.95
1289,332,2.84,22.11,3.86,23.4,66.77
2945,89,0.77,9.92,2.41,17.6,47.97
1469,263,4.09,15.04,5.38,23.4,56.77
1080,499,5.85,24.34,8.72,39.2,83.33
1485,409,3.19,15.59,5.92,27.1,60.87
2999,144,0.47,10.73,2.4,15.5,46.2
3033,88,1.02,7.07,2.79,17.9,44.81
1319,601,6.39,24.61,8.41,35.6,85.1
745,70,0.0,0.24,0.74,6.6,23.65
1614,394,3.54,16.71,5.54,23.8,64.12
1147,588,6.22,26.3,7.74,32.9,79.33
1311,627,5.78,26.32,8.52,31.1,66.78
3178,142,0.76,6.36,1.86,15.4,50.44
2735,162,0.83,10.33,2.07,14.8,57.35
3030,312,1.39,8.96,2.11,21.2,46.52
2987,211,0.0,8.38,1.64,14.5,52.52
620,0,0.24,5.59,1.06,3.7,22.86
2998,178,0.79,7.59,1.78,19.6,45.51
3241,248,1.06,11.17,3.89,15.3,57.38
1418,416,3.36,16.72,5.81,31.7,62.93
884,601,6.35,27.44,8.02,25.3,74.76
2963,157,1.13,9.25,2.23,18.8,45.88
3163,151,0.0,7.1,2.76,18.2,42.95
2984,252,0.76,9.97,2.25,15.6,47.14
719,0,0.05,6.33,0.55,9.0,27.75
1324,411,2.76,18.92,4.98,21.9,54.71
1488,360,4.04,18.89,6.08,26.5,70.79
1021,616,6.0,25.52,8.73,32.8,75.41
1685,430,3.2,20.09,5.63,29.8,61.72
3065,185,0.99,8.79,1.85,15.5,45.78
547,0,0.39,2.52,0.28,3.0,25.12
3054,176,0.42,7.96,1.76,17.4,43.94
1549,391,3.65,19.92,5.91,20.7,66.69
1150,607,5.58,25.5,7.85,27.1,72.8
3117,142,0.94,10.19,1.79,14.6,54.3
3076,159,0.32,6.62,2.43,13.9,35.57
902,593,6.15,24.66,7.67,31.4,76.33
1637,417,3.39,20.41,4.14,28.7,67.54
1633,408,3.26,16.31,4.76,23.7,64.19
614,54,0.0,2.93,0.78,6.6,25.79
3208,180,0.96,8.69,1.73,12.3,49.08
1563,397,3.98,17.28,4.56,27.0,60.31
748,14,0.0,0.0,0.88,3.2,29.45
729,3,0.84,2.17,0.78,4.9,34.36
664,0,0.0,1.8,0.81,7.6,33.72
938,633,5.69,28.4,9.12,34.9,79.94
1603,417,3.9,19.09,4.92,27.7,62.2
1588,323,3.02,24.29,6.0,26.5,54.79
1451,371,3.49,17.31,6.84,21.2,62.25
2964,164,0.18,8.91,1.58,23.0,40.85
3065,208,1.08,10.69,2.13,24.0,54.26
2986,142,1.26,9.02,2.78,20.2,37.85
3003,163,0.59,7.08,2.06,22.5,51.08
3176,143,0.28,10.19,1.82,20.0,52.36
1479,445,3.34,19.09,5.24,30.1,62.55
2970,317,0.65,11.1,2.95,21.1,48.98
941,73,0.0,2.6,0.9,4.3,27.47
3208,182,0.75,9.92,3.66,22.0,52.88
2961,138,0.51,11.46,3.26,19.2,46.2
3043,202,0.27,7.56,0.39,19.6,54.93
1707,430,3.65,15.71,3.75,21.2,56.94
1061,553,5.43,26.88,8.57,33.4,85.04
651,6,0.17,1.53,0.0,6.8,27.89
686,59,0.07,0.82,0.32,0.1,25.17
3106,238,0.44,8.54,2.63,11.0,42.12
1498,501,3.74,19.13,6.61,21.5,59.04
618,17,0.02,1.42,0.02,2.7,31.77
1545,440,3.17,19.57,5.62,22.9,58.39
1326,444,3.09,16.32,5.73,26.8,52.21
2937,137,1.14,9.87,2.08,13.2,48.7
1064,546,6.74,24.34,9.05,34.9,78.99
2932,157,0.87,6.57,3.25,15.7,47.88
1385,437,2.66,17.54,4.93,24.1,59.02
699,0,0.22,1.32,0.26,4.1,24.97
2827,169,0.25,8.48,2.42,17.2,47.28
744,64,0.25,1.58,0.63,5.5,30.35
789,0,0.0,1.31,1.29,2.6,23.32
1194,555,4.91,24.98,8.43,32.8,70.06
3199,131,1.52,13.75,2.58,24.3,51.38
3026,317,0.0,7.09,0.72,17.7,49.03
686,3,0.0,3.54,1.15,0.6,36.35
704,73,0.0,2.94,0.0,10.9,33.76
2824,182,0.45,3.64,2.11,18.8,42.2
3157,166,0.31,6.94,2.72,19.3,56.95
1155,546,5.07,27.03,8.73,30.8,84.68
1237,622,5.85,23.09,8.28,31.2,80.43
1620,436,3.09,15.52,5.06,28.1,62.75
1039,499,5.79,26.14,9.22,27.6,78.94
3018,171,0.1,8.72,2.18,19.5,41.02
1505,287,4.06,17.9,5.07,20.1,62.42
765,0,0.0,0.69,0.25,0.2,30.4
2984,130,1.56,9.43,2.94,22.1,54.61
2959,172,0.07,7.55,1.6,16.4,43.77
1044,580,5.71,26.41,8.92,30.7,84.79
689,0,0.0,6.23,0.56,0.0,21.92
1583,353,3.1,20.27,4.27,24.7,60.53
872,0,0.09,2.84,1.59,0.2,29.66
1482,323,2.5,18.12,5.24,30.3,59.12
2740,169,0.0,10.66,2.52,21.9,49.75
1332,449,3.91,19.23,6.46,22.5,64.03
1452,399,3.3,16.76,5.51,23.3,66.11
979,593,5.91,26.31,8.75,29.5,71.47
1486,502,3.53,19.07,4.95,23.5,68.34
1256,559,6.32,27.84,8.79,26.9,73.88
884,0,0.0,4.04,1.01,1.5,28.29
1456,327,3.68,18.65,6.14,26.8,58.37
1112,688,6.41,25.46,7.83,30.2,71.51
433,0,0.0,0.0,0.48,0.0,23.15
674,0,0.0,1.11,0.36,1.8,34.07
915,669,6.04,24.33,9.44,20.6,74.22
615,0,0.0,4.64,0.79,0.0,33.16
2986,224,0.6,7.71,1.24,16.3,53.48
715,0,0.26,2.23,1.85,0.0,27.69
581,0,0.18,0.0,0.36,0.0,30.81
2981,128,0.84,9.29,0.58,16.7,48.97
730,0,0.05,2.6,0.26,2.4,29.69
1610,382,3.22,14.42,4.71,28.8,61.13
2977,162,1.05,10.79,1.48,18.5,54.46
1499,447,3.62,20.3,5.09,22.3,61.48
2918,197,0.04,7.16,2.39,17.2,45.06
1373,343,3.54,17.19,5.35,22.5,62.75
1444,419,3.69,17.29,5.1,18.9,71.1
1459,466,3.32,20.17,4.72,26.5,57.54
1105,600,5.75,27.23,8.91,36.4,79.63
792,0,0.0,3.27,0.03,4.0,24.49
1370,402,4.02,18.81,5.65,25.5,59.78
950,612,5.42,23.84,8.1,26.0,68.33
834,0,0.0,3.58,0.6,6.3,27.31
1005,635,5.95,23.49,8.47,25.3,70.88
1098,682,5.29,26.73,9.19,30.3,80.43
3127,273,0.53,10.06,2.64,18.1,53.51
950,528,5.62,22.05,8.06,30.6,83.2
612,19,0.23,0.0,0.29,1.8,34.27
1480,382,3.97,16.25,6.41,21.5,60.55
754,25,0.0,3.98,0.0,2.8,27.24
1142,676,6.32,26.32,9.05,30.6,79.3
1558,329,3.62,19.57,5.35,29.9,59.03
1244,614,5.6,26.32,7.94,28.4,80.75
2929,254,0.56,8.03,3.14,18.6,49.32
1361,384,3.71,17.82,5.21,25.0,56.4
1006,616,5.48,27.7,8.8,28.2,78.79
1385,422,3.75,17.95,5.18,32.9,60.04
737,0,0.16,2.0,1.66,3.0,27.66
1180,719,5.91,27.09,9.31,33.3,86.36
1064,607,6.46,26.33,9.54,34.2,77.64
3066,153,0.39,10.96,1.88,17.6,49.36
1835,383,3.22,14.55,6.23,29.8,74.7
1370,385,3.84,18.9,5.62,27.7,67.28
1434,412,3.97,15.92,5.42,32.5,60.75
3324,169,0.95,8.01,1.43,18.8,42.31
3145,220,0.7,5.08,2.73,14.1,39.5
3200,187,0.49,8.29,1.03,17.8,44.46
2761,276,0.6,10.5,1.98,19.5,44.72
3037,206,0.32,12.03,2.4,21.3,48.66
1029,585,6.41,25.46,8.78,27.1,80.68
582,46,0.0,1.21,0.0,1.7,27.31
1030,567,5.85,26.78,7.68,32.4,69.46
1524,381,3.94,18.1,5.04,26.2,67.32
1614,323,3.48,20.98,7.37,20.2,57.55
2979,136,0.5,12.78,2.67,23.8,47.89
1411,339,3.72,19.93,6.38,27.0,70.77
2740,182,0.92,10.51,2.69,19.8,43.83
2905,212,0.38,8.7,2.48,20.3,37.62
1029,598,5.43,25.17,8.75,30.7,82.63
600,17,0.0,0.26,0.0,4.3,32.98
1436,394,2.95,17.76,5.73,21.5,62.34
1287,379,3.54,15.12,5.55,27.8,58.37
2953,81,1.11,8.35,2.59,22.8,50.49
1309,361,3.66,15.94,5.46,25.6,63.26
738,0,0.14,4.39,0.0,6.8,23.34
1517,356,3.75,22.92,5.38,19.5,59.85
1400,352,2.89,17.79,6.48,21.1,64.24
901,571,5.72,29.86,7.13,27.9,87.42
682,0,0.29,0.0,0.48,0.0,23.68
3137,176,1.09,11.59,1.88,19.8,41.84
734,121,0.07,0.08,0.0,0.0,29.81
2703,169,0.94,6.73,2.63,15.2,48.68
2727,139,1.49,10.46,1.29,14.3,43.53
1385,415,3.46,17.55,5.75,24.0,64.0
3202,295,0.0,10.35,1.78,21.8,40.26
989,621,6.07,23.99,9.01,31.1,79.16
1535,392,3.64,15.06,6.51,28.6,63.71
1346,676,5.69,27.9,8.12,28.1,76.85
2950,133,0.0,8.48,3.18,15.2,48.39
3066,97,0.25,9.52,2.47,19.9,44.23
2830,170,0.38,11.87,2.42,12.1,50.31
2770,164,0.09,11.74,2.27,17.0,44.14
707,37,0.0,1.13,0.0,4.6,27.89
1477,385,2.41,16.33,5.75,23.6,59.53
3031,166,0.45,8.14,3.12,21.5,58.22
2906,105,0.47,14.25,2.31,15.4,48.94
876,0,0.23,0.37,0.92,4.4,31.12
1643,401,3.4,19.04,5.32,24.2,58.42
3011,202,0.25,8.33,1.67,13.9,50.53
2845,196,0.93,6.18,2.39,16.7,51.16
726,0,0.07,0.92,0.0,1.7,30.87
1612,448,3.8,14.54,5.4,24.6,58.23
3045,110,0.88,8.13,2.39,14.5,43.01
1444,494,4.01,18.76,4.7,29.2,73.4
3031,163,0.47,9.54,1.91,14.7,46.96
1548,445,3.25,20.18,6.01,27.2,65.52
859,50,0.0,0.0,0.58,6.1,19.86
1639,385,3.06,18.45,4.16,22.5,53.68
1332,396,3.84,14.99,5.01,23.6,54.39
1501,357,3.1,15.92,6.15,26.0,62.2
1610,448,3.19,17.82,6.04,27.8,77.41
1414,408,3.61,18.16,4.09,25.5,58.8
1021,514,5.75,26.21,8.99,28.2,84.05
1575,412,2.97,17.94,4.91,29.7,63.97
1755,349,3.67,17.39,4.94,31.1,53.32
3103,167,1.04,9.25,2.49,22.2,56.55
1619,393,3.14,21.72,5.89,28.1,65.6
1227,542,5.6,26.62,8.25,34.0,71.46
2740,185,0.05,9.89,3.41,19.0,50.7
1563,469,4.26,17.19,6.0,23.3,59.69
1377,404,2.97,19.27,5.23,24.9,60.38
2939,251,1.23,7.7,2.87,19.1,44.62
3170,155,0.89,4.53,1.55,18.3,46.88
1131,668,6.39,25.66,9.0,24.5,71.17
1574,358,3.45,17.21,5.68,25.4,64.43
798,0,0.03,0.0,0.54,4.4,39.65
3090,270,0.93,8.14,2.24,12.0,53.68
1169,653,6.44,28.58,8.42,34.9,82.99
1279,464,3.99,22.67,4.66,19.9,60.22
648,0,0.61,2.21,2.09,2.1,31.08
799,0,0.0,0.8,0.58,1.6,32.88
2941,234,0.66,8.45,1.47,18.3,46.05
774,679,5.98,26.02,9.26,31.0,78.49
1025,569,5.63,23.79,7.43,28.2,67.11
1324,457,3.92,16.85,4.72,28.1,66.25
2903,78,0.5,7.64,2.06,24.0,49.56
1486,435,3.73,19.82,4.5,26.6,67.29
3081,247,1.02,11.36,2.22,19.1,45.41
1245,701,6.11,25.04,8.59,31.1,75.31
529,87,0.65,0.76,1.0,0.1,36.19
1456,331,2.95,19.56,6.61,23.8,57.81
3186,137,0.76,10.46,1.87,19.7,53.88
953,576,6.74,28.32,9.05,30.8,83.95
1481,459,3.26,18.71,5.87,23.6,56.93
709,0,0.0,1.73,0.24,5.2,23.49
3062,246,1.17,9.91,1.5,18.7,42.14
1031,546,6.27,22.82,8.65,32.2,84.08
3094,140,0.15,6.5,2.87,17.4,39.79
3188,199,0.3,7.21,3.77,21.0,42.68
1594,408,3.73,16.48,5.99,22.7,54.74
2992,98,1.01,10.0,2.37,18.3,40.94
2969,231,0.0,8.55,1.76,17.2,50.64
1603,397,3.3,16.76,5.85,21.8,61.2
1087,562,5.96,24.26,8.28,32.8,79.17
846,0,0.27,0.38,1.2,4.4,25.51
1223,400,3.76,19.72,5.33,28.4,62.65
2941,109,1.16,6.2,2.39,21.7,48.45
3000,229,0.63,7.53,2.68,16.0,49.96
664,14,0.14,0.12,0.26,2.7,27.97
566,0,0.5,5.69,0.0,4.9,28.82
1378,342,3.32,15.12,4.99,28.0,59.18
919,630,6.15,24.86,8.31,32.9,76.86
3069,212,0.93,13.57,1.64,18.4,52.09
1600,326,3.23,17.85,6.8,27.6,58.65
564,0,0.0,0.28,0.87,0.9,35.09
1598,375,3.57,19.56,6.7,21.4,62.56
2942,163,0.39,10.18,3.09,16.8,43.3
1524,497,3.7,17.42,6.36,27.1,70.8
1562,434,3.86,17.93,4.8,24.7,59.2
1520,369,3.56,13.72,4.29,22.4,56.8
1378,354,3.94,18.88,6.36,25.9,63.97
699,0,0.0,2.48,0.55,4.7,30.54
1238,609,5.56,24.16,7.57,29.3,68.86
798,29,0.45,2.94,0.0,4.8,24.25
2918,195,0.55,9.43,2.04,17.1,49.32
543,47,0.78,0.0,1.28,1.2,20.67
1151,572,5.72,23.37,8.96,33.1,86.67
3103,108,0.05,10.32,2.41,21.2,47.14
2984,149,0.06,5.19,2.74,23.1,50.03
1044,632,6.54,23.53,8.08,30.9,73.02
1211,621,5.4,25.62,8.62,23.8,74.17
1574,302,3.49,21.37,5.21,24.1,59.35
1571,387,3.82,17.69,5.78,22.1,65.31
1143,584,6.01,25.53,8.23,31.9,79.4
954,528,5.7,26.85,8.26,35.4,75.54
1153,667,5.63,28.24,9.82,26.9,79.58
2798,144,0.69,4.9,1.35,14.6,51.58
2979,147,0.4,10.31,0.66,21.2,45.36
1288,621,5.65,22.0,8.66,31.7,73.56
839,0,0.0,0.43,0.26,0.0,30.47
1068,532,6.29,22.87,8.68,28.8,79.23
650,0,0.41,1.44,0.68,1.8,28.49
2800,150,0.6,6.09,0.93,18.7,48.19
1704,443,3.99,18.02,6.23,30.3,54.07
1582,489,3.33,17.91,6.0,28.5,65.78
2915,129,0.0,8.23,2.93,13.6,47.05
514,0,0.0,1.81,1.7,3.2,31.53
1415,435,3.33,23.04,5.13,28.1,61.97
1273,621,6.03,24.78,9.72,31.0,80.31
1473,448,3.72,13.93,5.08,21.9,60.0
3195,320,0.38,9.92,3.65,15.6,45.88
2895,206,0.27,6.8,3.77,14.2,47.97
1609,349,3.06,17.78,5.96,29.8,62.55
632,50,0.75,0.56,0.0,0.8,27.26
738,0,0.0,1.32,1.32,0.0,30.59
1028,781,6.42,27.38,8.03,32.1,81.48
2844,183,0.6,14.19,1.1,14.3,52.64
1039,658,6.15,27.75,9.08,25.2,82.17
1088,633,5.8,25.85,8.42,32.1,69.61
1018,521,5.59,25.89,8.7,25.8,79.41
1510,259,3.57,19.85,4.48,23.5,56.08
684,22,0.2,0.82,0.09,6.6,27.31
3012,195,0.49,12.05,2.24,16.3,44.93
2880,203,0.58,9.55,1.91,14.4,43.0
1637,448,3.49,20.62,6.06,27.2,61.71
3066,189,1.0,9.84,3.65,15.2,51.8
629,2,0.23,1.96,0.0,6.4,31.26
2839,139,0.64,4.73,1.51,14.4,54.27
618,0,0.07,0.0,0.15,0.0,24.4
831,0,0.0,3.3,1.62,2.8,27.03
1540,428,4.45,17.79,6.57,27.1,63.56
1373,392,3.23,20.44,5.46,22.3,60.79
1485,440,3.03,21.26,5.4,23.8,56.03
976,570,6.45,27.38,8.79,30.3,88.87
2880,139,1.44,9.21,2.33,18.2,53.59
2895,215,0.44,7.19,3.41,16.9,48.35
569,36,0.44,0.0,0.22,0.0,20.02
1034,608,6.29,25.66,8.76,30.0,77.6
2864,120,0.82,6.95,2.16,15.6,47.54
696,15,0.1,3.03,0.0,2.0,20.77
1088,582,5.85,27.22,8.4,25.3,75.47
1838,500,3.54,17.74,4.93,27.8,60.35
878,0,0.07,3.23,0.0,0.9,25.83
1607,424,3.58,17.41,6.78,23.3,71.71
741,59,0.76,1.97,0.0,0.2,29.66
815,0,0.0,4.97,0.15,6.6,36.22
688,66,0.0,4.35,0.35,2.6,29.93
687,76,0.11,5.45,0.87,0.0,18.09
2839,178,0.17,9.54,2.09,17.2,43.04
3192,106,0.53,13.74,2.33,13.6,49.96
692,0,0.0,0.0,0.0,4.1,19.87
721,13,0.0,0.0,0.6,1.3,31.53
698,13,0.0,0.0,0.54,0.2,26.0
3066,178,0.39,8.34,2.21,21.0,51.37
1278,420,3.55,19.76,5.24,24.0,70.92
3173,157,0.98,7.31,2.47,17.3,49.1
725,133,0.0,5.76,0.9,1.2,24.28
571,0,0.0,1.25,0.0,0.0,31.63
3022,238,0.61,10.53,2.1,20.3,50.92
826,76,0.58,2.54,0.11,2.9,33.98
1552,427,2.83,18.07,4.96,31.3,61.03
2761,106,0.49,9.42,1.6,18.5,44.44
2994,229,0.38,7.95,1.16,20.8,43.91
897,0,0.43,4.6,0.0,0.0,25.3
3067,206,0.9,8.85,3.64,15.7,40.59
1622,422,3.83,17.83,3.05,24.7,62.53
734,0,0.0,5.03,0.49,3.8,31.8
1397,470,3.28,17.64,5.39,23.5,63.3
1266,670,5.72,24.02,8.18,29.2,78.88
3017,252,0.34,9.25,2.5,18.8,48.07
3029,150,0.46,5.01,2.1,15.8,54.67
3110,185,0.92,6.26,2.41,22.8,58.05
3173,208,1.16,8.7,1.59,18.8,42.69
977,549,6.2,27.2,9.0,26.7,78.82
717,0,0.0,0.94,0.41,6.4,39.02
2960,236,0.15,7.9,1.1,12.9,46.31
